"requirement_id","parent_requirement_id","exact_constitution_part","exact_constitution_section","verified_exact_line_range","source_wording","source_digest_sha256","source_summary","source_modality","requirement_type","delivery_target","classification","responsible_layer","dependencies","atomic_acceptance_criteria","related_phase_0_document","evidence_requirement","owner_approval_state","implementation_status"
"REQ-001.01","REQ-001","Part 1","AI Master Instruction and Primary Objective","L9–L63","AI MASTER INSTRUCTION / You are NOT a coding assistant. / You are an elite team of professionals working together as one AI. / You must simultaneously think and work as: / CEO / CTO / Product Owner / Business Consultant / Product Strategist / Startup Advisor / SaaS Architect / Senior Software Architect / Senior PHP/Laravel Engineer (or recommend a better stack if justified) / Database Architect / Cloud Infrastructure Engineer / DevOps Engineer / Security Engineer / QA Engineer / Performance Engineer / UI Designer / UX Researcher / SEO Expert / Digital Marketing Strategist / Content Marketing Expert / Technical Writer / Documentation Specialist / System Analyst / Do not immediately begin writing code.","acbb9be43379dec58271b890773036fbfc7550c7a7d58d2cbdee920f4e5d0102","The delivery agent operates as a multidisciplinary product, engineering, security, operations, design, marketing, QA, and documentation organization rather than immediately acting as a coding assistant.","MUST","Governance","Pre-implementation deliverable","CD","Shared governance","None stated by the Constitution","Workflow and audit evidence confirm this statement: “The delivery agent operates as a multidisciplinary product, engineering, security, operations, design, marketing, QA, and documentation organization rather than immediately acting as a coding assistant.”","Phase 0 documentation/roadmap deliverable (identifier pending ODR-001)","Approval/audit record showing the required gate or workflow was followed.","Pending independent review","Not started"
"REQ-001.02","REQ-001","Part 1","AI Master Instruction and Primary Objective","L63–L65","Do not immediately begin writing code. / Your responsibility is to build a complete business and software ecosystem exactly like a professional software company.","86af1b83e425cfdbdec98290084edbc84116228fc7287e94136e2b794a84549a","The work produces a complete business and software ecosystem before implementation begins.","MUST","Governance","Pre-implementation deliverable","CD","Shared governance","None stated by the Constitution","Workflow and audit evidence confirm this statement: “The work produces a complete business and software ecosystem before implementation begins.”","Phase 0 documentation/roadmap deliverable (identifier pending ODR-001)","Approval/audit record showing the required gate or workflow was followed.","Pending independent review","Not started"
"REQ-001.03","REQ-001","Part 1","AI Master Instruction and Primary Objective","L69–L75","YOUR PRIMARY OBJECTIVE / Design and build EarnPearls, a modern, scalable, secure, trustworthy, and highly optimized Rewards Platform. / EarnPearls is NOT merely a survey website. / It is a long-term Rewards Platform that initially launches with surveys and a limited number of partner offers. The architecture must support future expansion without requiring major rewrites.","e3d9f2ca5067dae830d02cb5413b65202823410ebb6211ddab774feff8fb2253","EarnPearls is designed as a modern, scalable, secure, trustworthy, and highly optimized rewards platform.","MUST","Non-functional","V1","CD","Shared","None stated by the Constitution","A defined measurement or design review confirms this statement: “EarnPearls is designed as a modern, scalable, secure, trustworthy, and highly optimized rewards platform.”","Business/Product/Technical Blueprint (identifier pending ODR-001)","Defined metric/standard plus measured result or documented review.","Pending independent review","Not started"
"REQ-001.04","REQ-001","Part 1","AI Master Instruction and Primary Objective","L73–L75","EarnPearls is NOT merely a survey website. / It is a long-term Rewards Platform that initially launches with surveys and a limited number of partner offers. The architecture must support future expansion without requiring major rewrites.","f38e585739cde219c3957abdaf6b3bb41f7527c1ce03d598f18c7a9e36580b22","The architecture supports future product expansion without requiring major rewrites.","MUST","Non-functional","V1","CD","Architecture","None stated by the Constitution","A defined measurement or design review confirms this statement: “The architecture supports future product expansion without requiring major rewrites.”","Business/Product/Technical Blueprint (identifier pending ODR-001)","Defined metric/standard plus measured result or documented review.","Pending independent review","Not started"
"REQ-001.05","REQ-001","Part 1","AI Master Instruction and Primary Objective","L77–L103; L123","Future features may include: / Survey Providers / Offerwalls / Partner Sign-up Offers / Referral System / Leaderboards / Daily Rewards / Reward Games / Cashback / Gift Cards / Promotional Campaigns / Loyalty Programs / Mobile Applications / AI Automation || Everything else should be designed for future expansion.","5fdc94f3a913324d17cbeaf717054e6fa91e3c4671635ad1c8464de9b06a9f8f","The architecture records the listed future capability families as potential expansion domains without treating them as activated V1 features.","MAY","Documentation","Future","FRR","Architecture","None stated by the Constitution","The named artifact exists, addresses this statement, and is traceable to the cited lines: “The architecture records the listed future capability families as potential expansion domains without treating them as activated V1 features.”","Phase 0 documentation/roadmap deliverable (identifier pending ODR-001)","Versioned artifact plus reviewer sign-off and citation trace.","Pending independent review","Not started"
"REQ-001.06","REQ-001","Part 1","AI Master Instruction and Primary Objective","L109; L111","The initial launch should prioritize: || Surveys","905b5a0a49ac4ebdf19b8b9b579f2b3b8dc9389a5420c6b91a5721c18e944d92","Version 1 prioritizes surveys.","SHOULD","Functional","V1","CBR","Backend","None stated by the Constitution","An acceptance test confirms this statement: “Version 1 prioritizes surveys.”","Business/Product/Technical Blueprint (identifier pending ODR-001)","Passing functional test and relevant audit/event record where applicable.","Pending independent review","Not started"
"REQ-001.07","REQ-001","Part 1","AI Master Instruction and Primary Objective","L109; L113","The initial launch should prioritize: || Wallet","ddef96b33d1680a1164c8080033ab73fa3841ca7eed6c0e9aa7f46a14dd8c8f4","Version 1 prioritizes the wallet.","SHOULD","Functional","V1","CBR","Backend","None stated by the Constitution","An acceptance test confirms this statement: “Version 1 prioritizes the wallet.”","Business/Product/Technical Blueprint (identifier pending ODR-001)","Passing functional test and relevant audit/event record where applicable.","Pending independent review","Not started"
"REQ-001.08","REQ-001","Part 1","AI Master Instruction and Primary Objective","L109; L115","The initial launch should prioritize: || Rewards","30754de8f48edcf8fa4e4a4b187ef6c9811660e51a9ea9388efec5ac4313d111","Version 1 prioritizes rewards.","SHOULD","Functional","V1","CBR","Backend","None stated by the Constitution","An acceptance test confirms this statement: “Version 1 prioritizes rewards.”","Business/Product/Technical Blueprint (identifier pending ODR-001)","Passing functional test and relevant audit/event record where applicable.","Pending independent review","Not started"
"REQ-001.09","REQ-001","Part 1","AI Master Instruction and Primary Objective","L109; L117","The initial launch should prioritize: || User Experience","8f57842c5ea4baa65a309771d91e3fe300ac7b673350d3d19bd1f26da2e873d0","Version 1 prioritizes user experience.","SHOULD","Functional","V1","CBR","Shared","None stated by the Constitution","An acceptance test confirms this statement: “Version 1 prioritizes user experience.”","Business/Product/Technical Blueprint (identifier pending ODR-001)","Passing functional test and relevant audit/event record where applicable.","Pending independent review","Not started"
"REQ-001.10","REQ-001","Part 1","AI Master Instruction and Primary Objective","L109; L119","The initial launch should prioritize: || Trust","ea411aeb256dfe14184d2b8649d19ed6666516bcd2f295c9ea05ac394dfd1edb","Version 1 prioritizes user trust.","SHOULD","Non-functional","V1","REC","Shared","None stated by the Constitution","A defined measurement or design review confirms this statement: “Version 1 prioritizes user trust.”","Business/Product/Technical Blueprint (identifier pending ODR-001)","Defined metric/standard plus measured result or documented review.","Pending independent review","Not started"
"REQ-001.11","REQ-001","Part 1","AI Master Instruction and Primary Objective","L109; L121","The initial launch should prioritize: || Scalability","8d60eee7ec75449585d478339d2499c0fcf2c53b63f89e8032f358e4a239f0f1","Version 1 prioritizes scalability.","SHOULD","Non-functional","V1","REC","Architecture","None stated by the Constitution","A defined measurement or design review confirms this statement: “Version 1 prioritizes scalability.”","Business/Product/Technical Blueprint (identifier pending ODR-001)","Defined metric/standard plus measured result or documented review.","Pending independent review","Not started"
"REQ-002.01","REQ-002","Part 1","Controlled Blueprint Workflow","L127–L131; L301","IMPORTANT WORKFLOW / Never begin development immediately. / Follow this exact sequence. || Only after all blueprints are finalized may implementation begin.","cd8230e163f6fbd9fae619f047575c41b77e0d6b5baa448b57944481aa0fea9c","Development does not begin until the prescribed analysis and blueprint sequence is completed.","MUST","Governance","Pre-implementation deliverable","CD","Shared governance","None stated by the Constitution","Workflow and audit evidence confirm this statement: “Development does not begin until the prescribed analysis and blueprint sequence is completed.”","Phase 0 documentation/roadmap deliverable (identifier pending ODR-001)","Approval/audit record showing the required gate or workflow was followed.","Pending independent review","Not started"
"REQ-002.02","REQ-002","Part 1","Controlled Blueprint Workflow","L131; L135","Follow this exact sequence. || Understand the complete business.","de0a7afa6be6b95f5e4e636bf65bbd470e6434cfae33a78ac2efa52eedf8cf43","Phase 1 documents a complete understanding of the business.","MUST","Governance","Pre-implementation deliverable","CD","Shared governance","None stated by the Constitution","Workflow and audit evidence confirm this statement: “Phase 1 documents a complete understanding of the business.”","Phase 0 documentation/roadmap deliverable (identifier pending ODR-001)","Approval/audit record showing the required gate or workflow was followed.","Pending independent review","Not started"
"REQ-002.03","REQ-002","Part 1","Controlled Blueprint Workflow","L131; L137","Follow this exact sequence. || Study every requirement.","989c27494872362cdd9ece43dfb2c9a625584d19eae08d65ce5c306baea4d997","Phase 1 studies every requirement.","MUST","Governance","Pre-implementation deliverable","CD","Shared governance","None stated by the Constitution","Workflow and audit evidence confirm this statement: “Phase 1 studies every requirement.”","Phase 0 documentation/roadmap deliverable (identifier pending ODR-001)","Approval/audit record showing the required gate or workflow was followed.","Pending independent review","Not started"
"REQ-002.04","REQ-002","Part 1","Controlled Blueprint Workflow","L131; L139","Follow this exact sequence. || Identify weaknesses.","03695c3d34c4601a270affeade9cd32475ad552ad7e0914d7eb847e5f09ffea5","Phase 1 identifies weaknesses.","MUST","Governance","Pre-implementation deliverable","CD","Shared governance","None stated by the Constitution","Workflow and audit evidence confirm this statement: “Phase 1 identifies weaknesses.”","Phase 0 documentation/roadmap deliverable (identifier pending ODR-001)","Approval/audit record showing the required gate or workflow was followed.","Pending independent review","Not started"
"REQ-002.05","REQ-002","Part 1","Controlled Blueprint Workflow","L131; L141","Follow this exact sequence. || Suggest improvements.","d102455f7a8dfdbad4e9f3f17da9638eb84de885de8a4898304687e16f8e1594","Phase 1 proposes improvements.","MUST","Governance","Pre-implementation deliverable","CD","Shared governance","None stated by the Constitution","Workflow and audit evidence confirm this statement: “Phase 1 proposes improvements.”","Phase 0 documentation/roadmap deliverable (identifier pending ODR-001)","Approval/audit record showing the required gate or workflow was followed.","Pending independent review","Not started"
"REQ-002.06","REQ-002","Part 1","Controlled Blueprint Workflow","L131; L143","Follow this exact sequence. || Challenge assumptions.","90cb2e64b55b1f2d14ac137c66437a9bfe7fc0788ada5ef0eb85a852c6f6e7f6","Phase 1 challenges assumptions.","MUST","Governance","Pre-implementation deliverable","CD","Shared governance","None stated by the Constitution","Workflow and audit evidence confirm this statement: “Phase 1 challenges assumptions.”","Phase 0 documentation/roadmap deliverable (identifier pending ODR-001)","Approval/audit record showing the required gate or workflow was followed.","Pending independent review","Not started"
"REQ-002.07","REQ-002","Part 1","Controlled Blueprint Workflow","L131; L145","Follow this exact sequence. || Recommend better alternatives whenever appropriate.","fe8cfef9666caa5dfdfd60c4f20737947b14a9b6be6bffa652017c85d858913d","Phase 1 recommends better alternatives when appropriate.","MUST","Governance","Pre-implementation deliverable","CD","Shared governance","None stated by the Constitution","Workflow and audit evidence confirm this statement: “Phase 1 recommends better alternatives when appropriate.”","Phase 0 documentation/roadmap deliverable (identifier pending ODR-001)","Approval/audit record showing the required gate or workflow was followed.","Pending independent review","Not started"
"REQ-002.08","REQ-002","Part 1","Controlled Blueprint Workflow","L149–L155","Phase 2 / Create a complete Business Blueprint. / This blueprint must contain a minimum of approximately 100 pages. / It should be detailed enough that a new company could operate solely from this document.","ef9144f336edf1b89850e6ddabaf14858f97989b41a98f96b90972003a954de9","Phase 2 produces a complete Business Blueprint.","MUST","Documentation","Pre-implementation deliverable","CD","Shared governance","None stated by the Constitution","The named artifact exists, addresses this statement, and is traceable to the cited lines: “Phase 2 produces a complete Business Blueprint.”","Phase 0 documentation/roadmap deliverable (identifier pending ODR-001)","Versioned artifact plus reviewer sign-off and citation trace.","Pending independent review","Not started"
"REQ-002.09","REQ-002","Part 1","Controlled Blueprint Workflow","L151–L155","Create a complete Business Blueprint. / This blueprint must contain a minimum of approximately 100 pages. / It should be detailed enough that a new company could operate solely from this document.","44a682ee37820dc6bf2ecb29c47f6b74be3540e0cf03f927e682ab667ea94933","The Business Blueprint targets approximately 100 pages and sufficient operational depth for a new company to operate from it.","MUST","Documentation","Pre-implementation deliverable","CD","Shared governance","None stated by the Constitution","The named artifact exists, addresses this statement, and is traceable to the cited lines: “The Business Blueprint targets approximately 100 pages and sufficient operational depth for a new company to operate from it.”","Phase 0 documentation/roadmap deliverable (identifier pending ODR-001)","Versioned artifact plus reviewer sign-off and citation trace.","Pending independent review","Not started"
"REQ-002.10","REQ-002","Part 1","Controlled Blueprint Workflow","L157; L159","The Business Blueprint should include (among other things): || Executive Summary","8c4c1207d865aacdc06b81b9c174ad27c2257346318c037ddc2df0d164ef21af","The Business Blueprint includes an Executive Summary.","SHOULD","Documentation","Pre-implementation deliverable","REC","Shared governance","None stated by the Constitution","The named artifact exists, addresses this statement, and is traceable to the cited lines: “The Business Blueprint includes an Executive Summary.”","Phase 0 documentation/roadmap deliverable (identifier pending ODR-001)","Versioned artifact plus reviewer sign-off and citation trace.","Pending independent review","Not started"
"REQ-002.11","REQ-002","Part 1","Controlled Blueprint Workflow","L157; L161","The Business Blueprint should include (among other things): || Vision","573fd54e0fb0cf13688a696389698886a7705f65ee8ecd0b8da56d031ba433e0","The Business Blueprint includes the Vision.","SHOULD","Documentation","Pre-implementation deliverable","REC","Shared governance","None stated by the Constitution","The named artifact exists, addresses this statement, and is traceable to the cited lines: “The Business Blueprint includes the Vision.”","Phase 0 documentation/roadmap deliverable (identifier pending ODR-001)","Versioned artifact plus reviewer sign-off and citation trace.","Pending independent review","Not started"
"REQ-002.12","REQ-002","Part 1","Controlled Blueprint Workflow","L157; L163","The Business Blueprint should include (among other things): || Mission","71cbfa0fd93984265a151d0136253d806ec98f8c775b6812151eb84b41a80e0d","The Business Blueprint includes the Mission.","SHOULD","Documentation","Pre-implementation deliverable","REC","Shared governance","None stated by the Constitution","The named artifact exists, addresses this statement, and is traceable to the cited lines: “The Business Blueprint includes the Mission.”","Phase 0 documentation/roadmap deliverable (identifier pending ODR-001)","Versioned artifact plus reviewer sign-off and citation trace.","Pending independent review","Not started"
"REQ-002.13","REQ-002","Part 1","Controlled Blueprint Workflow","L157; L165","The Business Blueprint should include (among other things): || Brand Strategy","9983d8726a5f14c8f74a7d32ad121dbae6f2af461bb073123c7fc9f9b7faa13b","The Business Blueprint includes Brand Strategy.","SHOULD","Documentation","Pre-implementation deliverable","REC","Shared governance","None stated by the Constitution","The named artifact exists, addresses this statement, and is traceable to the cited lines: “The Business Blueprint includes Brand Strategy.”","Phase 0 documentation/roadmap deliverable (identifier pending ODR-001)","Versioned artifact plus reviewer sign-off and citation trace.","Pending independent review","Not started"
"REQ-002.14","REQ-002","Part 1","Controlled Blueprint Workflow","L157; L167","The Business Blueprint should include (among other things): || Market Analysis","10c40dcd5314f557e7ff13adfc446af86f2b92c3a3882f713934eb2c25f57ca1","The Business Blueprint includes Market Analysis.","SHOULD","Documentation","Pre-implementation deliverable","REC","Shared governance","None stated by the Constitution","The named artifact exists, addresses this statement, and is traceable to the cited lines: “The Business Blueprint includes Market Analysis.”","Phase 0 documentation/roadmap deliverable (identifier pending ODR-001)","Versioned artifact plus reviewer sign-off and citation trace.","Pending independent review","Not started"
"REQ-002.15","REQ-002","Part 1","Controlled Blueprint Workflow","L157; L169","The Business Blueprint should include (among other things): || Competitor Analysis","679b1bd8dd789e0b6a06bfb282fa7915ce82114cf99e92bbe71fd9e19a802ef8","The Business Blueprint includes Competitor Analysis.","SHOULD","Documentation","Pre-implementation deliverable","REC","Shared governance","None stated by the Constitution","The named artifact exists, addresses this statement, and is traceable to the cited lines: “The Business Blueprint includes Competitor Analysis.”","Phase 0 documentation/roadmap deliverable (identifier pending ODR-001)","Versioned artifact plus reviewer sign-off and citation trace.","Pending independent review","Not started"
"REQ-002.16","REQ-002","Part 1","Controlled Blueprint Workflow","L157; L171","The Business Blueprint should include (among other things): || SWOT Analysis","8972832843291b2651420c4e5ac894d2f5167bab0d6b15a89e8a123586391549","The Business Blueprint includes SWOT Analysis.","SHOULD","Documentation","Pre-implementation deliverable","REC","Shared governance","None stated by the Constitution","The named artifact exists, addresses this statement, and is traceable to the cited lines: “The Business Blueprint includes SWOT Analysis.”","Phase 0 documentation/roadmap deliverable (identifier pending ODR-001)","Versioned artifact plus reviewer sign-off and citation trace.","Pending independent review","Not started"
"REQ-002.17","REQ-002","Part 1","Controlled Blueprint Workflow","L157; L173","The Business Blueprint should include (among other things): || Revenue Model","afb42b843e67e5a787562347f002e8580547530f84c686094d33f853c794f816","The Business Blueprint includes the Revenue Model.","SHOULD","Documentation","Pre-implementation deliverable","REC","Shared governance","None stated by the Constitution","The named artifact exists, addresses this statement, and is traceable to the cited lines: “The Business Blueprint includes the Revenue Model.”","Phase 0 documentation/roadmap deliverable (identifier pending ODR-001)","Versioned artifact plus reviewer sign-off and citation trace.","Pending independent review","Not started"
"REQ-002.18","REQ-002","Part 1","Controlled Blueprint Workflow","L157; L175","The Business Blueprint should include (among other things): || Growth Strategy","206ea8b404ca11c536d395ef47a4849174f00268a63034419b6ed337b629fad6","The Business Blueprint includes Growth Strategy.","SHOULD","Documentation","Pre-implementation deliverable","REC","Shared governance","None stated by the Constitution","The named artifact exists, addresses this statement, and is traceable to the cited lines: “The Business Blueprint includes Growth Strategy.”","Phase 0 documentation/roadmap deliverable (identifier pending ODR-001)","Versioned artifact plus reviewer sign-off and citation trace.","Pending independent review","Not started"
"REQ-002.19","REQ-002","Part 1","Controlled Blueprint Workflow","L157; L177","The Business Blueprint should include (among other things): || User Journey","b2e2d37507eb23fb008a111e0c85b0924870c89562fc510f126807475c3731cd","The Business Blueprint includes the User Journey.","SHOULD","Documentation","Pre-implementation deliverable","REC","Shared governance","None stated by the Constitution","The named artifact exists, addresses this statement, and is traceable to the cited lines: “The Business Blueprint includes the User Journey.”","Phase 0 documentation/roadmap deliverable (identifier pending ODR-001)","Versioned artifact plus reviewer sign-off and citation trace.","Pending independent review","Not started"
"REQ-002.20","REQ-002","Part 1","Controlled Blueprint Workflow","L157; L179","The Business Blueprint should include (among other things): || Customer Psychology","06ea70531629f350542a8603cb372feca3d29433f081d83184607e193e945225","The Business Blueprint includes Customer Psychology.","SHOULD","Documentation","Pre-implementation deliverable","REC","Shared governance","None stated by the Constitution","The named artifact exists, addresses this statement, and is traceable to the cited lines: “The Business Blueprint includes Customer Psychology.”","Phase 0 documentation/roadmap deliverable (identifier pending ODR-001)","Versioned artifact plus reviewer sign-off and citation trace.","Pending independent review","Not started"
"REQ-002.21","REQ-002","Part 1","Controlled Blueprint Workflow","L157; L181","The Business Blueprint should include (among other things): || Risk Analysis","fd34c06923bafcfe1c145e40c3c2f31d2928ed0d69e256063df4ec462ed5349f","The Business Blueprint includes Risk Analysis.","SHOULD","Documentation","Pre-implementation deliverable","REC","Shared governance","None stated by the Constitution","The named artifact exists, addresses this statement, and is traceable to the cited lines: “The Business Blueprint includes Risk Analysis.”","Phase 0 documentation/roadmap deliverable (identifier pending ODR-001)","Versioned artifact plus reviewer sign-off and citation trace.","Pending independent review","Not started"
"REQ-002.22","REQ-002","Part 1","Controlled Blueprint Workflow","L157; L183","The Business Blueprint should include (among other things): || Fraud Prevention Strategy","75d8a99f6e42f5ed842c013116637864e4ba8570bc960904770bbab0b09c4831","The Business Blueprint includes Fraud Prevention Strategy.","SHOULD","Documentation","Pre-implementation deliverable","REC","Shared governance","None stated by the Constitution","The named artifact exists, addresses this statement, and is traceable to the cited lines: “The Business Blueprint includes Fraud Prevention Strategy.”","Phase 0 documentation/roadmap deliverable (identifier pending ODR-001)","Versioned artifact plus reviewer sign-off and citation trace.","Pending independent review","Not started"
"REQ-002.23","REQ-002","Part 1","Controlled Blueprint Workflow","L157; L185","The Business Blueprint should include (among other things): || Product Roadmap","de3e788c9ccebc46fa4744e9db488500c238502732914b5623638ee1bc7fd090","The Business Blueprint includes the Product Roadmap.","SHOULD","Documentation","Pre-implementation deliverable","REC","Shared governance","None stated by the Constitution","The named artifact exists, addresses this statement, and is traceable to the cited lines: “The Business Blueprint includes the Product Roadmap.”","Phase 0 documentation/roadmap deliverable (identifier pending ODR-001)","Versioned artifact plus reviewer sign-off and citation trace.","Pending independent review","Not started"
"REQ-002.24","REQ-002","Part 1","Controlled Blueprint Workflow","L157; L187","The Business Blueprint should include (among other things): || Expansion Strategy","53a27de092af006a469adb11c996f8bb470544e39ed6ca88fcc41beee5031792","The Business Blueprint includes Expansion Strategy.","SHOULD","Documentation","Pre-implementation deliverable","REC","Shared governance","None stated by the Constitution","The named artifact exists, addresses this statement, and is traceable to the cited lines: “The Business Blueprint includes Expansion Strategy.”","Phase 0 documentation/roadmap deliverable (identifier pending ODR-001)","Versioned artifact plus reviewer sign-off and citation trace.","Pending independent review","Not started"
"REQ-002.25","REQ-002","Part 1","Controlled Blueprint Workflow","L157; L189","The Business Blueprint should include (among other things): || Long-Term Vision","1fcdbf7a54040b7b495b2f8bfba927539e3a15e20a8a29785009240f9fabba95","The Business Blueprint includes the Long-Term Vision.","SHOULD","Documentation","Pre-implementation deliverable","REC","Shared governance","None stated by the Constitution","The named artifact exists, addresses this statement, and is traceable to the cited lines: “The Business Blueprint includes the Long-Term Vision.”","Phase 0 documentation/roadmap deliverable (identifier pending ODR-001)","Versioned artifact plus reviewer sign-off and citation trace.","Pending independent review","Not started"
"REQ-002.26","REQ-002","Part 1","Controlled Blueprint Workflow","L193; L195","Phase 3 || Review your own Business Blueprint.","84ac97b05d7e480914f132ce8ab1019f20b5a54231bfd051a0a4ccd271beb3c9","Phase 3 reviews the Business Blueprint.","MUST","Governance","Pre-implementation deliverable","CD","Shared governance","None stated by the Constitution","Workflow and audit evidence confirm this statement: “Phase 3 reviews the Business Blueprint.”","Phase 0 documentation/roadmap deliverable (identifier pending ODR-001)","Approval/audit record showing the required gate or workflow was followed.","Pending independent review","Not started"
"REQ-002.27","REQ-002","Part 1","Controlled Blueprint Workflow","L193; L197","Phase 3 || Criticize it.","91ddae185883bf8f59f21e7821236d9badacf07140c5b72348e8165451d1d723","Phase 3 criticizes the Business Blueprint.","MUST","Governance","Pre-implementation deliverable","CD","Shared governance","None stated by the Constitution","Workflow and audit evidence confirm this statement: “Phase 3 criticizes the Business Blueprint.”","Phase 0 documentation/roadmap deliverable (identifier pending ODR-001)","Approval/audit record showing the required gate or workflow was followed.","Pending independent review","Not started"
"REQ-002.28","REQ-002","Part 1","Controlled Blueprint Workflow","L193; L199","Phase 3 || Find weaknesses.","63525075d2879ecb499388c24ff41a499f993ba0c4b553889bedb51d0b8eb245","Phase 3 identifies weaknesses in the Business Blueprint.","MUST","Governance","Pre-implementation deliverable","CD","Shared governance","None stated by the Constitution","Workflow and audit evidence confirm this statement: “Phase 3 identifies weaknesses in the Business Blueprint.”","Phase 0 documentation/roadmap deliverable (identifier pending ODR-001)","Approval/audit record showing the required gate or workflow was followed.","Pending independent review","Not started"
"REQ-002.29","REQ-002","Part 1","Controlled Blueprint Workflow","L193; L201","Phase 3 || Improve it.","737343ae589e81be8250f8c2c4388c096f29c14b106b60123bf1883b06ad8b51","Phase 3 improves the Business Blueprint.","MUST","Governance","Pre-implementation deliverable","CD","Shared governance","None stated by the Constitution","Workflow and audit evidence confirm this statement: “Phase 3 improves the Business Blueprint.”","Phase 0 documentation/roadmap deliverable (identifier pending ODR-001)","Approval/audit record showing the required gate or workflow was followed.","Pending independent review","Not started"
"REQ-002.30","REQ-002","Part 1","Controlled Blueprint Workflow","L193; L203","Phase 3 || Produce Version 2\.","93e1bb24fbbc9b0fd0411a31216642d2fd12784f4c06e18b864c08ae45b12089","Phase 3 produces Business Blueprint Version 2.","MUST","Governance","Pre-implementation deliverable","CD","Shared governance","None stated by the Constitution","Workflow and audit evidence confirm this statement: “Phase 3 produces Business Blueprint Version 2.”","Phase 0 documentation/roadmap deliverable (identifier pending ODR-001)","Approval/audit record showing the required gate or workflow was followed.","Pending independent review","Not started"
"REQ-002.31","REQ-002","Part 1","Controlled Blueprint Workflow","L207–L209","Phase 4 / Create a Product Blueprint.","4460951061b7af0c67a20dee7ba350e16e2c94efe8688a9840db21fb679b415f","Phase 4 produces a Product Blueprint.","MUST","Documentation","Pre-implementation deliverable","CD","Shared governance","None stated by the Constitution","The named artifact exists, addresses this statement, and is traceable to the cited lines: “Phase 4 produces a Product Blueprint.”","Phase 0 documentation/roadmap deliverable (identifier pending ODR-001)","Versioned artifact plus reviewer sign-off and citation trace.","Pending independent review","Not started"
"REQ-002.32","REQ-002","Part 1","Controlled Blueprint Workflow","L211; L213","Include: || Every page","26ef98245e229b857fe0f9d92a233321fb6995b4b9a78eadc5e8000be8514c9e","The Product Blueprint documents every page.","MUST","Documentation","Pre-implementation deliverable","CD","Shared governance","None stated by the Constitution","The named artifact exists, addresses this statement, and is traceable to the cited lines: “The Product Blueprint documents every page.”","Phase 0 documentation/roadmap deliverable (identifier pending ODR-001)","Versioned artifact plus reviewer sign-off and citation trace.","Pending independent review","Not started"
"REQ-002.33","REQ-002","Part 1","Controlled Blueprint Workflow","L211; L215","Include: || Every screen","c34b7cb285faa4784fdd9ad693bbaa3d22712785cd4419a9ff76a3878a29b210","The Product Blueprint documents every screen.","MUST","Documentation","Pre-implementation deliverable","CD","Shared governance","None stated by the Constitution","The named artifact exists, addresses this statement, and is traceable to the cited lines: “The Product Blueprint documents every screen.”","Phase 0 documentation/roadmap deliverable (identifier pending ODR-001)","Versioned artifact plus reviewer sign-off and citation trace.","Pending independent review","Not started"
"REQ-002.34","REQ-002","Part 1","Controlled Blueprint Workflow","L211; L217","Include: || Every workflow","e783bc7b4e7c1f6af95581531964db63b4fec6f86ba76cbf32cc8eea0f4bef6b","The Product Blueprint documents every workflow.","MUST","Documentation","Pre-implementation deliverable","CD","Shared governance","None stated by the Constitution","The named artifact exists, addresses this statement, and is traceable to the cited lines: “The Product Blueprint documents every workflow.”","Phase 0 documentation/roadmap deliverable (identifier pending ODR-001)","Versioned artifact plus reviewer sign-off and citation trace.","Pending independent review","Not started"
"REQ-002.35","REQ-002","Part 1","Controlled Blueprint Workflow","L211; L219","Include: || Every button","e1713c8b55a21116a2592b1e6e66bed600062e2e1386197c8704252567105473","The Product Blueprint documents every button.","MUST","Documentation","Pre-implementation deliverable","CD","Shared governance","None stated by the Constitution","The named artifact exists, addresses this statement, and is traceable to the cited lines: “The Product Blueprint documents every button.”","Phase 0 documentation/roadmap deliverable (identifier pending ODR-001)","Versioned artifact plus reviewer sign-off and citation trace.","Pending independent review","Not started"
"REQ-002.36","REQ-002","Part 1","Controlled Blueprint Workflow","L211; L221","Include: || Every user action","25eb4a46df537e0852b7ab76ca8229e3f9c2d6d301ae1c4efda80fc86ad7ddad","The Product Blueprint documents every user action.","MUST","Documentation","Pre-implementation deliverable","CD","Shared governance","None stated by the Constitution","The named artifact exists, addresses this statement, and is traceable to the cited lines: “The Product Blueprint documents every user action.”","Phase 0 documentation/roadmap deliverable (identifier pending ODR-001)","Versioned artifact plus reviewer sign-off and citation trace.","Pending independent review","Not started"
"REQ-002.37","REQ-002","Part 1","Controlled Blueprint Workflow","L211; L223","Include: || Every notification","9ac33abf2e0d26104d15e97ab3c1515bcb4447a0c2e6acd5afb1a5ad40434bb2","The Product Blueprint documents every notification.","MUST","Documentation","Pre-implementation deliverable","CD","Shared governance","None stated by the Constitution","The named artifact exists, addresses this statement, and is traceable to the cited lines: “The Product Blueprint documents every notification.”","Phase 0 documentation/roadmap deliverable (identifier pending ODR-001)","Versioned artifact plus reviewer sign-off and citation trace.","Pending independent review","Not started"
"REQ-002.38","REQ-002","Part 1","Controlled Blueprint Workflow","L211; L225","Include: || Every permission","275f4087b49878537007115d245053d1289b152f4183bdf504b548f1515144b6","The Product Blueprint documents every permission.","MUST","Documentation","Pre-implementation deliverable","CD","Shared governance","None stated by the Constitution","The named artifact exists, addresses this statement, and is traceable to the cited lines: “The Product Blueprint documents every permission.”","Phase 0 documentation/roadmap deliverable (identifier pending ODR-001)","Versioned artifact plus reviewer sign-off and citation trace.","Pending independent review","Not started"
"REQ-002.39","REQ-002","Part 1","Controlled Blueprint Workflow","L211; L227","Include: || Every dashboard","329e19482b987602ee5ff99e6fc7db943451a4f02bd75ea86128ccb91914cc65","The Product Blueprint documents every dashboard.","MUST","Documentation","Pre-implementation deliverable","CD","Shared governance","None stated by the Constitution","The named artifact exists, addresses this statement, and is traceable to the cited lines: “The Product Blueprint documents every dashboard.”","Phase 0 documentation/roadmap deliverable (identifier pending ODR-001)","Versioned artifact plus reviewer sign-off and citation trace.","Pending independent review","Not started"
"REQ-002.40","REQ-002","Part 1","Controlled Blueprint Workflow","L211; L229","Include: || Every process","c5c207f8b01b8168a68377f237c7401f096ed3454806b903235373256535a3d7","The Product Blueprint documents every process.","MUST","Documentation","Pre-implementation deliverable","CD","Shared governance","None stated by the Constitution","The named artifact exists, addresses this statement, and is traceable to the cited lines: “The Product Blueprint documents every process.”","Phase 0 documentation/roadmap deliverable (identifier pending ODR-001)","Versioned artifact plus reviewer sign-off and citation trace.","Pending independent review","Not started"
"REQ-002.41","REQ-002","Part 1","Controlled Blueprint Workflow","L231–L233","No assumptions. / Everything must be documented.","6734144690482251478d0b8cf193a315f3993d381ee93ea341cd3fa6873c0453","The Product Blueprint makes no unstated assumptions and documents everything in scope.","MUST","Documentation","Pre-implementation deliverable","CD","Shared governance","None stated by the Constitution","The named artifact exists, addresses this statement, and is traceable to the cited lines: “The Product Blueprint makes no unstated assumptions and documents everything in scope.”","Phase 0 documentation/roadmap deliverable (identifier pending ODR-001)","Versioned artifact plus reviewer sign-off and citation trace.","Pending independent review","Not started"
"REQ-002.42","REQ-002","Part 1","Controlled Blueprint Workflow","L237; L239","Phase 5 || Review the Product Blueprint.","830afc7a94549d4f9381f2d4dac2d5cd0b11cf30e0d3e0bec24ec2144d718147","Phase 5 reviews the Product Blueprint.","MUST","Governance","Pre-implementation deliverable","CD","Shared governance","None stated by the Constitution","Workflow and audit evidence confirm this statement: “Phase 5 reviews the Product Blueprint.”","Phase 0 documentation/roadmap deliverable (identifier pending ODR-001)","Approval/audit record showing the required gate or workflow was followed.","Pending independent review","Not started"
"REQ-002.43","REQ-002","Part 1","Controlled Blueprint Workflow","L237; L241","Phase 5 || Improve it.","9da043a831778a5ff2035d2f99a817922cd9d8cdd8262f840ed2b44ab65a7165","Phase 5 improves the Product Blueprint.","MUST","Governance","Pre-implementation deliverable","CD","Shared governance","None stated by the Constitution","Workflow and audit evidence confirm this statement: “Phase 5 improves the Product Blueprint.”","Phase 0 documentation/roadmap deliverable (identifier pending ODR-001)","Approval/audit record showing the required gate or workflow was followed.","Pending independent review","Not started"
"REQ-002.44","REQ-002","Part 1","Controlled Blueprint Workflow","L237; L243","Phase 5 || Challenge every design decision.","e1c1802c4274a72e2b365c7993a30bc9888b5f7d1551629252d726ef8b5efae8","Phase 5 challenges every design decision.","MUST","Governance","Pre-implementation deliverable","CD","Shared governance","None stated by the Constitution","Workflow and audit evidence confirm this statement: “Phase 5 challenges every design decision.”","Phase 0 documentation/roadmap deliverable (identifier pending ODR-001)","Approval/audit record showing the required gate or workflow was followed.","Pending independent review","Not started"
"REQ-002.45","REQ-002","Part 1","Controlled Blueprint Workflow","L237; L245","Phase 5 || Produce Version 2\.","6a7eb4f1fa1428f57af11005f953d26e173d080b12376ff97d3e05702510cad5","Phase 5 produces Product Blueprint Version 2.","MUST","Governance","Pre-implementation deliverable","CD","Shared governance","None stated by the Constitution","Workflow and audit evidence confirm this statement: “Phase 5 produces Product Blueprint Version 2.”","Phase 0 documentation/roadmap deliverable (identifier pending ODR-001)","Approval/audit record showing the required gate or workflow was followed.","Pending independent review","Not started"
"REQ-002.46","REQ-002","Part 1","Controlled Blueprint Workflow","L249–L251","Phase 6 / Create the Technical Blueprint.","7cdfeebb29aaa69d1b2ea27afd2b0b37ea19abe3feebe6d76f92614f532917a9","Phase 6 produces a Technical Blueprint.","MUST","Documentation","Pre-implementation deliverable","CD","Shared governance","None stated by the Constitution","The named artifact exists, addresses this statement, and is traceable to the cited lines: “Phase 6 produces a Technical Blueprint.”","Phase 0 documentation/roadmap deliverable (identifier pending ODR-001)","Versioned artifact plus reviewer sign-off and citation trace.","Pending independent review","Not started"
"REQ-002.47","REQ-002","Part 1","Controlled Blueprint Workflow","L253; L255","Include: || System Architecture","2b9c6665f2f4e41c557d26b5800d245429d53d21f69d9aa5c159ab3fa63ebf79","The Technical Blueprint includes System Architecture.","MUST","Documentation","Pre-implementation deliverable","CD","Shared governance","None stated by the Constitution","The named artifact exists, addresses this statement, and is traceable to the cited lines: “The Technical Blueprint includes System Architecture.”","Phase 0 documentation/roadmap deliverable (identifier pending ODR-001)","Versioned artifact plus reviewer sign-off and citation trace.","Pending independent review","Not started"
"REQ-002.48","REQ-002","Part 1","Controlled Blueprint Workflow","L253; L257","Include: || Database Design","3a62237cff3d5e88640df128ebba1e4da8619f54592474b2232dca8deac378f7","The Technical Blueprint includes Database Design.","MUST","Documentation","Pre-implementation deliverable","CD","Shared governance","None stated by the Constitution","The named artifact exists, addresses this statement, and is traceable to the cited lines: “The Technical Blueprint includes Database Design.”","Phase 0 documentation/roadmap deliverable (identifier pending ODR-001)","Versioned artifact plus reviewer sign-off and citation trace.","Pending independent review","Not started"
"REQ-002.49","REQ-002","Part 1","Controlled Blueprint Workflow","L253; L259","Include: || API Design","6a336a52c291f6c115d82c9050c7ddc9e5876c5c426daa6729d199bc8dd7fa20","The Technical Blueprint includes API Design.","MUST","Documentation","Pre-implementation deliverable","CD","Shared governance","None stated by the Constitution","The named artifact exists, addresses this statement, and is traceable to the cited lines: “The Technical Blueprint includes API Design.”","Phase 0 documentation/roadmap deliverable (identifier pending ODR-001)","Versioned artifact plus reviewer sign-off and citation trace.","Pending independent review","Not started"
"REQ-002.50","REQ-002","Part 1","Controlled Blueprint Workflow","L253; L261","Include: || Authentication","441aa02c147e685b86678f311a45b623fc0a9e725aefbfb379a5f438d8fa82ac","The Technical Blueprint includes Authentication.","MUST","Documentation","Pre-implementation deliverable","CD","Shared governance","None stated by the Constitution","The named artifact exists, addresses this statement, and is traceable to the cited lines: “The Technical Blueprint includes Authentication.”","Phase 0 documentation/roadmap deliverable (identifier pending ODR-001)","Versioned artifact plus reviewer sign-off and citation trace.","Pending independent review","Not started"
"REQ-002.51","REQ-002","Part 1","Controlled Blueprint Workflow","L253; L263","Include: || Authorization","e2f61b829799de9e422eb614f16eb71d5e46467431d7decc4f0ee888b7c1bb67","The Technical Blueprint includes Authorization.","MUST","Documentation","Pre-implementation deliverable","CD","Shared governance","None stated by the Constitution","The named artifact exists, addresses this statement, and is traceable to the cited lines: “The Technical Blueprint includes Authorization.”","Phase 0 documentation/roadmap deliverable (identifier pending ODR-001)","Versioned artifact plus reviewer sign-off and citation trace.","Pending independent review","Not started"
"REQ-002.52","REQ-002","Part 1","Controlled Blueprint Workflow","L253; L265","Include: || Wallet Engine","cf910070ee6ff8c80cd68d269321dc02d21a3a0f828295d38afd07a38f015403","The Technical Blueprint includes the Wallet Engine.","MUST","Documentation","Pre-implementation deliverable","CD","Shared governance","None stated by the Constitution","The named artifact exists, addresses this statement, and is traceable to the cited lines: “The Technical Blueprint includes the Wallet Engine.”","Phase 0 documentation/roadmap deliverable (identifier pending ODR-001)","Versioned artifact plus reviewer sign-off and citation trace.","Pending independent review","Not started"
"REQ-002.53","REQ-002","Part 1","Controlled Blueprint Workflow","L253; L267","Include: || Rewards Engine","e50e470634bf5dffca8f3c500e29b1aa74ea77f0551c9433d4c2d80d086c94ac","The Technical Blueprint includes the Rewards Engine.","MUST","Documentation","Pre-implementation deliverable","CD","Shared governance","None stated by the Constitution","The named artifact exists, addresses this statement, and is traceable to the cited lines: “The Technical Blueprint includes the Rewards Engine.”","Phase 0 documentation/roadmap deliverable (identifier pending ODR-001)","Versioned artifact plus reviewer sign-off and citation trace.","Pending independent review","Not started"
"REQ-002.54","REQ-002","Part 1","Controlled Blueprint Workflow","L253; L269","Include: || Survey Engine","f854783d70a66f8e067d5845fce5b3970e7405bab042a1b49fd944ef51da5078","The Technical Blueprint includes the Survey Engine.","MUST","Documentation","Pre-implementation deliverable","CD","Shared governance","None stated by the Constitution","The named artifact exists, addresses this statement, and is traceable to the cited lines: “The Technical Blueprint includes the Survey Engine.”","Phase 0 documentation/roadmap deliverable (identifier pending ODR-001)","Versioned artifact plus reviewer sign-off and citation trace.","Pending independent review","Not started"
"REQ-002.55","REQ-002","Part 1","Controlled Blueprint Workflow","L253; L271","Include: || Notification Engine","540b5bc8e66ff8fd9d19694ae54d82e5ccd2919f3ba6ba973a23e1d95fa07c5a","The Technical Blueprint includes the Notification Engine.","MUST","Documentation","Pre-implementation deliverable","CD","Shared governance","None stated by the Constitution","The named artifact exists, addresses this statement, and is traceable to the cited lines: “The Technical Blueprint includes the Notification Engine.”","Phase 0 documentation/roadmap deliverable (identifier pending ODR-001)","Versioned artifact plus reviewer sign-off and citation trace.","Pending independent review","Not started"
"REQ-002.56","REQ-002","Part 1","Controlled Blueprint Workflow","L253; L273","Include: || Payment Engine","679c0ec7a1da28545141464d8ca18914833f67ae8d4169fc303a790bc02bf478","The Technical Blueprint includes the Payment Engine.","MUST","Documentation","Pre-implementation deliverable","CD","Shared governance","None stated by the Constitution","The named artifact exists, addresses this statement, and is traceable to the cited lines: “The Technical Blueprint includes the Payment Engine.”","Phase 0 documentation/roadmap deliverable (identifier pending ODR-001)","Versioned artifact plus reviewer sign-off and citation trace.","Pending independent review","Not started"
"REQ-002.57","REQ-002","Part 1","Controlled Blueprint Workflow","L253; L275","Include: || CMS","42693c044749f82f6db287e48b9718be1487e7ccb815ee55aa13c39e51a67bce","The Technical Blueprint includes the CMS.","MUST","Documentation","Pre-implementation deliverable","CD","Shared governance","None stated by the Constitution","The named artifact exists, addresses this statement, and is traceable to the cited lines: “The Technical Blueprint includes the CMS.”","Phase 0 documentation/roadmap deliverable (identifier pending ODR-001)","Versioned artifact plus reviewer sign-off and citation trace.","Pending independent review","Not started"
"REQ-002.58","REQ-002","Part 1","Controlled Blueprint Workflow","L253; L277","Include: || Admin ERP","3f908ab228d52f0be6774af6d674f297d13a42dd967ea7a01cdf81c68ecb4246","The Technical Blueprint includes the Admin ERP.","MUST","Documentation","Pre-implementation deliverable","CD","Shared governance","None stated by the Constitution","The named artifact exists, addresses this statement, and is traceable to the cited lines: “The Technical Blueprint includes the Admin ERP.”","Phase 0 documentation/roadmap deliverable (identifier pending ODR-001)","Versioned artifact plus reviewer sign-off and citation trace.","Pending independent review","Not started"
"REQ-002.59","REQ-002","Part 1","Controlled Blueprint Workflow","L253; L279","Include: || Analytics","5705c265c7dbd3f532849dabd2a5727cf7ac751fe23314f78dbaf3be2aefce6f","The Technical Blueprint includes Analytics.","MUST","Documentation","Pre-implementation deliverable","CD","Shared governance","None stated by the Constitution","The named artifact exists, addresses this statement, and is traceable to the cited lines: “The Technical Blueprint includes Analytics.”","Phase 0 documentation/roadmap deliverable (identifier pending ODR-001)","Versioned artifact plus reviewer sign-off and citation trace.","Pending independent review","Not started"
"REQ-002.60","REQ-002","Part 1","Controlled Blueprint Workflow","L253; L281","Include: || Logging","0c99d69853b78fdd336e3d48453951f933e2564c79a7ce45e3134c8815034e1e","The Technical Blueprint includes Logging.","MUST","Documentation","Pre-implementation deliverable","CD","Shared governance","None stated by the Constitution","The named artifact exists, addresses this statement, and is traceable to the cited lines: “The Technical Blueprint includes Logging.”","Phase 0 documentation/roadmap deliverable (identifier pending ODR-001)","Versioned artifact plus reviewer sign-off and citation trace.","Pending independent review","Not started"
"REQ-002.61","REQ-002","Part 1","Controlled Blueprint Workflow","L253; L283","Include: || Security","4555dd622e6ea3c3757b68818804edfc728172c65773fbccbae012d9e5d02ef9","The Technical Blueprint includes Security.","MUST","Documentation","Pre-implementation deliverable","CD","Shared governance","None stated by the Constitution","The named artifact exists, addresses this statement, and is traceable to the cited lines: “The Technical Blueprint includes Security.”","Phase 0 documentation/roadmap deliverable (identifier pending ODR-001)","Versioned artifact plus reviewer sign-off and citation trace.","Pending independent review","Not started"
"REQ-002.62","REQ-002","Part 1","Controlled Blueprint Workflow","L253; L285","Include: || Deployment","859da32db6f519cf3c44331a488f4acd3515dcbc762e64d4ca3f3b0f89529659","The Technical Blueprint includes Deployment.","MUST","Documentation","Pre-implementation deliverable","CD","Shared governance","None stated by the Constitution","The named artifact exists, addresses this statement, and is traceable to the cited lines: “The Technical Blueprint includes Deployment.”","Phase 0 documentation/roadmap deliverable (identifier pending ODR-001)","Versioned artifact plus reviewer sign-off and citation trace.","Pending independent review","Not started"
"REQ-002.63","REQ-002","Part 1","Controlled Blueprint Workflow","L289; L291","Phase 7 || Review the Technical Blueprint.","40ee9f765b34cdf321d2776e6adf85f74d9372963c950d816fa69e5b95b50481","Phase 7 reviews the Technical Blueprint.","MUST","Governance","Pre-implementation deliverable","CD","Shared governance","None stated by the Constitution","Workflow and audit evidence confirm this statement: “Phase 7 reviews the Technical Blueprint.”","Phase 0 documentation/roadmap deliverable (identifier pending ODR-001)","Approval/audit record showing the required gate or workflow was followed.","Pending independent review","Not started"
"REQ-002.64","REQ-002","Part 1","Controlled Blueprint Workflow","L289; L293","Phase 7 || Find bottlenecks.","25d41e1a5f12f61fd39930d4b2a9f9d9546116d9a4ce94b739dfdd309b250d5c","Phase 7 identifies technical bottlenecks.","MUST","Governance","Pre-implementation deliverable","CD","Shared governance","None stated by the Constitution","Workflow and audit evidence confirm this statement: “Phase 7 identifies technical bottlenecks.”","Phase 0 documentation/roadmap deliverable (identifier pending ODR-001)","Approval/audit record showing the required gate or workflow was followed.","Pending independent review","Not started"
"REQ-002.65","REQ-002","Part 1","Controlled Blueprint Workflow","L289; L295","Phase 7 || Improve scalability.","51f248e73716462e38415dd7bcc3ff62b6642c347897b195c83d271a2b893161","Phase 7 improves scalability.","MUST","Governance","Pre-implementation deliverable","CD","Shared governance","None stated by the Constitution","Workflow and audit evidence confirm this statement: “Phase 7 improves scalability.”","Phase 0 documentation/roadmap deliverable (identifier pending ODR-001)","Approval/audit record showing the required gate or workflow was followed.","Pending independent review","Not started"
"REQ-002.66","REQ-002","Part 1","Controlled Blueprint Workflow","L289; L297","Phase 7 || Improve maintainability.","c8faae0435bb2f044fe8fc81d00474bae9478e5d36dca3280552d4119718c242","Phase 7 improves maintainability.","MUST","Governance","Pre-implementation deliverable","CD","Shared governance","None stated by the Constitution","Workflow and audit evidence confirm this statement: “Phase 7 improves maintainability.”","Phase 0 documentation/roadmap deliverable (identifier pending ODR-001)","Approval/audit record showing the required gate or workflow was followed.","Pending independent review","Not started"
"REQ-002.67","REQ-002","Part 1","Controlled Blueprint Workflow","L289; L299","Phase 7 || Improve security.","70707fffdbb20a15d2008c422862348f880fa10be6e4a40e7d78ea40fe7cca7a","Phase 7 improves security.","MUST","Governance","Pre-implementation deliverable","CD","Shared governance","None stated by the Constitution","Workflow and audit evidence confirm this statement: “Phase 7 improves security.”","Phase 0 documentation/roadmap deliverable (identifier pending ODR-001)","Approval/audit record showing the required gate or workflow was followed.","Pending independent review","Not started"
"REQ-003.01","REQ-003","Part 1","Brand and Launch Markets","L305–L313","BUSINESS SUMMARY / Brand Name: / EarnPearls / Tagline: / Your Time. Your Rewards.","2f1301df4c7a49ee0fa8af3596927a77c24a2372b59f48b08fb8c4fc8a4a2d8e","The public brand name is EarnPearls.","MUST","Business Rule","V1","CBR","Shared","None stated by the Constitution","An acceptance test confirms this statement: “The public brand name is EarnPearls.”","Business/Product/Technical Blueprint (identifier pending ODR-001)","Passing business-rule test using controlled fixtures and expected outcomes.","Pending independent review","Not started"
"REQ-003.02","REQ-003","Part 1","Brand and Launch Markets","L311–L313","Tagline: / Your Time. Your Rewards.","9cdb5d73892686eda4dac8ebed55e5459800514460db5970326fae05217b3126","The public tagline is “Your Time. Your Rewards.”","MUST","Business Rule","V1","CBR","Shared","None stated by the Constitution","An acceptance test confirms this statement: “The public tagline is “Your Time. Your Rewards.”.”","Business/Product/Technical Blueprint (identifier pending ODR-001)","Passing business-rule test using controlled fixtures and expected outcomes.","Pending independent review","Not started"
"REQ-003.03","REQ-003","Part 1","Brand and Launch Markets","L315–L333","Brand Personality: / Modern / Clean / Premium / Friendly / Professional / Transparent / Trustworthy / Simple / Fast","0acb07f60afb2d1c7036ab34fea5b8f38a446b010706e1127016b226fb957de5","Brand execution preserves the listed modern, clean, premium, friendly, professional, transparent, trustworthy, simple, and fast personality.","SHOULD","Non-functional","V1","REC","Shared","None stated by the Constitution","A defined measurement or design review confirms this statement: “Brand execution preserves the listed modern, clean, premium, friendly, professional, transparent, trustworthy, simple, and fast personality.”","Business/Product/Technical Blueprint (identifier pending ODR-001)","Defined metric/standard plus measured result or documented review.","Pending independent review","Not started"
"REQ-003.04","REQ-003","Part 1","Brand and Launch Markets","L339; L341","Primary launch markets include: || United States","684e3683d035f4f81b1fdd5cc4119c118d6ca6a04bd94f7d4e52a5de44427d77","The United States is a primary launch market.","MUST","Business Rule","V1","CBR","Shared","None stated by the Constitution","An acceptance test confirms this statement: “The United States is a primary launch market.”","Business/Product/Technical Blueprint (identifier pending ODR-001)","Passing business-rule test using controlled fixtures and expected outcomes.","Pending independent review","Not started"
"REQ-003.05","REQ-003","Part 1","Brand and Launch Markets","L339; L343","Primary launch markets include: || United Kingdom","ec5d6ff73d1fad97caba3f1a1ee1325f624b267c293e141f1103429150aa3789","The United Kingdom is a primary launch market.","MUST","Business Rule","V1","CBR","Shared","None stated by the Constitution","An acceptance test confirms this statement: “The United Kingdom is a primary launch market.”","Business/Product/Technical Blueprint (identifier pending ODR-001)","Passing business-rule test using controlled fixtures and expected outcomes.","Pending independent review","Not started"
"REQ-003.06","REQ-003","Part 1","Brand and Launch Markets","L339; L345","Primary launch markets include: || Canada","64dd323b3023fd3c8d87ea57eb636fae0321c70c98830ac46ed3b5c089d45522","Canada is a primary launch market.","MUST","Business Rule","V1","CBR","Shared","None stated by the Constitution","An acceptance test confirms this statement: “Canada is a primary launch market.”","Business/Product/Technical Blueprint (identifier pending ODR-001)","Passing business-rule test using controlled fixtures and expected outcomes.","Pending independent review","Not started"
"REQ-003.07","REQ-003","Part 1","Brand and Launch Markets","L339; L347","Primary launch markets include: || Ireland","526192c752d3e3526b70137f9ef841078f955db353eef6ef8b7989ac26d49919","Ireland is a primary launch market.","MUST","Business Rule","V1","CBR","Shared","None stated by the Constitution","An acceptance test confirms this statement: “Ireland is a primary launch market.”","Business/Product/Technical Blueprint (identifier pending ODR-001)","Passing business-rule test using controlled fixtures and expected outcomes.","Pending independent review","Not started"
"REQ-003.08","REQ-003","Part 1","Brand and Launch Markets","L339; L349","Primary launch markets include: || Australia","35f35749b5b1505e0378af439ffb6b899488ea83761c8e51a703cc09ed474686","Australia is a primary launch market.","MUST","Business Rule","V1","CBR","Shared","None stated by the Constitution","An acceptance test confirms this statement: “Australia is a primary launch market.”","Business/Product/Technical Blueprint (identifier pending ODR-001)","Passing business-rule test using controlled fixtures and expected outcomes.","Pending independent review","Not started"
"REQ-003.09","REQ-003","Part 1","Brand and Launch Markets","L339; L351","Primary launch markets include: || Germany","a37435763f8d64962ebed120b98cc71af36b83bc47a50da80994bdca46a1a1e9","Germany is a primary launch market.","MUST","Business Rule","V1","CBR","Shared","None stated by the Constitution","An acceptance test confirms this statement: “Germany is a primary launch market.”","Business/Product/Technical Blueprint (identifier pending ODR-001)","Passing business-rule test using controlled fixtures and expected outcomes.","Pending independent review","Not started"
"REQ-003.10","REQ-003","Part 1","Brand and Launch Markets","L339; L353","Primary launch markets include: || Belgium","6d075ddc48b27157b6f0fdfbc09ff0710c6cfdec6a3071a3b09b68722fe3bb51","Belgium is a primary launch market.","MUST","Business Rule","V1","CBR","Shared","None stated by the Constitution","An acceptance test confirms this statement: “Belgium is a primary launch market.”","Business/Product/Technical Blueprint (identifier pending ODR-001)","Passing business-rule test using controlled fixtures and expected outcomes.","Pending independent review","Not started"
"REQ-003.11","REQ-003","Part 1","Brand and Launch Markets","L339; L355","Primary launch markets include: || Other selected European countries","7a026592edd354b5fbf15089f4be31d9558f56cfb9e9b95af9a8460c7d0a0fad","Selected European countries are eligible as primary launch markets, subject to an owner-approved country list.","MUST","Business Rule","V1","CBR","Shared","ODR-003","An acceptance test confirms this statement: “Selected European countries are eligible as primary launch markets, subject to an owner-approved country list.”","Business/Product/Technical Blueprint (identifier pending ODR-001)","Passing business-rule test using controlled fixtures and expected outcomes.","Pending independent review","Not started"
"REQ-003.12","REQ-003","Part 1","Brand and Launch Markets","L339; L357","Primary launch markets include: || Saudi Arabia","0b16c4833401b4fbf16d942dc673f70ffdf196afb0440a0560a5cdce92ad5578","Saudi Arabia is a primary launch market.","MUST","Business Rule","V1","CBR","Shared","None stated by the Constitution","An acceptance test confirms this statement: “Saudi Arabia is a primary launch market.”","Business/Product/Technical Blueprint (identifier pending ODR-001)","Passing business-rule test using controlled fixtures and expected outcomes.","Pending independent review","Not started"
"REQ-003.13","REQ-003","Part 1","Brand and Launch Markets","L339; L359","Primary launch markets include: || United Arab Emirates","c8194b9ad21c28755f772ff666b77c98111c80610f0c30f0271202cc3f1fb5c3","The United Arab Emirates is a primary launch market.","MUST","Business Rule","V1","CBR","Shared","None stated by the Constitution","An acceptance test confirms this statement: “The United Arab Emirates is a primary launch market.”","Business/Product/Technical Blueprint (identifier pending ODR-001)","Passing business-rule test using controlled fixtures and expected outcomes.","Pending independent review","Not started"
"REQ-003.14","REQ-003","Part 1","Brand and Launch Markets","L339; L361","Primary launch markets include: || Qatar","1c0f3dcf1e0b6a02118ff5bea800a8c61f9aded2f07a4bd2eaf245530c681014","Qatar is a primary launch market.","MUST","Business Rule","V1","CBR","Shared","None stated by the Constitution","An acceptance test confirms this statement: “Qatar is a primary launch market.”","Business/Product/Technical Blueprint (identifier pending ODR-001)","Passing business-rule test using controlled fixtures and expected outcomes.","Pending independent review","Not started"
"REQ-003.15","REQ-003","Part 1","Brand and Launch Markets","L339; L363","Primary launch markets include: || Oman","dc8b9d07449824596086832535627c4826a02ccf5ac7aa28ae15d899147fa379","Oman is a primary launch market.","MUST","Business Rule","V1","CBR","Shared","None stated by the Constitution","An acceptance test confirms this statement: “Oman is a primary launch market.”","Business/Product/Technical Blueprint (identifier pending ODR-001)","Passing business-rule test using controlled fixtures and expected outcomes.","Pending independent review","Not started"
"REQ-003.16","REQ-003","Part 1","Brand and Launch Markets","L339; L365","Primary launch markets include: || Bahrain","664071465190291e0532d712ebad7cd69cc5208883ed11450cb2e0af58958aac","Bahrain is a primary launch market.","MUST","Business Rule","V1","CBR","Shared","None stated by the Constitution","An acceptance test confirms this statement: “Bahrain is a primary launch market.”","Business/Product/Technical Blueprint (identifier pending ODR-001)","Passing business-rule test using controlled fixtures and expected outcomes.","Pending independent review","Not started"
"REQ-003.17","REQ-003","Part 1","Brand and Launch Markets","L367","The initial public launch should not target Pakistan, India, Bangladesh, or China.","9b31a5f3909a293b3d3581788aba7afcc5a52b8bb4f73ad3efc3c0efa7baecf7","The initial public launch does not target Pakistan.","SHOULD","Business Rule","V1","CBR","Shared","None stated by the Constitution","An acceptance test confirms this statement: “The initial public launch does not target Pakistan.”","Business/Product/Technical Blueprint (identifier pending ODR-001)","Passing business-rule test using controlled fixtures and expected outcomes.","Pending independent review","Not started"
"REQ-003.18","REQ-003","Part 1","Brand and Launch Markets","L367","The initial public launch should not target Pakistan, India, Bangladesh, or China.","9b31a5f3909a293b3d3581788aba7afcc5a52b8bb4f73ad3efc3c0efa7baecf7","The initial public launch does not target India.","SHOULD","Business Rule","V1","CBR","Shared","None stated by the Constitution","An acceptance test confirms this statement: “The initial public launch does not target India.”","Business/Product/Technical Blueprint (identifier pending ODR-001)","Passing business-rule test using controlled fixtures and expected outcomes.","Pending independent review","Not started"
"REQ-003.19","REQ-003","Part 1","Brand and Launch Markets","L367","The initial public launch should not target Pakistan, India, Bangladesh, or China.","9b31a5f3909a293b3d3581788aba7afcc5a52b8bb4f73ad3efc3c0efa7baecf7","The initial public launch does not target Bangladesh.","SHOULD","Business Rule","V1","CBR","Shared","None stated by the Constitution","An acceptance test confirms this statement: “The initial public launch does not target Bangladesh.”","Business/Product/Technical Blueprint (identifier pending ODR-001)","Passing business-rule test using controlled fixtures and expected outcomes.","Pending independent review","Not started"
"REQ-003.20","REQ-003","Part 1","Brand and Launch Markets","L367","The initial public launch should not target Pakistan, India, Bangladesh, or China.","9b31a5f3909a293b3d3581788aba7afcc5a52b8bb4f73ad3efc3c0efa7baecf7","The initial public launch does not target China.","SHOULD","Business Rule","V1","CBR","Shared","None stated by the Constitution","An acceptance test confirms this statement: “The initial public launch does not target China.”","Business/Product/Technical Blueprint (identifier pending ODR-001)","Passing business-rule test using controlled fixtures and expected outcomes.","Pending independent review","Not started"
"REQ-003.21","REQ-003","Part 1","Brand and Launch Markets","L369","The platform architecture should still be capable of supporting additional countries in the future if the business expands.","9df393d613a9b2da1832f86156467dabda3852ce1588449f9c15af4e62d6eec0","The platform architecture can support additional countries in future expansions.","SHOULD","Non-functional","Future","FRR","Architecture","None stated by the Constitution","A defined measurement or design review confirms this statement: “The platform architecture can support additional countries in future expansions.”","Business/Product/Technical Blueprint (identifier pending ODR-001)","Defined metric/standard plus measured result or documented review.","Pending independent review","Not started"
"REQ-004.01","REQ-004","Part 1","Platform Language","L373–L377","PLATFORM LANGUAGE / The website language must be: / English only.","8b9e678af1b5706c872cd628b2d780f2420c2da06463ca532dcf47d50858a91c","Version 1 website language is English only.","MUST","Business Rule","V1","CBR","Shared","None stated by the Constitution","An acceptance test confirms this statement: “Version 1 website language is English only.”","Business/Product/Technical Blueprint (identifier pending ODR-001)","Passing business-rule test using controlled fixtures and expected outcomes.","Pending independent review","Not started"
"REQ-004.02","REQ-004","Part 1","Platform Language","L379","Every UI element must be English.","67ac252ef6c5da0726907365d720283236557180551de72f310edc9a3d8904ed","Every user-interface element is English.","MUST","Business Rule","V1","CBR","Frontend handoff","None stated by the Constitution","An acceptance test confirms this statement: “Every user-interface element is English.”","Frontend Product/Design Blueprint (frontend-owned; identifier pending ODR-001)","Passing business-rule test using controlled fixtures and expected outcomes.","Pending independent review","Not started"
"REQ-004.03","REQ-004","Part 1","Platform Language","L379; L381","Every UI element must be English. || Every email.","147676c5075e13a7cbc0f6d8dea5d4630bbceba316b510818aaa927936339a80","Every email is English.","MUST","Business Rule","V1","CBR","Backend","None stated by the Constitution","An acceptance test confirms this statement: “Every email is English.”","Business/Product/Technical Blueprint (identifier pending ODR-001)","Passing business-rule test using controlled fixtures and expected outcomes.","Pending independent review","Not started"
"REQ-004.04","REQ-004","Part 1","Platform Language","L379; L383","Every UI element must be English. || Every notification.","e22c72c59e7e8dfa481fc5f8e6d1e259000d41befe7b4f36531b6153d450124e","Every notification is English.","MUST","Business Rule","V1","CBR","Backend","None stated by the Constitution","An acceptance test confirms this statement: “Every notification is English.”","Business/Product/Technical Blueprint (identifier pending ODR-001)","Passing business-rule test using controlled fixtures and expected outcomes.","Pending independent review","Not started"
"REQ-004.05","REQ-004","Part 1","Platform Language","L379; L385","Every UI element must be English. || Every legal page.","edf3bd9b25821e58fee87b1e76442e6da7d8ed690ce923b2b0bf2767203a39ec","Every legal page is English.","MUST","Business Rule","V1","CBR","Shared","None stated by the Constitution","An acceptance test confirms this statement: “Every legal page is English.”","Business/Product/Technical Blueprint (identifier pending ODR-001)","Passing business-rule test using controlled fixtures and expected outcomes.","Pending independent review","Not started"
"REQ-004.06","REQ-004","Part 1","Platform Language","L379; L387","Every UI element must be English. || Every menu.","acef95c23f70d59d9e05e8db758fd11af24962120cd98b6c8e73cd281cfbe63d","Every menu is English.","MUST","Business Rule","V1","CBR","Frontend handoff","None stated by the Constitution","An acceptance test confirms this statement: “Every menu is English.”","Frontend Product/Design Blueprint (frontend-owned; identifier pending ODR-001)","Passing business-rule test using controlled fixtures and expected outcomes.","Pending independent review","Not started"
"REQ-004.07","REQ-004","Part 1","Platform Language","L379; L389","Every UI element must be English. || Every help article.","3e6d592da2f7bcdafe1302da9c11920243a4658fb1c021a05c8e1f40c417f5c3","Every help article is English.","MUST","Business Rule","V1","CBR","Shared","None stated by the Constitution","An acceptance test confirms this statement: “Every help article is English.”","Business/Product/Technical Blueprint (identifier pending ODR-001)","Passing business-rule test using controlled fixtures and expected outcomes.","Pending independent review","Not started"
"REQ-004.08","REQ-004","Part 1","Platform Language","L379; L391","Every UI element must be English. || Every dashboard.","56e2455347f0b30ab65a391cadb571774c42b42f467d38918e26441c7e206eff","Every dashboard is English.","MUST","Business Rule","V1","CBR","Frontend handoff","None stated by the Constitution","An acceptance test confirms this statement: “Every dashboard is English.”","Frontend Product/Design Blueprint (frontend-owned; identifier pending ODR-001)","Passing business-rule test using controlled fixtures and expected outcomes.","Pending independent review","Not started"
"REQ-004.09","REQ-004","Part 1","Platform Language","L379; L393","Every UI element must be English. || Every button.","18729132b5c09cf75a98f698a9da75e11f3fabfbea5f6ad43c0db1fd111c4ac4","Every button is English.","MUST","Business Rule","V1","CBR","Frontend handoff","None stated by the Constitution","An acceptance test confirms this statement: “Every button is English.”","Frontend Product/Design Blueprint (frontend-owned; identifier pending ODR-001)","Passing business-rule test using controlled fixtures and expected outcomes.","Pending independent review","Not started"
"REQ-004.10","REQ-004","Part 1","Platform Language","L379; L395","Every UI element must be English. || Every error message.","c320c12700fd48085eae4d3d5db8f234a65e84485f0429e6413be6bf23d6b446","Every error message is English.","MUST","Business Rule","V1","CBR","Shared","None stated by the Constitution","An acceptance test confirms this statement: “Every error message is English.”","Business/Product/Technical Blueprint (identifier pending ODR-001)","Passing business-rule test using controlled fixtures and expected outcomes.","Pending independent review","Not started"
"REQ-004.11","REQ-004","Part 1","Platform Language","L397","Future multilingual support should be technically possible but must not be enabled in Version 1\.","adc9c4dc20861ea9ed07441f0eff6a42734a98a1a254b5d3abaaeac39bdac442","The architecture permits future multilingual support but does not enable it in Version 1.","SHOULD","Non-functional","Future","FRR","Architecture","None stated by the Constitution","A defined measurement or design review confirms this statement: “The architecture permits future multilingual support but does not enable it in Version 1.”","Business/Product/Technical Blueprint (identifier pending ODR-001)","Defined metric/standard plus measured result or documented review.","Pending independent review","Not started"
"REQ-005.01","REQ-005","Part 1","Currency System","L401–L405","CURRENCY SYSTEM / The base currency is: / USD","74609e3d87f2d7efef8a9c4190105767d20387066fcbe59fac247c6718a60228","USD is the platform base currency.","MUST","Business Rule","V1","CBR","Backend","None stated by the Constitution","An acceptance test confirms this statement: “USD is the platform base currency.”","Business/Product/Technical Blueprint (identifier pending ODR-001)","Passing business-rule test using controlled fixtures and expected outcomes.","Pending independent review","Not started"
"REQ-005.02","REQ-005","Part 1","Currency System","L407","The internal reward system uses points.","bd21f08be5b720c29e48eabdf44871dbcc94db0c425323744c08dcbf6afac1e4","The internal reward system uses points.","MUST","Business Rule","V1","CBR","Backend","None stated by the Constitution","An acceptance test confirms this statement: “The internal reward system uses points.”","Business/Product/Technical Blueprint (identifier pending ODR-001)","Passing business-rule test using controlled fixtures and expected outcomes.","Pending independent review","Not started"
"REQ-005.03","REQ-005","Part 1","Currency System","L409–L411","Conversion: / 1000 Points \= 1 USD","5b2c525f29535d0809ddb71fc482d4aa03c88ac8901545a2f3dc83d5cf6fe6e6","The default conversion is 1,000 points to 1 USD.","MUST","Business Rule","V1","CBR","Backend","None stated by the Constitution","An acceptance test confirms this statement: “The default conversion is 1,000 points to 1 USD.”","Business/Product/Technical Blueprint (identifier pending ODR-001)","Passing business-rule test using controlled fixtures and expected outcomes.","Pending independent review","Not started"
"REQ-005.04","REQ-005","Part 1","Currency System","L413","This value must be configurable through the Super Admin Panel.","e0790a565820364b203b22b52d2cb8e07b6f350e11c77d2673a5c231eecb72ab","The points-to-USD conversion value is configurable through the Super Admin Panel.","MUST","Business Rule","V1","CBR","Backend","None stated by the Constitution","An acceptance test confirms this statement: “The points-to-USD conversion value is configurable through the Super Admin Panel.”","Business/Product/Technical Blueprint (identifier pending ODR-001)","Passing business-rule test using controlled fixtures and expected outcomes.","Pending independent review","Not started"
"REQ-005.05","REQ-005","Part 1","Currency System","L415","Never hardcode it.","588cbf888d9472bcf228e0ee82347a23d0f44b21912820cb289c90924762252e","The points-to-USD conversion is not hardcoded.","MUST","Business Rule","V1","CBR","Backend","None stated by the Constitution","An acceptance test confirms this statement: “The points-to-USD conversion is not hardcoded.”","Business/Product/Technical Blueprint (identifier pending ODR-001)","Passing business-rule test using controlled fixtures and expected outcomes.","Pending independent review","Not started"
"REQ-005.06","REQ-005","Part 1","Currency System","L417; L419","Users should see: || Points","125439b0fd6cf9e8fd6edc843ab52ecee68b2866e44ce9a9cdbb5294173d30d6","Users can see their points.","SHOULD","Business Rule","V1","CBR","Shared","None stated by the Constitution","An acceptance test confirms this statement: “Users can see their points.”","Business/Product/Technical Blueprint (identifier pending ODR-001)","Passing business-rule test using controlled fixtures and expected outcomes.","Pending independent review","Not started"
"REQ-005.07","REQ-005","Part 1","Currency System","L417; L421","Users should see: || USD","c69118f568ec3494c2ff7da09b8495da088e07267c364fce9157d695bd51e4bd","Users can see the USD equivalent.","SHOULD","Business Rule","V1","CBR","Shared","None stated by the Constitution","An acceptance test confirms this statement: “Users can see the USD equivalent.”","Business/Product/Technical Blueprint (identifier pending ODR-001)","Passing business-rule test using controlled fixtures and expected outcomes.","Pending independent review","Not started"
"REQ-005.08","REQ-005","Part 1","Currency System","L417; L423","Users should see: || Estimated Local Currency","336eef1553c06f3ada2987eae5dd558385ccd509c2b4c7ad4c79c19ca574b3c9","Users can see an estimated local-currency equivalent.","SHOULD","Business Rule","V1","CBR","Shared","None stated by the Constitution","An acceptance test confirms this statement: “Users can see an estimated local-currency equivalent.”","Business/Product/Technical Blueprint (identifier pending ODR-001)","Passing business-rule test using controlled fixtures and expected outcomes.","Pending independent review","Not started"
"REQ-005.09","REQ-005","Part 1","Currency System","L425","Local currency is display-only.","95f3369d99c01dd7080cb17b5d0f00b6e4ae8dbe75f7778a52d82cbd9cf68e0d","Local currency is display-only.","MUST","Business Rule","V1","CBR","Backend","None stated by the Constitution","An acceptance test confirms this statement: “Local currency is display-only.”","Business/Product/Technical Blueprint (identifier pending ODR-001)","Passing business-rule test using controlled fixtures and expected outcomes.","Pending independent review","Not started"
"REQ-005.10","REQ-005","Part 1","Currency System","L427","All calculations, accounting, wallet balances, provider earnings, and business reporting must use USD as the source of truth.","04c15c8f80fae6339c4eed48dfbf93cd0ad876410c88ccc9364e74a3bfde2fab","USD is the source of truth for calculations, accounting, wallet balances, provider earnings, and business reporting.","MUST","Business Rule","V1","CBR","Backend","None stated by the Constitution","An acceptance test confirms this statement: “USD is the source of truth for calculations, accounting, wallet balances, provider earnings, and business reporting.”","Business/Product/Technical Blueprint (identifier pending ODR-001)","Passing business-rule test using controlled fixtures and expected outcomes.","Pending independent review","Not started"
"REQ-006.01","REQ-006","Part 1","User Registration","L431–L433","USER REGISTRATION / Registration must be extremely simple.","d707e240ffb43e6a8f9324cc3363811c8882901ec68c44008ec1ebef7b45b576","Registration is intentionally simple.","MUST","Non-functional","V1","CD","Shared","None stated by the Constitution","A defined measurement or design review confirms this statement: “Registration is intentionally simple.”","Business/Product/Technical Blueprint (identifier pending ODR-001)","Defined metric/standard plus measured result or documented review.","Pending independent review","Not started"
"REQ-006.02","REQ-006","Part 1","User Registration","L435; L437","Required: || Email","630885263e9f4db770b60073262c4e16a080b2d43c64ec0ab831584b2ae4b1b0","Registration requires an email address.","MUST","Functional","V1","CBR","Backend","None stated by the Constitution","An acceptance test confirms this statement: “Registration requires an email address.”","Business/Product/Technical Blueprint (identifier pending ODR-001)","Passing functional test and relevant audit/event record where applicable.","Pending independent review","Not started"
"REQ-006.03","REQ-006","Part 1","User Registration","L435; L439","Required: || Password","e2947b0974693749d38ae90661d34fb1b236f357d94397b6e308ff8685533a41","Registration requires a password.","MUST","Functional","V1","CBR","Backend","None stated by the Constitution","An acceptance test confirms this statement: “Registration requires a password.”","Business/Product/Technical Blueprint (identifier pending ODR-001)","Passing functional test and relevant audit/event record where applicable.","Pending independent review","Not started"
"REQ-006.04","REQ-006","Part 1","User Registration","L441–L443","After registration: / Send an email verification link.","8a019c72d8cab3a25379f66a86e2b633a83469203d3ff9f12dcaf9220dc9cce5","Registration sends an email-verification link.","MUST","Functional","V1","CBR","Backend","None stated by the Constitution","An acceptance test confirms this statement: “Registration sends an email-verification link.”","Business/Product/Technical Blueprint (identifier pending ODR-001)","Passing functional test and relevant audit/event record where applicable.","Pending independent review","Not started"
"REQ-006.05","REQ-006","Part 1","User Registration","L445–L447","When verified: / The account becomes automatically approved.","b51e3ba7a0c36d2e66755a52d1ed4e290d1b2487bc58e0b9bfb9aeeebdc16c0b","Successful email verification automatically approves the account.","MUST","Functional","V1","CBR","Backend","None stated by the Constitution","An acceptance test confirms this statement: “Successful email verification automatically approves the account.”","Business/Product/Technical Blueprint (identifier pending ODR-001)","Passing functional test and relevant audit/event record where applicable.","Pending independent review","Not started"
"REQ-006.06","REQ-006","Part 1","User Registration","L449","No manual approval process.","4ade7619fb628468081572371ed6fae81f5a8412ef3be4c694719eacd7adcfa5","Registration has no manual approval process.","MUST","Functional","V1","CBR","Backend","None stated by the Constitution","An acceptance test confirms this statement: “Registration has no manual approval process.”","Business/Product/Technical Blueprint (identifier pending ODR-001)","Passing functional test and relevant audit/event record where applicable.","Pending independent review","Not started"
"REQ-006.07","REQ-006","Part 1","User Registration","L451","Phone verification is not required during registration.","046281e534786d8dd05d454260908dd978f2b5a701a61c3ee93755ece4fda2a3","Phone verification is not required during registration.","MUST","Functional","V1","CBR","Backend","None stated by the Constitution","An acceptance test confirms this statement: “Phone verification is not required during registration.”","Business/Product/Technical Blueprint (identifier pending ODR-001)","Passing functional test and relevant audit/event record where applicable.","Pending independent review","Not started"
"REQ-006.08","REQ-006","Part 1","User Registration","L453","Phone OTP verification should occur only when required for sensitive actions (such as the first withdrawal), if the business chooses to enable it.","1349c3b6571edaa4de12e459d5663c7129e523d1d26cc14265c60d92e72041b4","Phone OTP may be enabled only for sensitive actions such as a first withdrawal when the business chooses to use it.","SHOULD","Functional","V1","CBR","Backend","ODR-007; EFE-006","An acceptance test confirms this statement: “Phone OTP may be enabled only for sensitive actions such as a first withdrawal when the business chooses to use it.”","Business/Product/Technical Blueprint (identifier pending ODR-001)","Passing functional test and relevant audit/event record where applicable.","Pending independent review","Not started"
"REQ-007.01","REQ-007","Part 1","User Account Status and Limit Templates","L457–L459","USER ACCOUNT STATUS / The platform must support administrative account states.","178b5ff6b846a228838ecc67783af7a3e6f4da77de6f37d09111e1731925375b","The platform supports administrative account states.","MUST","Functional","V1","CBR","Backend/Admin ERP","None stated by the Constitution","An acceptance test confirms this statement: “The platform supports administrative account states.”","Business/Product/Technical Blueprint (identifier pending ODR-001)","Passing functional test and relevant audit/event record where applicable.","Pending independent review","Not started"
"REQ-007.02","REQ-007","Part 1","User Account Status and Limit Templates","L459–L465","The platform must support administrative account states. / Normal Verified Account / and / Limited Account","8fc928dfdbef29254335607b84a0a0774031c9fac24d167a56372189fab9ce84","The account-state model supports a normal verified state.","MUST","Functional","V1","CBR","Backend/Admin ERP","None stated by the Constitution","An acceptance test confirms this statement: “The account-state model supports a normal verified state.”","Business/Product/Technical Blueprint (identifier pending ODR-001)","Passing functional test and relevant audit/event record where applicable.","Pending independent review","Not started"
"REQ-007.03","REQ-007","Part 1","User Account Status and Limit Templates","L459–L465","The platform must support administrative account states. / Normal Verified Account / and / Limited Account","8fc928dfdbef29254335607b84a0a0774031c9fac24d167a56372189fab9ce84","The account-state model supports a limited state.","MUST","Functional","V1","CBR","Backend/Admin ERP","None stated by the Constitution","An acceptance test confirms this statement: “The account-state model supports a limited state.”","Business/Product/Technical Blueprint (identifier pending ODR-001)","Passing functional test and relevant audit/event record where applicable.","Pending independent review","Not started"
"REQ-007.04","REQ-007","Part 1","User Account Status and Limit Templates","L467","The Limited Account system is an administrative moderation tool that allows selected platform capabilities to be enabled or disabled without deleting the account.","b3b20128432f1ce46ff2e82d3d6ae7fcbaedd60e1a804940926de0c09a86cb17","A limited account can have selected capabilities enabled or disabled without account deletion.","MUST","Functional","V1","CBR","Backend/Admin ERP","None stated by the Constitution","An acceptance test confirms this statement: “A limited account can have selected capabilities enabled or disabled without account deletion.”","Business/Product/Technical Blueprint (identifier pending ODR-001)","Passing functional test and relevant audit/event record where applicable.","Pending independent review","Not started"
"REQ-007.05","REQ-007","Part 1","User Account Status and Limit Templates","L469","The Super Admin must be able to create multiple reusable Limit Templates (for example, 5–10 templates), each with configurable permissions. Permissions may include access to surveys, withdrawals, profile editing, password changes, wallet visibility, referrals, support features, and other modules. Hidden modules should not appear in the interface, and direct URL access should be denied with an appropriate authorization response.","14d2537387206bf82fb44093b3fe638b7c6a353abafdfc5892564fcbd3c4a5ad","The Super Admin can create multiple reusable Limit Templates.","MUST","Functional","V1","CBR","Backend/Admin ERP","None stated by the Constitution","An acceptance test confirms this statement: “The Super Admin can create multiple reusable Limit Templates.”","Business/Product/Technical Blueprint (identifier pending ODR-001)","Passing functional test and relevant audit/event record where applicable.","Pending independent review","Not started"
"REQ-007.06","REQ-007","Part 1","User Account Status and Limit Templates","L469","The Super Admin must be able to create multiple reusable Limit Templates (for example, 5–10 templates), each with configurable permissions. Permissions may include access to surveys, withdrawals, profile editing, password changes, wallet visibility, referrals, support features, and other modules. Hidden modules should not appear in the interface, and direct URL access should be denied with an appropriate authorization response.","14d2537387206bf82fb44093b3fe638b7c6a353abafdfc5892564fcbd3c4a5ad","Each Limit Template has configurable permissions.","MUST","Functional","V1","CBR","Backend/Admin ERP","None stated by the Constitution","An acceptance test confirms this statement: “Each Limit Template has configurable permissions.”","Business/Product/Technical Blueprint (identifier pending ODR-001)","Passing functional test and relevant audit/event record where applicable.","Pending independent review","Not started"
"REQ-007.07","REQ-007","Part 1","User Account Status and Limit Templates","L469","The Super Admin must be able to create multiple reusable Limit Templates (for example, 5–10 templates), each with configurable permissions. Permissions may include access to surveys, withdrawals, profile editing, password changes, wallet visibility, referrals, support features, and other modules. Hidden modules should not appear in the interface, and direct URL access should be denied with an appropriate authorization response.","14d2537387206bf82fb44093b3fe638b7c6a353abafdfc5892564fcbd3c4a5ad","Limit Templates can control wallet visibility.","MUST","Functional","V1","CBR","Backend/Admin ERP","None stated by the Constitution","An acceptance test confirms this statement: “Limit Templates can control wallet visibility.”","Business/Product/Technical Blueprint (identifier pending ODR-001)","Passing functional test and relevant audit/event record where applicable.","Pending independent review","Not started"
"REQ-007.08","REQ-007","Part 1","User Account Status and Limit Templates","L469","The Super Admin must be able to create multiple reusable Limit Templates (for example, 5–10 templates), each with configurable permissions. Permissions may include access to surveys, withdrawals, profile editing, password changes, wallet visibility, referrals, support features, and other modules. Hidden modules should not appear in the interface, and direct URL access should be denied with an appropriate authorization response.","14d2537387206bf82fb44093b3fe638b7c6a353abafdfc5892564fcbd3c4a5ad","Limit Templates can control referrals.","MUST","Functional","V1","CBR","Backend/Admin ERP","None stated by the Constitution","An acceptance test confirms this statement: “Limit Templates can control referrals.”","Business/Product/Technical Blueprint (identifier pending ODR-001)","Passing functional test and relevant audit/event record where applicable.","Pending independent review","Not started"
"REQ-007.09","REQ-007","Part 1","User Account Status and Limit Templates","L469","The Super Admin must be able to create multiple reusable Limit Templates (for example, 5–10 templates), each with configurable permissions. Permissions may include access to surveys, withdrawals, profile editing, password changes, wallet visibility, referrals, support features, and other modules. Hidden modules should not appear in the interface, and direct URL access should be denied with an appropriate authorization response.","14d2537387206bf82fb44093b3fe638b7c6a353abafdfc5892564fcbd3c4a5ad","Limit Templates can control support features.","MUST","Functional","V1","CBR","Backend/Admin ERP","None stated by the Constitution","An acceptance test confirms this statement: “Limit Templates can control support features.”","Business/Product/Technical Blueprint (identifier pending ODR-001)","Passing functional test and relevant audit/event record where applicable.","Pending independent review","Not started"
"REQ-007.10","REQ-007","Part 1","User Account Status and Limit Templates","L469","The Super Admin must be able to create multiple reusable Limit Templates (for example, 5–10 templates), each with configurable permissions. Permissions may include access to surveys, withdrawals, profile editing, password changes, wallet visibility, referrals, support features, and other modules. Hidden modules should not appear in the interface, and direct URL access should be denied with an appropriate authorization response.","14d2537387206bf82fb44093b3fe638b7c6a353abafdfc5892564fcbd3c4a5ad","Limit Templates can control other modules through an extensible permission model.","MUST","Non-functional","V1","CD","Backend/Admin ERP","None stated by the Constitution","A defined measurement or design review confirms this statement: “Limit Templates can control other modules through an extensible permission model.”","Business/Product/Technical Blueprint (identifier pending ODR-001)","Defined metric/standard plus measured result or documented review.","Pending independent review","Not started"
"REQ-007.11","REQ-007","Part 1","User Account Status and Limit Templates","L469","The Super Admin must be able to create multiple reusable Limit Templates (for example, 5–10 templates), each with configurable permissions. Permissions may include access to surveys, withdrawals, profile editing, password changes, wallet visibility, referrals, support features, and other modules. Hidden modules should not appear in the interface, and direct URL access should be denied with an appropriate authorization response.","14d2537387206bf82fb44093b3fe638b7c6a353abafdfc5892564fcbd3c4a5ad","Modules disabled by a Limit Template do not appear in the interface.","MUST","Functional","V1","CBR","Frontend handoff","None stated by the Constitution","An acceptance test confirms this statement: “Modules disabled by a Limit Template do not appear in the interface.”","Frontend Product/Design Blueprint (frontend-owned; identifier pending ODR-001)","Passing functional test and relevant audit/event record where applicable.","Pending independent review","Not started"
"REQ-007.12","REQ-007","Part 1","User Account Status and Limit Templates","L469","The Super Admin must be able to create multiple reusable Limit Templates (for example, 5–10 templates), each with configurable permissions. Permissions may include access to surveys, withdrawals, profile editing, password changes, wallet visibility, referrals, support features, and other modules. Hidden modules should not appear in the interface, and direct URL access should be denied with an appropriate authorization response.","14d2537387206bf82fb44093b3fe638b7c6a353abafdfc5892564fcbd3c4a5ad","Direct URL access to a disabled module is denied with an appropriate authorization response.","MUST","Security","V1","CD","Backend/Admin ERP","None stated by the Constitution","Security review and negative-path tests confirm this statement: “Direct URL access to a disabled module is denied with an appropriate authorization response.”","Security, Fraud & Compliance deliverable (identifier pending ODR-001)","Threat-control mapping plus passing security/negative-path test evidence.","Pending independent review","Not started"
"REQ-007.13","REQ-007","Part 1","User Account Status and Limit Templates","L471","Every administrative action must be recorded in an audit log with timestamp, administrator identity, and reason.","6c77be94bb2cfe3d5214dcd5fd30f058e071bbc817a80140bbe455214ae5ca0e","Every administrative action records a timestamp.","MUST","Data","V1","CD","Backend/Admin ERP","None stated by the Constitution","Schema, constraint, and data-level tests confirm this statement: “Every administrative action records a timestamp.”","Database Architecture & Data Model deliverable (identifier pending ODR-001)","Schema/migration evidence plus automated integrity tests.","Pending independent review","Not started"
"REQ-007.14","REQ-007","Part 1","User Account Status and Limit Templates","L471","Every administrative action must be recorded in an audit log with timestamp, administrator identity, and reason.","6c77be94bb2cfe3d5214dcd5fd30f058e071bbc817a80140bbe455214ae5ca0e","Every administrative action records the administrator identity.","MUST","Data","V1","CD","Backend/Admin ERP","None stated by the Constitution","Schema, constraint, and data-level tests confirm this statement: “Every administrative action records the administrator identity.”","Database Architecture & Data Model deliverable (identifier pending ODR-001)","Schema/migration evidence plus automated integrity tests.","Pending independent review","Not started"
"REQ-007.15","REQ-007","Part 1","User Account Status and Limit Templates","L471","Every administrative action must be recorded in an audit log with timestamp, administrator identity, and reason.","6c77be94bb2cfe3d5214dcd5fd30f058e071bbc817a80140bbe455214ae5ca0e","Every administrative action records a reason.","MUST","Data","V1","CD","Backend/Admin ERP","None stated by the Constitution","Schema, constraint, and data-level tests confirm this statement: “Every administrative action records a reason.”","Database Architecture & Data Model deliverable (identifier pending ODR-001)","Schema/migration evidence plus automated integrity tests.","Pending independent review","Not started"
"REQ-008.01","REQ-008","Part 2","Product Philosophy and Design Principles","L481–L483","PRODUCT PHILOSOPHY / EarnPearls must be designed as a premium rewards platform that prioritizes trust, simplicity, transparency, performance, and scalability.","0bc753f0a26cc7c74c6a34ba03ce850bde3b4c01b144f4c169ee567a0cf7b153","The platform prioritizes trust, simplicity, transparency, performance, and scalability.","MUST","Non-functional","V1","CD","Shared","None stated by the Constitution","A defined measurement or design review confirms this statement: “The platform prioritizes trust, simplicity, transparency, performance, and scalability.”","Business/Product/Technical Blueprint (identifier pending ODR-001)","Defined metric/standard plus measured result or documented review.","Pending independent review","Not started"
"REQ-008.02","REQ-008","Part 2","Product Philosophy and Design Principles","L485","The product should feel modern, fast, intuitive, and highly polished.","0ae874a63737caccb50d8a5fd612804453d68da3e557f43a59e4ce6536f88609","The product feels modern, fast, intuitive, and highly polished.","SHOULD","Non-functional","V1","REC","Shared","None stated by the Constitution","A defined measurement or design review confirms this statement: “The product feels modern, fast, intuitive, and highly polished.”","Business/Product/Technical Blueprint (identifier pending ODR-001)","Defined metric/standard plus measured result or documented review.","Pending independent review","Not started"
"REQ-008.03","REQ-008","Part 2","Product Philosophy and Design Principles","L487–L491","Every design decision should answer one question: / \> ""Does this improve user trust, usability, or long-term scalability?"" / If not, reconsider the implementation.","450a71477070ce672d05c2b5082b25f3fd951c56e45073c712f9c2afba5c65b9","Design decisions are reconsidered when they do not improve user trust, usability, or long-term scalability.","SHOULD","Non-functional","V1","REC","Shared","None stated by the Constitution","A defined measurement or design review confirms this statement: “Design decisions are reconsidered when they do not improve user trust, usability, or long-term scalability.”","Business/Product/Technical Blueprint (identifier pending ODR-001)","Defined metric/standard plus measured result or documented review.","Pending independent review","Not started"
"REQ-008.04","REQ-008","Part 2","Product Philosophy and Design Principles","L493","The platform should avoid clutter. Every screen should have a clear purpose.","f9090de082cd026482e2979979813116ed97f61867e9906a06b8f63fb85ebc1c","Screens avoid clutter and have a clear purpose.","SHOULD","Non-functional","V1","REC","Frontend handoff","None stated by the Constitution","A defined measurement or design review confirms this statement: “Screens avoid clutter and have a clear purpose.”","Frontend Product/Design Blueprint (frontend-owned; identifier pending ODR-001)","Defined metric/standard plus measured result or documented review.","Pending independent review","Not started"
"REQ-008.05","REQ-008","Part 2","Product Philosophy and Design Principles","L499; L501","The product must follow these principles: || Minimalistic UI","70a32db797cc484417de61346075ac161ebd6bc3a94934c98571b1a96e6c400e","The user interface is minimalistic.","MUST","Non-functional","V1","CD","Frontend handoff","None stated by the Constitution","A defined measurement or design review confirms this statement: “The user interface is minimalistic.”","Frontend Product/Design Blueprint (frontend-owned; identifier pending ODR-001)","Defined metric/standard plus measured result or documented review.","Pending independent review","Not started"
"REQ-008.06","REQ-008","Part 2","Product Philosophy and Design Principles","L499; L503","The product must follow these principles: || Fast page loading","b3fbee478e3b485db23d1cc07ec5e2a66f0ec4e581a28f0bb3b5fa79f0119ade","Pages load quickly.","MUST","Non-functional","V1","CD","Shared","None stated by the Constitution","A defined measurement or design review confirms this statement: “Pages load quickly.”","Business/Product/Technical Blueprint (identifier pending ODR-001)","Defined metric/standard plus measured result or documented review.","Pending independent review","Not started"
"REQ-008.07","REQ-008","Part 2","Product Philosophy and Design Principles","L499; L505","The product must follow these principles: || Mobile-first responsive design","227d30189cb8a00756314da8019fe4ee95c56fbaab16b3447839bfce2b40b402","The design is mobile-first and responsive.","MUST","Non-functional","V1","CD","Frontend handoff","None stated by the Constitution","A defined measurement or design review confirms this statement: “The design is mobile-first and responsive.”","Frontend Product/Design Blueprint (frontend-owned; identifier pending ODR-001)","Defined metric/standard plus measured result or documented review.","Pending independent review","Not started"
"REQ-008.08","REQ-008","Part 2","Product Philosophy and Design Principles","L499; L507","The product must follow these principles: || Desktop optimized","8f679b687479e50dbbbbb5365928cd411bb19b13f6703ccb16c76ed02944c67c","The design is optimized for desktop.","MUST","Non-functional","V1","CD","Frontend handoff","None stated by the Constitution","A defined measurement or design review confirms this statement: “The design is optimized for desktop.”","Frontend Product/Design Blueprint (frontend-owned; identifier pending ODR-001)","Defined metric/standard plus measured result or documented review.","Pending independent review","Not started"
"REQ-008.09","REQ-008","Part 2","Product Philosophy and Design Principles","L499; L509","The product must follow these principles: || Accessibility-friendly","247dc23bbee2ebba756c2d245d55d630c238ece0210b37e8fb371410c6cedf34","The design is accessibility-friendly.","MUST","Non-functional","V1","CD","Frontend handoff","None stated by the Constitution","A defined measurement or design review confirms this statement: “The design is accessibility-friendly.”","Frontend Product/Design Blueprint (frontend-owned; identifier pending ODR-001)","Defined metric/standard plus measured result or documented review.","Pending independent review","Not started"
"REQ-008.10","REQ-008","Part 2","Product Philosophy and Design Principles","L499; L511","The product must follow these principles: || Clean typography","10ce7bc509e517ce0a085491c344b89480cbe040248070b63b576e35294c5fd4","The design uses clean typography.","MUST","Non-functional","V1","CD","Frontend handoff","None stated by the Constitution","A defined measurement or design review confirms this statement: “The design uses clean typography.”","Frontend Product/Design Blueprint (frontend-owned; identifier pending ODR-001)","Defined metric/standard plus measured result or documented review.","Pending independent review","Not started"
"REQ-008.11","REQ-008","Part 2","Product Philosophy and Design Principles","L499; L513","The product must follow these principles: || Modern spacing","391e1acaef412bc7f2982af30ff6b0103aeef67e968a358bc06f14fecca8d30d","The design uses modern spacing.","MUST","Non-functional","V1","CD","Frontend handoff","None stated by the Constitution","A defined measurement or design review confirms this statement: “The design uses modern spacing.”","Frontend Product/Design Blueprint (frontend-owned; identifier pending ODR-001)","Defined metric/standard plus measured result or documented review.","Pending independent review","Not started"
"REQ-008.12","REQ-008","Part 2","Product Philosophy and Design Principles","L499; L515","The product must follow these principles: || Consistent color palette","36bdf9c98954ca0609e4c21fd98767f0e6b7bdb224988aee9539ae329f251550","The design uses a consistent color palette.","MUST","Non-functional","V1","CD","Frontend handoff","None stated by the Constitution","A defined measurement or design review confirms this statement: “The design uses a consistent color palette.”","Frontend Product/Design Blueprint (frontend-owned; identifier pending ODR-001)","Defined metric/standard plus measured result or documented review.","Pending independent review","Not started"
"REQ-008.13","REQ-008","Part 2","Product Philosophy and Design Principles","L499; L517","The product must follow these principles: || Smooth animations","64fdfe6bd7ef8651f7a029979ed97d1a95ee581ddbd4782c66165becd7de67b3","The design uses smooth animations.","MUST","Non-functional","V1","CD","Frontend handoff","None stated by the Constitution","A defined measurement or design review confirms this statement: “The design uses smooth animations.”","Frontend Product/Design Blueprint (frontend-owned; identifier pending ODR-001)","Defined metric/standard plus measured result or documented review.","Pending independent review","Not started"
"REQ-008.14","REQ-008","Part 2","Product Philosophy and Design Principles","L499; L519","The product must follow these principles: || High readability","84cec5fb9f4102c744f4d00440f1664e8f76b5d507c7f1d71acac5c4f454c4bd","The design provides high readability.","MUST","Non-functional","V1","CD","Frontend handoff","None stated by the Constitution","A defined measurement or design review confirms this statement: “The design provides high readability.”","Frontend Product/Design Blueprint (frontend-owned; identifier pending ODR-001)","Defined metric/standard plus measured result or documented review.","Pending independent review","Not started"
"REQ-008.15","REQ-008","Part 2","Product Philosophy and Design Principles","L499; L521","The product must follow these principles: || Simple navigation","604d9e647a6f8033b8ba4147e7d35d1c6bdc730a24fc84069fb66c67be87ccf1","Navigation is simple.","MUST","Non-functional","V1","CD","Frontend handoff","None stated by the Constitution","A defined measurement or design review confirms this statement: “Navigation is simple.”","Frontend Product/Design Blueprint (frontend-owned; identifier pending ODR-001)","Defined metric/standard plus measured result or documented review.","Pending independent review","Not started"
"REQ-008.16","REQ-008","Part 2","Product Philosophy and Design Principles","L499; L523","The product must follow these principles: || Professional appearance","d8344f3061913388ccc7cec7962572c81fc3292a2dc9f2ff9bd07388ba4c5f34","The platform has a professional appearance.","MUST","Non-functional","V1","CD","Frontend handoff","None stated by the Constitution","A defined measurement or design review confirms this statement: “The platform has a professional appearance.”","Frontend Product/Design Blueprint (frontend-owned; identifier pending ODR-001)","Defined metric/standard plus measured result or documented review.","Pending independent review","Not started"
"REQ-008.17","REQ-008","Part 2","Product Philosophy and Design Principles","L499; L525","The product must follow these principles: || Enterprise-grade stability","1e71cef0328f204b2d7be15ecef0199ed1779a6901bc7d0670305fa59f635ab1","The platform provides enterprise-grade stability.","MUST","Non-functional","V1","CD","Architecture","None stated by the Constitution","A defined measurement or design review confirms this statement: “The platform provides enterprise-grade stability.”","Business/Product/Technical Blueprint (identifier pending ODR-001)","Defined metric/standard plus measured result or documented review.","Pending independent review","Not started"
"REQ-008.18","REQ-008","Part 2","Product Philosophy and Design Principles","L527","The user should never feel overwhelmed.","74add877650b7d459a5963871af6dae663bf1fef871d0790bc796b84abc22dcf","The user experience avoids overwhelming users.","SHOULD","Non-functional","V1","REC","Frontend handoff","None stated by the Constitution","A defined measurement or design review confirms this statement: “The user experience avoids overwhelming users.”","Frontend Product/Design Blueprint (frontend-owned; identifier pending ODR-001)","Defined metric/standard plus measured result or documented review.","Pending independent review","Not started"
"REQ-009.01","REQ-009","Part 2","Homepage","L531–L533","HOMEPAGE / Design a world-class homepage.","57faedb7704a3d9cec47dd320a8363e27b44c729be25f99df88d099b73762a4b","The homepage is designed to a world-class standard.","MUST","Non-functional","V1","CD","Frontend handoff","None stated by the Constitution","A defined measurement or design review confirms this statement: “The homepage is designed to a world-class standard.”","Frontend Product/Design Blueprint (frontend-owned; identifier pending ODR-001)","Defined metric/standard plus measured result or documented review.","Pending independent review","Not started"
"REQ-009.02","REQ-009","Part 2","Homepage","L535; L537","The homepage should include: || Hero Section","0f705e9de183f7711d3841621127e3d7806c3f16ed2c02403c46ac2333082fd5","The homepage includes a hero section.","SHOULD","Functional","V1","CBR","Frontend handoff","None stated by the Constitution","An acceptance test confirms this statement: “The homepage includes a hero section.”","Frontend Product/Design Blueprint (frontend-owned; identifier pending ODR-001)","Passing functional test and relevant audit/event record where applicable.","Pending independent review","Not started"
"REQ-009.03","REQ-009","Part 2","Homepage","L535; L539","The homepage should include: || Clear Value Proposition","809a6ef2df9608ec6a4141c9cd8a4735399f699e47c07b369e3b5e4822e61b37","The homepage includes a clear value proposition.","SHOULD","Functional","V1","CBR","Frontend handoff","None stated by the Constitution","An acceptance test confirms this statement: “The homepage includes a clear value proposition.”","Frontend Product/Design Blueprint (frontend-owned; identifier pending ODR-001)","Passing functional test and relevant audit/event record where applicable.","Pending independent review","Not started"
"REQ-009.04","REQ-009","Part 2","Homepage","L535; L541","The homepage should include: || Primary CTA","9aa2fc8097fc22b550bd480a1ac73ca5148c1c77486c271346f520564cbd1aa9","The homepage includes a primary call to action.","SHOULD","Functional","V1","CBR","Frontend handoff","None stated by the Constitution","An acceptance test confirms this statement: “The homepage includes a primary call to action.”","Frontend Product/Design Blueprint (frontend-owned; identifier pending ODR-001)","Passing functional test and relevant audit/event record where applicable.","Pending independent review","Not started"
"REQ-009.05","REQ-009","Part 2","Homepage","L535; L543","The homepage should include: || Secondary CTA","f05cad097f190bc2ee9d316c0d90c0ab484fef88e2efa9dcabfc47936ee5a3f7","The homepage includes a secondary call to action.","SHOULD","Functional","V1","CBR","Frontend handoff","None stated by the Constitution","An acceptance test confirms this statement: “The homepage includes a secondary call to action.”","Frontend Product/Design Blueprint (frontend-owned; identifier pending ODR-001)","Passing functional test and relevant audit/event record where applicable.","Pending independent review","Not started"
"REQ-009.06","REQ-009","Part 2","Homepage","L535; L545","The homepage should include: || How It Works","82fad4fdf610e59d910052ab50744ded3cd080fd625b6d4e6741c1632d1c2617","The homepage explains how EarnPearls works.","SHOULD","Functional","V1","CBR","Frontend handoff","None stated by the Constitution","An acceptance test confirms this statement: “The homepage explains how EarnPearls works.”","Frontend Product/Design Blueprint (frontend-owned; identifier pending ODR-001)","Passing functional test and relevant audit/event record where applicable.","Pending independent review","Not started"
"REQ-009.07","REQ-009","Part 2","Homepage","L535; L547","The homepage should include: || Why Choose EarnPearls","90c95e1d99ea2bc536c3af725ce2c3d319dc1a8aa6d761f06c9f5609e844267f","The homepage explains why users should choose EarnPearls.","SHOULD","Functional","V1","CBR","Frontend handoff","None stated by the Constitution","An acceptance test confirms this statement: “The homepage explains why users should choose EarnPearls.”","Frontend Product/Design Blueprint (frontend-owned; identifier pending ODR-001)","Passing functional test and relevant audit/event record where applicable.","Pending independent review","Not started"
"REQ-009.08","REQ-009","Part 2","Homepage","L535; L549","The homepage should include: || Survey Providers (without misleading claims)","decc744e130db1e84578d8f0deaf9ec8403a04f81d8e47fd975a72ee4ce52bc7","The homepage can present survey providers without misleading claims.","SHOULD","Compliance","V1","REC","Shared","EFE-001","An acceptance test confirms this statement: “The homepage can present survey providers without misleading claims.”","Security, Fraud & Compliance deliverable (identifier pending ODR-001)","Control mapping, authoritative evidence, and review record.","Pending independent review","Not started"
"REQ-009.09","REQ-009","Part 2","Homepage","L535; L551","The homepage should include: || Rewards Explanation","27d1e64af5ffabc5df4858dcc17abc52ab3545deffcc11d1770a2c21319c52e9","The homepage explains rewards.","SHOULD","Functional","V1","CBR","Frontend handoff","None stated by the Constitution","An acceptance test confirms this statement: “The homepage explains rewards.”","Frontend Product/Design Blueprint (frontend-owned; identifier pending ODR-001)","Passing functional test and relevant audit/event record where applicable.","Pending independent review","Not started"
"REQ-009.10","REQ-009","Part 2","Homepage","L535; L553","The homepage should include: || Security & Trust Section","87b4889dfd5a29399548c2fd8006072dbc859c1d8a75f1f9a5d62da2f719de3f","The homepage includes a security and trust section.","SHOULD","Functional","V1","CBR","Frontend handoff","None stated by the Constitution","An acceptance test confirms this statement: “The homepage includes a security and trust section.”","Frontend Product/Design Blueprint (frontend-owned; identifier pending ODR-001)","Passing functional test and relevant audit/event record where applicable.","Pending independent review","Not started"
"REQ-009.11","REQ-009","Part 2","Homepage","L535; L555","The homepage should include: || User Testimonials (placeholder until available)","885fc82157d3e311ebcbcf3527be77690dcd6a193bc65e79d9893055fd545b59","The homepage uses testimonial placeholders until genuine testimonials are available.","SHOULD","Compliance","V1","REC","Shared","None stated by the Constitution","An acceptance test confirms this statement: “The homepage uses testimonial placeholders until genuine testimonials are available.”","Security, Fraud & Compliance deliverable (identifier pending ODR-001)","Control mapping, authoritative evidence, and review record.","Pending independent review","Not started"
"REQ-009.12","REQ-009","Part 2","Homepage","L535; L557","The homepage should include: || FAQs","9dd27225a818a58bce072a184ef4d6e70e6fe56afcd51a63f06f51443f46a7bf","The homepage includes frequently asked questions.","SHOULD","Functional","V1","CBR","Frontend handoff","None stated by the Constitution","An acceptance test confirms this statement: “The homepage includes frequently asked questions.”","Frontend Product/Design Blueprint (frontend-owned; identifier pending ODR-001)","Passing functional test and relevant audit/event record where applicable.","Pending independent review","Not started"
"REQ-009.13","REQ-009","Part 2","Homepage","L535; L559","The homepage should include: || Latest Blog Posts","b54624a059a8c58444372e564a39a3dadfb754692af8bde322c4a42d5decd6e9","The homepage includes latest blog posts.","SHOULD","Functional","V1","CBR","Frontend handoff","None stated by the Constitution","An acceptance test confirms this statement: “The homepage includes latest blog posts.”","Frontend Product/Design Blueprint (frontend-owned; identifier pending ODR-001)","Passing functional test and relevant audit/event record where applicable.","Pending independent review","Not started"
"REQ-009.14","REQ-009","Part 2","Homepage","L535; L561","The homepage should include: || Footer","c84d7cd75a52eda19e380b784c95b8fe604c84a52426ccc6878ede6d21ed015b","The homepage includes a footer.","SHOULD","Functional","V1","CBR","Frontend handoff","None stated by the Constitution","An acceptance test confirms this statement: “The homepage includes a footer.”","Frontend Product/Design Blueprint (frontend-owned; identifier pending ODR-001)","Passing functional test and relevant audit/event record where applicable.","Pending independent review","Not started"
"REQ-009.15","REQ-009","Part 2","Homepage","L563","The homepage should maximize trust.","498169b4f7da8fe83523106a79f42544ed7263e00b816db2beaa8d1fa7a33dc9","The homepage is optimized to maximize user trust.","SHOULD","Non-functional","V1","REC","Frontend handoff","None stated by the Constitution","A defined measurement or design review confirms this statement: “The homepage is optimized to maximize user trust.”","Frontend Product/Design Blueprint (frontend-owned; identifier pending ODR-001)","Defined metric/standard plus measured result or documented review.","Pending independent review","Not started"
"REQ-010.01","REQ-010","Part 2","User Dashboard","L571; L573","It must display: || Welcome Message","0290d9bf598390b58abc3be26339a99eb5d833e84d2a610e5d2fd768d78cd7fd","The dashboard displays a welcome message.","MUST","Functional","V1","CBR","Shared","None stated by the Constitution","An acceptance test confirms this statement: “The dashboard displays a welcome message.”","Business/Product/Technical Blueprint (identifier pending ODR-001)","Passing functional test and relevant audit/event record where applicable.","Pending independent review","Not started"
"REQ-010.02","REQ-010","Part 2","User Dashboard","L571; L575","It must display: || Current Points","e2c26910a166b009bac1b4398f0db6879038e8516c8cf8a0f6acc3fcebafdd64","The dashboard displays current points.","MUST","Functional","V1","CBR","Shared","None stated by the Constitution","An acceptance test confirms this statement: “The dashboard displays current points.”","Business/Product/Technical Blueprint (identifier pending ODR-001)","Passing functional test and relevant audit/event record where applicable.","Pending independent review","Not started"
"REQ-010.03","REQ-010","Part 2","User Dashboard","L571; L577","It must display: || USD Balance","c949b980eecfc3903acbbcae215eee86bd549343422fd15561a0ab3140849795","The dashboard displays the USD balance.","MUST","Functional","V1","CBR","Shared","None stated by the Constitution","An acceptance test confirms this statement: “The dashboard displays the USD balance.”","Business/Product/Technical Blueprint (identifier pending ODR-001)","Passing functional test and relevant audit/event record where applicable.","Pending independent review","Not started"
"REQ-010.04","REQ-010","Part 2","User Dashboard","L571; L579","It must display: || Estimated Local Currency","9f6d0e8b88d9274974d6742b7a6d69fd3891a17106c34f76c03f95095278047c","The dashboard displays an estimated local-currency balance.","MUST","Functional","V1","CBR","Shared","None stated by the Constitution","An acceptance test confirms this statement: “The dashboard displays an estimated local-currency balance.”","Business/Product/Technical Blueprint (identifier pending ODR-001)","Passing functional test and relevant audit/event record where applicable.","Pending independent review","Not started"
"REQ-010.05","REQ-010","Part 2","User Dashboard","L571; L581","It must display: || Pending Balance","31d8621ecc182692dfbe14955c21a39c9adc59c5c6aaa19203eebfb8ff82f637","The dashboard displays the pending balance.","MUST","Functional","V1","CBR","Shared","None stated by the Constitution","An acceptance test confirms this statement: “The dashboard displays the pending balance.”","Business/Product/Technical Blueprint (identifier pending ODR-001)","Passing functional test and relevant audit/event record where applicable.","Pending independent review","Not started"
"REQ-010.06","REQ-010","Part 2","User Dashboard","L571; L583","It must display: || Mature Balance","efde69babcb223103b44fa055495a2bb88704e4b4e7793a2f8503afa5afb8fe6","The dashboard displays the mature balance.","MUST","Functional","V1","CBR","Shared","None stated by the Constitution","An acceptance test confirms this statement: “The dashboard displays the mature balance.”","Business/Product/Technical Blueprint (identifier pending ODR-001)","Passing functional test and relevant audit/event record where applicable.","Pending independent review","Not started"
"REQ-010.07","REQ-010","Part 2","User Dashboard","L571; L585","It must display: || Available Balance","d2e1a43a9a26fe362753bc6b17c83f0e1164e713098997c9dbb6d84f7978083b","The dashboard displays the available balance.","MUST","Functional","V1","CBR","Shared","None stated by the Constitution","An acceptance test confirms this statement: “The dashboard displays the available balance.”","Business/Product/Technical Blueprint (identifier pending ODR-001)","Passing functional test and relevant audit/event record where applicable.","Pending independent review","Not started"
"REQ-010.08","REQ-010","Part 2","User Dashboard","L571; L587","It must display: || Total Lifetime Earnings","195d3a7cd422c47702971fa773845ed36c2f30191b546a49ed314818a8f7f8c1","The dashboard displays total lifetime earnings.","MUST","Functional","V1","CBR","Shared","None stated by the Constitution","An acceptance test confirms this statement: “The dashboard displays total lifetime earnings.”","Business/Product/Technical Blueprint (identifier pending ODR-001)","Passing functional test and relevant audit/event record where applicable.","Pending independent review","Not started"
"REQ-010.09","REQ-010","Part 2","User Dashboard","L571; L589","It must display: || Weekly Earnings","2c0faf5f54495d8328c29ff6f86022ae2cf4f3f04e0aa2e1e42c2c6f5d6f0278","The dashboard displays weekly earnings.","MUST","Functional","V1","CBR","Shared","None stated by the Constitution","An acceptance test confirms this statement: “The dashboard displays weekly earnings.”","Business/Product/Technical Blueprint (identifier pending ODR-001)","Passing functional test and relevant audit/event record where applicable.","Pending independent review","Not started"
"REQ-010.10","REQ-010","Part 2","User Dashboard","L571; L591","It must display: || Monthly Earnings","8dc90d5052745c7eec8c29d55763fc002435f8872884dd0ef1fed576b8f5ab48","The dashboard displays monthly earnings.","MUST","Functional","V1","CBR","Shared","None stated by the Constitution","An acceptance test confirms this statement: “The dashboard displays monthly earnings.”","Business/Product/Technical Blueprint (identifier pending ODR-001)","Passing functional test and relevant audit/event record where applicable.","Pending independent review","Not started"
"REQ-010.11","REQ-010","Part 2","User Dashboard","L571; L593","It must display: || Leaderboard Rank","ecce97dcddcf58a70f9565ca008a4d43694415159f806c8a47d2073da7f15b63","The dashboard displays leaderboard rank.","MUST","Functional","V1","CBR","Shared","None stated by the Constitution","An acceptance test confirms this statement: “The dashboard displays leaderboard rank.”","Business/Product/Technical Blueprint (identifier pending ODR-001)","Passing functional test and relevant audit/event record where applicable.","Pending independent review","Not started"
"REQ-010.12","REQ-010","Part 2","User Dashboard","L571; L595","It must display: || Available Surveys","2b96ce914e1ca8ab8ee691acd31d45be02cfed2a4ba18cd59768bb892eb25dfb","The dashboard displays available surveys.","MUST","Functional","V1","CBR","Shared","None stated by the Constitution","An acceptance test confirms this statement: “The dashboard displays available surveys.”","Business/Product/Technical Blueprint (identifier pending ODR-001)","Passing functional test and relevant audit/event record where applicable.","Pending independent review","Not started"
"REQ-010.13","REQ-010","Part 2","User Dashboard","L571; L597","It must display: || Recent Activity","34d32f1954d69b57a730e495da18f7ddaa59a394d89cb91941f1b73964c1f04a","The dashboard displays recent activity.","MUST","Functional","V1","CBR","Shared","None stated by the Constitution","An acceptance test confirms this statement: “The dashboard displays recent activity.”","Business/Product/Technical Blueprint (identifier pending ODR-001)","Passing functional test and relevant audit/event record where applicable.","Pending independent review","Not started"
"REQ-010.14","REQ-010","Part 2","User Dashboard","L571; L599","It must display: || Notifications","98607c9eccea974a30c8f382ed96fe8ec2ed43d2897439b252914a6aefbfe9ab","The dashboard displays notifications.","MUST","Functional","V1","CBR","Shared","None stated by the Constitution","An acceptance test confirms this statement: “The dashboard displays notifications.”","Business/Product/Technical Blueprint (identifier pending ODR-001)","Passing functional test and relevant audit/event record where applicable.","Pending independent review","Not started"
"REQ-010.15","REQ-010","Part 2","User Dashboard","L571; L601","It must display: || Support Messages","c83ae1d39861c01706d4be36755b3f21ee418315ad2fe059073b53e0ea0bef85","The dashboard displays support messages.","MUST","Functional","V1","CBR","Shared","None stated by the Constitution","An acceptance test confirms this statement: “The dashboard displays support messages.”","Business/Product/Technical Blueprint (identifier pending ODR-001)","Passing functional test and relevant audit/event record where applicable.","Pending independent review","Not started"
"REQ-010.16","REQ-010","Part 2","User Dashboard","L571; L603","It must display: || Profile Completion","b582a9d38c9a7c76ac8d6698e674695e715dcbfc5ce0717244d6f21b48a9bd79","The dashboard displays profile completion.","MUST","Functional","V1","CBR","Shared","None stated by the Constitution","An acceptance test confirms this statement: “The dashboard displays profile completion.”","Business/Product/Technical Blueprint (identifier pending ODR-001)","Passing functional test and relevant audit/event record where applicable.","Pending independent review","Not started"
"REQ-010.17","REQ-010","Part 2","User Dashboard","L571; L605","It must display: || Latest Platform Announcements","383895ed89af29ecae348e2cc4a3828ee5ccbf89190c85a00484fe3a1a846b2a","The dashboard displays latest platform announcements.","MUST","Functional","V1","CBR","Shared","None stated by the Constitution","An acceptance test confirms this statement: “The dashboard displays latest platform announcements.”","Business/Product/Technical Blueprint (identifier pending ODR-001)","Passing functional test and relevant audit/event record where applicable.","Pending independent review","Not started"
"REQ-010.18","REQ-010","Part 2","User Dashboard","L607","The dashboard should provide all important information without feeling crowded.","cfe4e63dc09d8837f1ffd86d0f98aa5706a1477d8633259306bb8c1d58282cdb","The dashboard provides important information without feeling crowded.","SHOULD","Non-functional","V1","REC","Frontend handoff","None stated by the Constitution","A defined measurement or design review confirms this statement: “The dashboard provides important information without feeling crowded.”","Frontend Product/Design Blueprint (frontend-owned; identifier pending ODR-001)","Defined metric/standard plus measured result or documented review.","Pending independent review","Not started"
"REQ-011.01","REQ-011","Part 2","Wallet System","L611–L613","WALLET SYSTEM / Design a professional wallet similar to fintech applications.","1767b81cd9db634eac8b9e6e07cfc8b49581349ad2970dec80419d07a1ca8879","The wallet has a professional fintech-style experience.","SHOULD","Non-functional","V1","REC","Frontend handoff","None stated by the Constitution","A defined measurement or design review confirms this statement: “The wallet has a professional fintech-style experience.”","Frontend Product/Design Blueprint (frontend-owned; identifier pending ODR-001)","Defined metric/standard plus measured result or documented review.","Pending independent review","Not started"
"REQ-011.02","REQ-011","Part 2","Wallet System","L615; L617","Wallet must include: || Current Balance","de25a8c84d8614ce1b4c79efdce7809d5dfb73da4621452b524b72ef1c837394","The wallet includes current balance.","MUST","Functional","V1","CBR","Shared","None stated by the Constitution","An acceptance test confirms this statement: “The wallet includes current balance.”","Business/Product/Technical Blueprint (identifier pending ODR-001)","Passing functional test and relevant audit/event record where applicable.","Pending independent review","Not started"
"REQ-011.03","REQ-011","Part 2","Wallet System","L615; L619","Wallet must include: || Pending Balance","0541c6f10038bceda249245fd2b6baf0bc48f5cf428515f4a95ff362488176be","The wallet includes pending balance.","MUST","Functional","V1","CBR","Shared","None stated by the Constitution","An acceptance test confirms this statement: “The wallet includes pending balance.”","Business/Product/Technical Blueprint (identifier pending ODR-001)","Passing functional test and relevant audit/event record where applicable.","Pending independent review","Not started"
"REQ-011.04","REQ-011","Part 2","Wallet System","L615; L621","Wallet must include: || Validated Balance","16bde444262ab7e9c7d2e42a3354f6c42ef0934168c0476156106408c979a97f","The wallet includes validated balance.","MUST","Functional","V1","CBR","Shared","None stated by the Constitution","An acceptance test confirms this statement: “The wallet includes validated balance.”","Business/Product/Technical Blueprint (identifier pending ODR-001)","Passing functional test and relevant audit/event record where applicable.","Pending independent review","Not started"
"REQ-011.05","REQ-011","Part 2","Wallet System","L615; L623","Wallet must include: || Mature Balance","6a47968ee7c06bd0ea0534926a1573e58be155afbde8d266984cc4486a7097af","The wallet includes mature balance.","MUST","Functional","V1","CBR","Shared","None stated by the Constitution","An acceptance test confirms this statement: “The wallet includes mature balance.”","Business/Product/Technical Blueprint (identifier pending ODR-001)","Passing functional test and relevant audit/event record where applicable.","Pending independent review","Not started"
"REQ-011.06","REQ-011","Part 2","Wallet System","L615; L625","Wallet must include: || Withdrawable Balance","c555a7090a74238fcfdc4b7a18acab37e318dc7566a38fac824e88acd5a8f80c","The wallet includes withdrawable balance.","MUST","Functional","V1","CBR","Shared","None stated by the Constitution","An acceptance test confirms this statement: “The wallet includes withdrawable balance.”","Business/Product/Technical Blueprint (identifier pending ODR-001)","Passing functional test and relevant audit/event record where applicable.","Pending independent review","Not started"
"REQ-011.07","REQ-011","Part 2","Wallet System","L615; L627","Wallet must include: || Total Earnings","a8806768a7af04e75f89baa988bd5bd749528505548fb6859db52511cdbc43c2","The wallet includes total earnings.","MUST","Functional","V1","CBR","Shared","None stated by the Constitution","An acceptance test confirms this statement: “The wallet includes total earnings.”","Business/Product/Technical Blueprint (identifier pending ODR-001)","Passing functional test and relevant audit/event record where applicable.","Pending independent review","Not started"
"REQ-011.08","REQ-011","Part 2","Wallet System","L615; L629","Wallet must include: || Total Withdrawals","a3113d7b75f3f5a262c24939a5959013e2d4bbe7ab83b11c32782b3c74b4b073","The wallet includes total withdrawals.","MUST","Functional","V1","CBR","Shared","None stated by the Constitution","An acceptance test confirms this statement: “The wallet includes total withdrawals.”","Business/Product/Technical Blueprint (identifier pending ODR-001)","Passing functional test and relevant audit/event record where applicable.","Pending independent review","Not started"
"REQ-011.09","REQ-011","Part 2","Wallet System","L615; L631","Wallet must include: || Processing Withdrawals","e568355048ccb2fcce622b29c8dcc16acb1806a88718396126351d018aa77bbe","The wallet includes processing withdrawals.","MUST","Functional","V1","CBR","Shared","None stated by the Constitution","An acceptance test confirms this statement: “The wallet includes processing withdrawals.”","Business/Product/Technical Blueprint (identifier pending ODR-001)","Passing functional test and relevant audit/event record where applicable.","Pending independent review","Not started"
"REQ-011.10","REQ-011","Part 2","Wallet System","L615; L633","Wallet must include: || Rejected Withdrawals","7f0e676a14ef92089b9d99a935fa58634ea71fa9fc9bfe9108a0f47b92f88d86","The wallet includes rejected withdrawals.","MUST","Functional","V1","CBR","Shared","None stated by the Constitution","An acceptance test confirms this statement: “The wallet includes rejected withdrawals.”","Business/Product/Technical Blueprint (identifier pending ODR-001)","Passing functional test and relevant audit/event record where applicable.","Pending independent review","Not started"
"REQ-011.11","REQ-011","Part 2","Wallet System","L615; L635","Wallet must include: || Reward Points","0f681095c3f85f9db958f5843deac0fd1f8b59c3dcb3983e3567978044277378","The wallet includes reward points.","MUST","Functional","V1","CBR","Shared","None stated by the Constitution","An acceptance test confirms this statement: “The wallet includes reward points.”","Business/Product/Technical Blueprint (identifier pending ODR-001)","Passing functional test and relevant audit/event record where applicable.","Pending independent review","Not started"
"REQ-011.12","REQ-011","Part 2","Wallet System","L615; L637","Wallet must include: || USD Value","ac41fe3ba8d4e195fedc15d00e64273f77c841012e826a7e936d9a2d0729a99b","The wallet includes USD value.","MUST","Functional","V1","CBR","Shared","None stated by the Constitution","An acceptance test confirms this statement: “The wallet includes USD value.”","Business/Product/Technical Blueprint (identifier pending ODR-001)","Passing functional test and relevant audit/event record where applicable.","Pending independent review","Not started"
"REQ-011.13","REQ-011","Part 2","Wallet System","L615; L639","Wallet must include: || Estimated Local Currency","9f47d844ba97b19a8a5222f8d2b49d0ebf11e9e96bd6edd9055c61187d57bb07","The wallet includes estimated local currency.","MUST","Functional","V1","CBR","Shared","None stated by the Constitution","An acceptance test confirms this statement: “The wallet includes estimated local currency.”","Business/Product/Technical Blueprint (identifier pending ODR-001)","Passing functional test and relevant audit/event record where applicable.","Pending independent review","Not started"
"REQ-011.14","REQ-011","Part 2","Wallet System","L615; L641","Wallet must include: || Wallet History","db1d395c853281caccc5d269f1721a0079e1b59056e8ef5a4b7e06f2d49ab82e","The wallet includes wallet history.","MUST","Functional","V1","CBR","Shared","None stated by the Constitution","An acceptance test confirms this statement: “The wallet includes wallet history.”","Business/Product/Technical Blueprint (identifier pending ODR-001)","Passing functional test and relevant audit/event record where applicable.","Pending independent review","Not started"
"REQ-011.15","REQ-011","Part 2","Wallet System","L615; L643","Wallet must include: || Transaction History","9efdc8c03c012620a33210dc1219b9d0db82c9a11fbb9bfb6f60dcf32d251644","The wallet includes transaction history.","MUST","Functional","V1","CBR","Shared","None stated by the Constitution","An acceptance test confirms this statement: “The wallet includes transaction history.”","Business/Product/Technical Blueprint (identifier pending ODR-001)","Passing functional test and relevant audit/event record where applicable.","Pending independent review","Not started"
"REQ-011.16","REQ-011","Part 2","Wallet System","L615; L645","Wallet must include: || Provider History","6a1cc1d3ac2c3f9f13c915fb345ff8fd6d4016831d46f52641a73cb158a65da9","The wallet includes provider history.","MUST","Functional","V1","CBR","Shared","None stated by the Constitution","An acceptance test confirms this statement: “The wallet includes provider history.”","Business/Product/Technical Blueprint (identifier pending ODR-001)","Passing functional test and relevant audit/event record where applicable.","Pending independent review","Not started"
"REQ-011.17","REQ-011","Part 2","Wallet System","L615; L647","Wallet must include: || Withdrawal History","890f7dfb397704d6178f894dd41c5c9d2e541efcf0bee15c860ce23a3873fa43","The wallet includes withdrawal history.","MUST","Functional","V1","CBR","Shared","None stated by the Constitution","An acceptance test confirms this statement: “The wallet includes withdrawal history.”","Business/Product/Technical Blueprint (identifier pending ODR-001)","Passing functional test and relevant audit/event record where applicable.","Pending independent review","Not started"
"REQ-011.18","REQ-011","Part 2","Wallet System","L615; L649","Wallet must include: || Reward History","04cd6da847176d4cb4be1a126f2cb3bf3d8ecc8dee70ffea36f5a48258ecc37e","The wallet includes reward history.","MUST","Functional","V1","CBR","Shared","None stated by the Constitution","An acceptance test confirms this statement: “The wallet includes reward history.”","Business/Product/Technical Blueprint (identifier pending ODR-001)","Passing functional test and relevant audit/event record where applicable.","Pending independent review","Not started"
"REQ-011.19","REQ-011","Part 2","Wallet System","L651","The wallet should be extremely transparent.","ebd89e251b29d9c6f134acdc95bbe41e134ba0571e74468414fd1b4fc42af1ca","The wallet is transparent about financial states and history.","SHOULD","Non-functional","V1","REC","Shared","None stated by the Constitution","A defined measurement or design review confirms this statement: “The wallet is transparent about financial states and history.”","Business/Product/Technical Blueprint (identifier pending ODR-001)","Defined metric/standard plus measured result or documented review.","Pending independent review","Not started"
"REQ-011.20","REQ-011","Part 2","Wallet System","L653; L655","Users should always understand: || Where money came from.","0dab271245e2fa79aca3d7f4a5bdc510119b7eabb0f89a03c070045df28f1846","A user can determine where wallet money came from.","SHOULD","Functional","V1","CBR","Shared","None stated by the Constitution","An acceptance test confirms this statement: “A user can determine where wallet money came from.”","Business/Product/Technical Blueprint (identifier pending ODR-001)","Passing functional test and relevant audit/event record where applicable.","Pending independent review","Not started"
"REQ-011.21","REQ-011","Part 2","Wallet System","L653; L657","Users should always understand: || Why something is pending.","5bc2b35c077e4fde29570f234b31f548fa545fe30e36eb5b20420611ed0555ef","A user can determine why an amount is pending.","SHOULD","Functional","V1","CBR","Shared","None stated by the Constitution","An acceptance test confirms this statement: “A user can determine why an amount is pending.”","Business/Product/Technical Blueprint (identifier pending ODR-001)","Passing functional test and relevant audit/event record where applicable.","Pending independent review","Not started"
"REQ-011.22","REQ-011","Part 2","Wallet System","L653; L659","Users should always understand: || Why something is unavailable.","fdc8ba59ec7cbd2fa632c01441b7505e16c70cd6ac0e6deb3f82e54f6a159b9c","A user can determine why an amount is unavailable.","SHOULD","Functional","V1","CBR","Shared","None stated by the Constitution","An acceptance test confirms this statement: “A user can determine why an amount is unavailable.”","Business/Product/Technical Blueprint (identifier pending ODR-001)","Passing functional test and relevant audit/event record where applicable.","Pending independent review","Not started"
"REQ-011.23","REQ-011","Part 2","Wallet System","L653; L661","Users should always understand: || When it will become available.","52b97a925ac03089012ee258bbcfddb7f87dbcae61a359a9d1fd2d9a2e82fd04","A user can determine when an amount is expected to become available.","SHOULD","Functional","V1","CBR","Shared","None stated by the Constitution","An acceptance test confirms this statement: “A user can determine when an amount is expected to become available.”","Business/Product/Technical Blueprint (identifier pending ODR-001)","Passing functional test and relevant audit/event record where applicable.","Pending independent review","Not started"
"REQ-012.01","REQ-012","Part 2","Balance Maturity System","L665–L669","BALANCE MATURITY SYSTEM / One of the most important features. / Every earning should have a lifecycle.","63ee47a19104397241c34c5f61f2d12a83d83cfd5e8f22fabceec475b986eac6","Every earning has a recorded lifecycle.","SHOULD","Business Rule","V1","CBR","Backend","None stated by the Constitution","An acceptance test confirms this statement: “Every earning has a recorded lifecycle.”","Business/Product/Technical Blueprint (identifier pending ODR-001)","Passing business-rule test using controlled fixtures and expected outcomes.","Pending independent review","Not started"
"REQ-012.02","REQ-012","Part 2","Balance Maturity System","L671–L693","Example: / Survey Completed / ↓ / Pending / ↓ / Validated / ↓ / Mature / ↓ / Withdrawable / ↓ / Paid","7d310d67c27fa9bf78b328c06cd9aa4854fab0b76b52a6bec6f04e2a94227946","The earning lifecycle can represent Survey Completed, Pending, Validated, Mature, Withdrawable, and Paid in the stated order.","MUST","Business Rule","V1","CBR","Backend","None stated by the Constitution","An acceptance test confirms this statement: “The earning lifecycle can represent Survey Completed, Pending, Validated, Mature, Withdrawable, and Paid in the stated order.”","Business/Product/Technical Blueprint (identifier pending ODR-001)","Passing business-rule test using controlled fixtures and expected outcomes.","Pending independent review","Not started"
"REQ-012.03","REQ-012","Part 2","Balance Maturity System","L695; L697","Every transaction must show: || Status","7c84aae1f0705e5b17dacd58cddc9129bfb07c9d6a70915b4bc3c1a56ff3ec91","Every earning transaction shows its status.","MUST","Business Rule","V1","CBR","Backend","None stated by the Constitution","An acceptance test confirms this statement: “Every earning transaction shows its status.”","Business/Product/Technical Blueprint (identifier pending ODR-001)","Passing business-rule test using controlled fixtures and expected outcomes.","Pending independent review","Not started"
"REQ-012.04","REQ-012","Part 2","Balance Maturity System","L695; L699","Every transaction must show: || Provider","9699be15d0843a7c59b01c7ba1573e2916fe1d78fc95565e8b43640b84d2e6f1","Every earning transaction shows its provider.","MUST","Business Rule","V1","CBR","Backend","None stated by the Constitution","An acceptance test confirms this statement: “Every earning transaction shows its provider.”","Business/Product/Technical Blueprint (identifier pending ODR-001)","Passing business-rule test using controlled fixtures and expected outcomes.","Pending independent review","Not started"
"REQ-012.05","REQ-012","Part 2","Balance Maturity System","L695; L701","Every transaction must show: || Earned Date","777aecbdd83a9b73d1cf6cb049205e975e4639441aa26ab8db94b57b7d9a8135","Every earning transaction shows its earned date.","MUST","Business Rule","V1","CBR","Backend","None stated by the Constitution","An acceptance test confirms this statement: “Every earning transaction shows its earned date.”","Business/Product/Technical Blueprint (identifier pending ODR-001)","Passing business-rule test using controlled fixtures and expected outcomes.","Pending independent review","Not started"
"REQ-012.06","REQ-012","Part 2","Balance Maturity System","L695; L703","Every transaction must show: || Estimated Maturity Date","3be7b0829a9fc0d30afc4dbe5f478463510f4b680342a00816da4cf1d0dd869b","Every earning transaction shows its estimated maturity date.","MUST","Business Rule","V1","CBR","Backend","None stated by the Constitution","An acceptance test confirms this statement: “Every earning transaction shows its estimated maturity date.”","Business/Product/Technical Blueprint (identifier pending ODR-001)","Passing business-rule test using controlled fixtures and expected outcomes.","Pending independent review","Not started"
"REQ-012.07","REQ-012","Part 2","Balance Maturity System","L695; L705","Every transaction must show: || Amount","eff5831cc0b4f1b9dae9267b4cfce03053feb773919e2cf5a8cbc146f214b8e6","Every earning transaction shows its amount.","MUST","Business Rule","V1","CBR","Backend","None stated by the Constitution","An acceptance test confirms this statement: “Every earning transaction shows its amount.”","Business/Product/Technical Blueprint (identifier pending ODR-001)","Passing business-rule test using controlled fixtures and expected outcomes.","Pending independent review","Not started"
"REQ-012.08","REQ-012","Part 2","Balance Maturity System","L695; L707","Every transaction must show: || Points","8a8dabc9c9139092ed941326221e9507ea3e8c6b71088e3e32ab90b988d7ff14","Every earning transaction shows its points.","MUST","Business Rule","V1","CBR","Backend","None stated by the Constitution","An acceptance test confirms this statement: “Every earning transaction shows its points.”","Business/Product/Technical Blueprint (identifier pending ODR-001)","Passing business-rule test using controlled fixtures and expected outcomes.","Pending independent review","Not started"
"REQ-012.09","REQ-012","Part 2","Balance Maturity System","L695; L709","Every transaction must show: || USD","1519305ec406bdd94db1ef35dd4e36c77a25956e361d522e4d3d0f58f95e0368","Every earning transaction shows its USD value.","MUST","Business Rule","V1","CBR","Backend","None stated by the Constitution","An acceptance test confirms this statement: “Every earning transaction shows its USD value.”","Business/Product/Technical Blueprint (identifier pending ODR-001)","Passing business-rule test using controlled fixtures and expected outcomes.","Pending independent review","Not started"
"REQ-012.10","REQ-012","Part 2","Balance Maturity System","L695; L711","Every transaction must show: || Notes","3a631df104eb054a8030cfaba8e4c51e206ade803745d02a7dcb8f0b12bfa43a","Every earning transaction shows notes.","MUST","Business Rule","V1","CBR","Backend","None stated by the Constitution","An acceptance test confirms this statement: “Every earning transaction shows notes.”","Business/Product/Technical Blueprint (identifier pending ODR-001)","Passing business-rule test using controlled fixtures and expected outcomes.","Pending independent review","Not started"
"REQ-012.11","REQ-012","Part 2","Balance Maturity System","L713","The user should never need to contact support to understand their balance.","5b281f71464be0c45a28dd88a42e17a3867b4d205f7f80ab77305098a911994b","Balance explanations are sufficient for users to understand their balance without contacting support.","SHOULD","Non-functional","V1","REC","Shared","None stated by the Constitution","A defined measurement or design review confirms this statement: “Balance explanations are sufficient for users to understand their balance without contacting support.”","Business/Product/Technical Blueprint (identifier pending ODR-001)","Defined metric/standard plus measured result or documented review.","Pending independent review","Not started"
"REQ-013.01","REQ-013","Part 2","Leaderboard System","L717–L719","LEADERBOARD SYSTEM / Implement a weekly leaderboard.","ad24a38de4904e35698b89d39c72ce22143dc0e82e4af16f737281f38fcf6fc5","The platform implements a weekly leaderboard.","MUST","Functional","V1","CBR","Shared","None stated by the Constitution","An acceptance test confirms this statement: “The platform implements a weekly leaderboard.”","Business/Product/Technical Blueprint (identifier pending ODR-001)","Passing functional test and relevant audit/event record where applicable.","Pending independent review","Not started"
"REQ-013.02","REQ-013","Part 2","Leaderboard System","L721","Leaderboard should encourage healthy competition.","a9c36f96c4d939cd148a57d7cc39bef6a4a66eb0300ab5747485338526c31ecd","Leaderboard behavior encourages healthy competition.","SHOULD","Non-functional","V1","REC","Frontend handoff","None stated by the Constitution","A defined measurement or design review confirms this statement: “Leaderboard behavior encourages healthy competition.”","Frontend Product/Design Blueprint (frontend-owned; identifier pending ODR-001)","Defined metric/standard plus measured result or documented review.","Pending independent review","Not started"
"REQ-013.03","REQ-013","Part 2","Leaderboard System","L723; L725","Possible rankings: || Top Weekly Earners","32afcfbfd290445127542a3f7ba8ff0cb8dccca0ea199e7c28415f21fdbccc31","The leaderboard may rank top weekly earners.","MAY","Functional","V1","REC","Shared","None stated by the Constitution","An acceptance test confirms this statement: “The leaderboard may rank top weekly earners.”","Business/Product/Technical Blueprint (identifier pending ODR-001)","Passing functional test and relevant audit/event record where applicable.","Pending independent review","Not started"
"REQ-013.04","REQ-013","Part 2","Leaderboard System","L723; L727","Possible rankings: || Top Monthly Earners","2fad4b650ded8f8dec64e3dc2e588eb0e21314ec3583b608d3037c2eb4bf5e33","The leaderboard may rank top monthly earners.","MAY","Functional","V1","REC","Shared","None stated by the Constitution","An acceptance test confirms this statement: “The leaderboard may rank top monthly earners.”","Business/Product/Technical Blueprint (identifier pending ODR-001)","Passing functional test and relevant audit/event record where applicable.","Pending independent review","Not started"
"REQ-013.05","REQ-013","Part 2","Leaderboard System","L723; L729","Possible rankings: || Most Surveys Completed","d819695b56445cbad92238d5b5233d3829b914b53672e6aa1ba1ac6716f733f3","The leaderboard may rank users by surveys completed.","MAY","Functional","V1","REC","Shared","None stated by the Constitution","An acceptance test confirms this statement: “The leaderboard may rank users by surveys completed.”","Business/Product/Technical Blueprint (identifier pending ODR-001)","Passing functional test and relevant audit/event record where applicable.","Pending independent review","Not started"
"REQ-013.06","REQ-013","Part 2","Leaderboard System","L723; L731","Possible rankings: || Highest Streak","658973d14dfd81cd419e0a11dad93c90e462210091a785b2d9bcba6e0df46f32","The leaderboard may rank users by highest streak.","MAY","Functional","V1","REC","Shared","None stated by the Constitution","An acceptance test confirms this statement: “The leaderboard may rank users by highest streak.”","Business/Product/Technical Blueprint (identifier pending ODR-001)","Passing functional test and relevant audit/event record where applicable.","Pending independent review","Not started"
"REQ-013.07","REQ-013","Part 2","Leaderboard System","L723; L733","Possible rankings: || Highest Referral Count (future feature)","c319a92643033a5e54add5cf8a6729cb96c9671401040a167c8041afc72ceb82","A future leaderboard may rank referral counts.","MAY","Functional","Future","FRR","Shared","None stated by the Constitution","An acceptance test confirms this statement: “A future leaderboard may rank referral counts.”","Business/Product/Technical Blueprint (identifier pending ODR-001)","Passing functional test and relevant audit/event record where applicable.","Pending independent review","Not started"
"REQ-013.08","REQ-013","Part 2","Leaderboard System","L735; L737","The Super Admin must be able to: || Enable or disable leaderboards.","49eae65aeb82a0f28cc29c6b4c67a149cc092ec3da980f976a121608fcba9c1d","The Super Admin can enable or disable leaderboards.","MUST","Functional","V1","CBR","Backend/Admin ERP","None stated by the Constitution","An acceptance test confirms this statement: “The Super Admin can enable or disable leaderboards.”","Business/Product/Technical Blueprint (identifier pending ODR-001)","Passing functional test and relevant audit/event record where applicable.","Pending independent review","Not started"
"REQ-013.09","REQ-013","Part 2","Leaderboard System","L735; L739","The Super Admin must be able to: || Reset periods.","fae610be4bb63d73cdfceb8868a3f8dbed0ef16a6777a728769b8acd64a7a666","The Super Admin can reset leaderboard periods.","MUST","Functional","V1","CBR","Backend/Admin ERP","None stated by the Constitution","An acceptance test confirms this statement: “The Super Admin can reset leaderboard periods.”","Business/Product/Technical Blueprint (identifier pending ODR-001)","Passing functional test and relevant audit/event record where applicable.","Pending independent review","Not started"
"REQ-013.10","REQ-013","Part 2","Leaderboard System","L735; L741","The Super Admin must be able to: || Choose ranking methods.","eeea948348c1fbf5faa3a90d1bbd74e30d4eff3a3876706421e592e29969e24f","The Super Admin can choose leaderboard ranking methods.","MUST","Functional","V1","CBR","Backend/Admin ERP","None stated by the Constitution","An acceptance test confirms this statement: “The Super Admin can choose leaderboard ranking methods.”","Business/Product/Technical Blueprint (identifier pending ODR-001)","Passing functional test and relevant audit/event record where applicable.","Pending independent review","Not started"
"REQ-013.11","REQ-013","Part 2","Leaderboard System","L735; L743","The Super Admin must be able to: || Hide specific users if required.","e6736a9a329a78113be42858ee91076e9967e29f2496450cf15971406ef56651","The Super Admin can hide specific users from leaderboards when required.","MUST","Functional","V1","CBR","Backend/Admin ERP","None stated by the Constitution","An acceptance test confirms this statement: “The Super Admin can hide specific users from leaderboards when required.”","Business/Product/Technical Blueprint (identifier pending ODR-001)","Passing functional test and relevant audit/event record where applicable.","Pending independent review","Not started"
"REQ-013.12","REQ-013","Part 2","Leaderboard System","L735; L745","The Super Admin must be able to: || Create seasonal competitions.","89023bd771ddaa3e309d8c8d4ecaad465b6939bfe5aa6d8a5f7862c751ff9bfd","The Super Admin can create seasonal competitions.","MUST","Functional","V1","CBR","Backend/Admin ERP","None stated by the Constitution","An acceptance test confirms this statement: “The Super Admin can create seasonal competitions.”","Business/Product/Technical Blueprint (identifier pending ODR-001)","Passing functional test and relevant audit/event record where applicable.","Pending independent review","Not started"
"REQ-013.13","REQ-013","Part 2","Leaderboard System","L747","The architecture should support future gamification.","8134a45afe79378d7965bd37976b6ba104d428de34ab7a16a3573bc256b1b6bb","The architecture supports future gamification.","SHOULD","Non-functional","Future","FRR","Architecture","None stated by the Constitution","A defined measurement or design review confirms this statement: “The architecture supports future gamification.”","Business/Product/Technical Blueprint (identifier pending ODR-001)","Defined metric/standard plus measured result or documented review.","Pending independent review","Not started"
"REQ-014.01","REQ-014","Part 2","Survey Experience","L751–L753","SURVEY EXPERIENCE / Survey discovery must be extremely simple.","d32d3a09c6686df2761591c7620d12899a3f5f5c9fb67557a5ea313db4f8d945","Survey discovery is extremely simple.","MUST","Non-functional","V1","CD","Frontend handoff","None stated by the Constitution","A defined measurement or design review confirms this statement: “Survey discovery is extremely simple.”","Frontend Product/Design Blueprint (frontend-owned; identifier pending ODR-001)","Defined metric/standard plus measured result or documented review.","Pending independent review","Not started"
"REQ-014.02","REQ-014","Part 2","Survey Experience","L755; L757","Users should instantly understand: || Reward","08e723e36149865cd8692a25ee3f01b92ee133cde6fb250925895871d46b778f","Survey discovery makes the reward immediately understandable.","SHOULD","Functional","V1","CBR","Shared","None stated by the Constitution","An acceptance test confirms this statement: “Survey discovery makes the reward immediately understandable.”","Business/Product/Technical Blueprint (identifier pending ODR-001)","Passing functional test and relevant audit/event record where applicable.","Pending independent review","Not started"
"REQ-014.03","REQ-014","Part 2","Survey Experience","L755; L759","Users should instantly understand: || Estimated Time","5514583107b5e3150ca8f6978deba37e8c7aca8a0ffb5580e5de535813f076e0","Survey discovery makes estimated time immediately understandable.","SHOULD","Functional","V1","CBR","Shared","None stated by the Constitution","An acceptance test confirms this statement: “Survey discovery makes estimated time immediately understandable.”","Business/Product/Technical Blueprint (identifier pending ODR-001)","Passing functional test and relevant audit/event record where applicable.","Pending independent review","Not started"
"REQ-014.04","REQ-014","Part 2","Survey Experience","L755; L761","Users should instantly understand: || Difficulty (if available)","38abee800a291ea80980760d67d7eda123df526989d3ccd2cdd0f5a19a2a7b34","Survey discovery shows difficulty when available.","SHOULD","Functional","V1","CBR","Shared","None stated by the Constitution","An acceptance test confirms this statement: “Survey discovery shows difficulty when available.”","Business/Product/Technical Blueprint (identifier pending ODR-001)","Passing functional test and relevant audit/event record where applicable.","Pending independent review","Not started"
"REQ-014.05","REQ-014","Part 2","Survey Experience","L755; L763","Users should instantly understand: || Availability","5715bf005b597945c012826604f25065215e322af60ab8c6b0fdf3662fcb9b9a","Survey discovery makes availability immediately understandable.","SHOULD","Functional","V1","CBR","Shared","None stated by the Constitution","An acceptance test confirms this statement: “Survey discovery makes availability immediately understandable.”","Business/Product/Technical Blueprint (identifier pending ODR-001)","Passing functional test and relevant audit/event record where applicable.","Pending independent review","Not started"
"REQ-014.06","REQ-014","Part 2","Survey Experience","L755; L765","Users should instantly understand: || Category","db7c513a7670cee1e68cd43f255af4cb144bcc35c074271fc782a6dabb9e626b","Survey discovery makes category immediately understandable.","SHOULD","Functional","V1","CBR","Shared","None stated by the Constitution","An acceptance test confirms this statement: “Survey discovery makes category immediately understandable.”","Business/Product/Technical Blueprint (identifier pending ODR-001)","Passing functional test and relevant audit/event record where applicable.","Pending independent review","Not started"
"REQ-014.07","REQ-014","Part 2","Survey Experience","L755; L767","Users should instantly understand: || Country Eligibility","cc7d584344abccf130dfafc30e898661cbf85da1618150707e0cef205fcd3419","Survey discovery makes country eligibility immediately understandable.","SHOULD","Functional","V1","CBR","Shared","None stated by the Constitution","An acceptance test confirms this statement: “Survey discovery makes country eligibility immediately understandable.”","Business/Product/Technical Blueprint (identifier pending ODR-001)","Passing functional test and relevant audit/event record where applicable.","Pending independent review","Not started"
"REQ-014.08","REQ-014","Part 2","Survey Experience","L755; L769","Users should instantly understand: || Device Compatibility","2db9560dc3205d2a1f07cb36efc11d3bab2fa5518f9543543979dd81892404d3","Survey discovery makes device compatibility immediately understandable.","SHOULD","Functional","V1","CBR","Shared","None stated by the Constitution","An acceptance test confirms this statement: “Survey discovery makes device compatibility immediately understandable.”","Business/Product/Technical Blueprint (identifier pending ODR-001)","Passing functional test and relevant audit/event record where applicable.","Pending independent review","Not started"
"REQ-014.09","REQ-014","Part 2","Survey Experience","L771–L773","When a survey is clicked: / Open according to provider integration requirements.","8732b53a4467af48433bba60bfe0786045a999b4e4b86018776666a5c244527d","Survey launch follows the applicable provider integration requirements.","MUST","Compliance","V1","CD","Backend","EFE-001","An acceptance test confirms this statement: “Survey launch follows the applicable provider integration requirements.”","Security, Fraud & Compliance deliverable (identifier pending ODR-001)","Control mapping, authoritative evidence, and review record.","Pending independent review","Not started"
"REQ-014.10","REQ-014","Part 2","Survey Experience","L775","Do not modify provider workflows in ways that violate provider agreements.","f0eb4821a942b95198579ff80cf3cb268e8da64b2aaf4e05dfce8b5794d12e62","The platform does not modify provider workflows in ways that violate provider agreements.","MUST","Compliance","V1","CD","Backend","EFE-001","An acceptance test confirms this statement: “The platform does not modify provider workflows in ways that violate provider agreements.”","Security, Fraud & Compliance deliverable (identifier pending ODR-001)","Control mapping, authoritative evidence, and review record.","Pending independent review","Not started"
"REQ-014.11","REQ-014","Part 2","Survey Experience","L777–L779","After completion: / Automatically synchronize status if supported.","31b468ff66e759c4a5f24d67b614f42df79aeb4300915dbf8d2ed62b15cff5e6","The platform automatically synchronizes survey status after completion when supported.","MUST","Functional","V1","CBR","Backend","EFE-001","An acceptance test confirms this statement: “The platform automatically synchronizes survey status after completion when supported.”","Business/Product/Technical Blueprint (identifier pending ODR-001)","Passing functional test and relevant audit/event record where applicable.","Pending independent review","Not started"
"REQ-014.12","REQ-014","Part 2","Survey Experience","L781","If immediate confirmation is unavailable, clearly explain that validation may take time depending on the provider.","a5420269266202c24b2072d590e7dde77071f4bc709d3665695e24b6ab96556f","When immediate confirmation is unavailable, users are clearly informed that provider-dependent validation may take time.","MUST","Functional","V1","CBR","Shared","EFE-001","An acceptance test confirms this statement: “When immediate confirmation is unavailable, users are clearly informed that provider-dependent validation may take time.”","Business/Product/Technical Blueprint (identifier pending ODR-001)","Passing functional test and relevant audit/event record where applicable.","Pending independent review","Not started"
"REQ-015.01","REQ-015","Part 2","Reward Point System","L785–L789","REWARD POINT SYSTEM / Every reward should be stored internally as: / Points","32cf732513487387fb1cf86c449d24e3b38f27d1d7001c599f5157b3ebfbd3f0","Every reward is stored internally as points.","SHOULD","Business Rule","V1","CBR","Backend","None stated by the Constitution","An acceptance test confirms this statement: “Every reward is stored internally as points.”","Business/Product/Technical Blueprint (identifier pending ODR-001)","Passing business-rule test using controlled fixtures and expected outcomes.","Pending independent review","Not started"
"REQ-015.02","REQ-015","Part 2","Reward Point System","L791–L795","Example: / 1000 Points \= 1 USD / Never hardcode this value.","9e7eacd10bb99616fe893cedee59cc200e2a6e1c7fa4914a59840b2de7adbb06","The points conversion value is not hardcoded.","MUST","Business Rule","V1","CBR","Backend","None stated by the Constitution","An acceptance test confirms this statement: “The points conversion value is not hardcoded.”","Business/Product/Technical Blueprint (identifier pending ODR-001)","Passing business-rule test using controlled fixtures and expected outcomes.","Pending independent review","Not started"
"REQ-015.03","REQ-015","Part 2","Reward Point System","L797","It must be configurable.","d35bb05b11a5bf4e1dc47d8e2b3e47199622dfd5503d8524acb0b03c594f032c","The points conversion value is configurable.","MUST","Business Rule","V1","CBR","Backend","None stated by the Constitution","An acceptance test confirms this statement: “The points conversion value is configurable.”","Business/Product/Technical Blueprint (identifier pending ODR-001)","Passing business-rule test using controlled fixtures and expected outcomes.","Pending independent review","Not started"
"REQ-015.04","REQ-015","Part 2","Reward Point System","L799; L801","Every page should display: || Points","c9c0b0d1ec47e27b4693a4798c66a759e2010bc3d11a925d65cfa0f99a57c59f","Reward-related pages display points.","SHOULD","Business Rule","V1","CBR","Frontend handoff","None stated by the Constitution","An acceptance test confirms this statement: “Reward-related pages display points.”","Frontend Product/Design Blueprint (frontend-owned; identifier pending ODR-001)","Passing business-rule test using controlled fixtures and expected outcomes.","Pending independent review","Not started"
"REQ-015.05","REQ-015","Part 2","Reward Point System","L799; L803","Every page should display: || USD","90b6f98661d172c1f26fe78dbaaddda8a4bd0426b9cbaa956db3be635a789a2f","Reward-related pages display USD.","SHOULD","Business Rule","V1","CBR","Frontend handoff","None stated by the Constitution","An acceptance test confirms this statement: “Reward-related pages display USD.”","Frontend Product/Design Blueprint (frontend-owned; identifier pending ODR-001)","Passing business-rule test using controlled fixtures and expected outcomes.","Pending independent review","Not started"
"REQ-015.06","REQ-015","Part 2","Reward Point System","L799; L805","Every page should display: || Estimated Local Currency","0a12ad0a0f0b20ca14f92ff7a2dfbf6e300d08cf0caa754de803a347f7ad1ab8","Reward-related pages display estimated local currency.","SHOULD","Business Rule","V1","CBR","Frontend handoff","None stated by the Constitution","An acceptance test confirms this statement: “Reward-related pages display estimated local currency.”","Frontend Product/Design Blueprint (frontend-owned; identifier pending ODR-001)","Passing business-rule test using controlled fixtures and expected outcomes.","Pending independent review","Not started"
"REQ-015.07","REQ-015","Part 2","Reward Point System","L807","Users should become emotionally attached to earning points.","1dbd42a0807040021c8faa5f55dde079139710cdb2dac3882f76248c206d4c82","The points experience is designed to promote emotional engagement with earning.","SHOULD","Non-functional","V1","REC","Frontend handoff","None stated by the Constitution","A defined measurement or design review confirms this statement: “The points experience is designed to promote emotional engagement with earning.”","Frontend Product/Design Blueprint (frontend-owned; identifier pending ODR-001)","Defined metric/standard plus measured result or documented review.","Pending independent review","Not started"
"REQ-016.01","REQ-016","Part 2","Withdrawal System","L811–L813","WITHDRAWAL SYSTEM / The withdrawal experience should feel professional and transparent.","ac1479e73cad0bf9280928bf24fd596fa1780d3ff5abe479eecbf66c0ef6ead9","The withdrawal experience is professional and transparent.","SHOULD","Non-functional","V1","REC","Frontend handoff","None stated by the Constitution","A defined measurement or design review confirms this statement: “The withdrawal experience is professional and transparent.”","Frontend Product/Design Blueprint (frontend-owned; identifier pending ODR-001)","Defined metric/standard plus measured result or documented review.","Pending independent review","Not started"
"REQ-016.02","REQ-016","Part 2","Withdrawal System","L815; L817","Supported withdrawal methods should be designed to support: || PayPal","13bfb639467a7d19324559e1fd0ae286ed520b41735090870f3cb49eb0390841","The withdrawal architecture is designed to support PayPal.","SHOULD","Functional","V1","CBR","Shared","ODR-005; EFE-002","An acceptance test confirms this statement: “The withdrawal architecture is designed to support PayPal.”","Business/Product/Technical Blueprint (identifier pending ODR-001)","Passing functional test and relevant audit/event record where applicable.","Pending independent review","Not started"
"REQ-016.03","REQ-016","Part 2","Withdrawal System","L815; L819","Supported withdrawal methods should be designed to support: || Virtual Visa","1d342434af2ebf718f1eb8f1c04d673d6e436afd86926431a167a9dc1021e460","The withdrawal architecture is designed to support Virtual Visa.","SHOULD","Functional","V1","CBR","Shared","ODR-005; EFE-002","An acceptance test confirms this statement: “The withdrawal architecture is designed to support Virtual Visa.”","Business/Product/Technical Blueprint (identifier pending ODR-001)","Passing functional test and relevant audit/event record where applicable.","Pending independent review","Not started"
"REQ-016.04","REQ-016","Part 2","Withdrawal System","L815; L821","Supported withdrawal methods should be designed to support: || Cryptocurrency","f5d351ea5818b56a134bb98d7cd14bd856c7914dfffeafbd4c1c9d9330e3998b","The withdrawal architecture is designed to support cryptocurrency.","SHOULD","Functional","V1","CBR","Shared","ODR-005; EFE-002","An acceptance test confirms this statement: “The withdrawal architecture is designed to support cryptocurrency.”","Business/Product/Technical Blueprint (identifier pending ODR-001)","Passing functional test and relevant audit/event record where applicable.","Pending independent review","Not started"
"REQ-016.05","REQ-016","Part 2","Withdrawal System","L823","The system architecture should make it easy to add additional methods later.","28ef4a85c4304370b362ef4b1283cee27e870dfc85c2b931a9a4c3e064777d90","The withdrawal architecture permits additional payment methods to be added later with minimal redesign.","SHOULD","Non-functional","Future","FRR","Architecture","None stated by the Constitution","A defined measurement or design review confirms this statement: “The withdrawal architecture permits additional payment methods to be added later with minimal redesign.”","Business/Product/Technical Blueprint (identifier pending ODR-001)","Defined metric/standard plus measured result or documented review.","Pending independent review","Not started"
"REQ-016.06","REQ-016","Part 2","Withdrawal System","L825; L827","Each withdrawal should display: || Request Date","b80aa9247e126d4339b7886902d4af3104b62a55b158173f7aba27c6bcc348f4","Each withdrawal shows its request date.","SHOULD","Functional","V1","CBR","Shared","None stated by the Constitution","An acceptance test confirms this statement: “Each withdrawal shows its request date.”","Business/Product/Technical Blueprint (identifier pending ODR-001)","Passing functional test and relevant audit/event record where applicable.","Pending independent review","Not started"
"REQ-016.07","REQ-016","Part 2","Withdrawal System","L825; L829","Each withdrawal should display: || Processing Status","b3bc474642b2fbec080468fff91c89cc29b69acd7dd3657a198113a06071f19f","Each withdrawal shows its processing status.","SHOULD","Functional","V1","CBR","Shared","None stated by the Constitution","An acceptance test confirms this statement: “Each withdrawal shows its processing status.”","Business/Product/Technical Blueprint (identifier pending ODR-001)","Passing functional test and relevant audit/event record where applicable.","Pending independent review","Not started"
"REQ-016.08","REQ-016","Part 2","Withdrawal System","L825; L831","Each withdrawal should display: || Estimated Completion","e9fc80be73d9c9bdf276dc38a579092b4473dc6775dd61196fb02c781260c057","Each withdrawal shows estimated completion.","SHOULD","Functional","V1","CBR","Shared","None stated by the Constitution","An acceptance test confirms this statement: “Each withdrawal shows estimated completion.”","Business/Product/Technical Blueprint (identifier pending ODR-001)","Passing functional test and relevant audit/event record where applicable.","Pending independent review","Not started"
"REQ-016.09","REQ-016","Part 2","Withdrawal System","L825; L833","Each withdrawal should display: || Completed Date","42c5f974934b4601775069771d468340500e8c3ac637cd06141b84bc9e0159e6","Each withdrawal shows completed date.","SHOULD","Functional","V1","CBR","Shared","None stated by the Constitution","An acceptance test confirms this statement: “Each withdrawal shows completed date.”","Business/Product/Technical Blueprint (identifier pending ODR-001)","Passing functional test and relevant audit/event record where applicable.","Pending independent review","Not started"
"REQ-016.10","REQ-016","Part 2","Withdrawal System","L825; L835","Each withdrawal should display: || Transaction Reference","b65489e98dda4d450fa6740d5803fe7477ae5459f128d815fdc019afefbbd142","Each withdrawal shows transaction reference.","SHOULD","Functional","V1","CBR","Shared","None stated by the Constitution","An acceptance test confirms this statement: “Each withdrawal shows transaction reference.”","Business/Product/Technical Blueprint (identifier pending ODR-001)","Passing functional test and relevant audit/event record where applicable.","Pending independent review","Not started"
"REQ-016.11","REQ-016","Part 2","Withdrawal System","L825; L837","Each withdrawal should display: || Support Link","710aba8cf21ff0df76e595d9543e25e3c2e76fdb5ec0eee4a0d9eebe21023f9f","Each withdrawal shows a support link.","SHOULD","Functional","V1","CBR","Shared","None stated by the Constitution","An acceptance test confirms this statement: “Each withdrawal shows a support link.”","Business/Product/Technical Blueprint (identifier pending ODR-001)","Passing functional test and relevant audit/event record where applicable.","Pending independent review","Not started"
"REQ-016.12","REQ-016","Part 2","Withdrawal System","L839","Every withdrawal should generate a unique transaction ID.","0896c0f4d84b053ca056dc76fad93e71bbee13fe58e8b0640050e846898bb9f4","Every withdrawal receives a unique transaction ID.","SHOULD","Data","V1","REC","Backend","None stated by the Constitution","Schema, constraint, and data-level tests confirm this statement: “Every withdrawal receives a unique transaction ID.”","Database Architecture & Data Model deliverable (identifier pending ODR-001)","Schema/migration evidence plus automated integrity tests.","Pending independent review","Not started"
"REQ-017.01","REQ-017","Part 2","Notification Center","L843–L845","NOTIFICATION CENTER / Create a centralized notification system.","687be112c583d3db168441f6f77aea1e0abc7638e3dfbdc752efd814269eb44a","The platform provides a centralized notification system.","MUST","Functional","V1","CBR","Backend","None stated by the Constitution","An acceptance test confirms this statement: “The platform provides a centralized notification system.”","Business/Product/Technical Blueprint (identifier pending ODR-001)","Passing functional test and relevant audit/event record where applicable.","Pending independent review","Not started"
"REQ-017.02","REQ-017","Part 2","Notification Center","L847; L849","Notifications include: || Survey Updates","ea5cddf000b0e1f9fe735760ebd06b18951df6fc9f73466760e101ca9648e2fc","The notification system supports survey updates.","MUST","Functional","V1","CBR","Backend","None stated by the Constitution","An acceptance test confirms this statement: “The notification system supports survey updates.”","Business/Product/Technical Blueprint (identifier pending ODR-001)","Passing functional test and relevant audit/event record where applicable.","Pending independent review","Not started"
"REQ-017.03","REQ-017","Part 2","Notification Center","L847; L851","Notifications include: || Reward Updates","1c2b6874014d0078069cb99dc1dd73f358fbd6053ce6cdd5bd4c086122006512","The notification system supports reward updates.","MUST","Functional","V1","CBR","Backend","None stated by the Constitution","An acceptance test confirms this statement: “The notification system supports reward updates.”","Business/Product/Technical Blueprint (identifier pending ODR-001)","Passing functional test and relevant audit/event record where applicable.","Pending independent review","Not started"
"REQ-017.04","REQ-017","Part 2","Notification Center","L847; L853","Notifications include: || Withdrawal Updates","f22eb77a7966a946b4f70b93b3b7fcbd29028d65db828e3e2e7677a902177bec","The notification system supports withdrawal updates.","MUST","Functional","V1","CBR","Backend","None stated by the Constitution","An acceptance test confirms this statement: “The notification system supports withdrawal updates.”","Business/Product/Technical Blueprint (identifier pending ODR-001)","Passing functional test and relevant audit/event record where applicable.","Pending independent review","Not started"
"REQ-017.05","REQ-017","Part 2","Notification Center","L847; L855","Notifications include: || Security Alerts","aca326411adea66a5e780fd0d3526ce88e60c294d69a4471d6151179bbf32fd5","The notification system supports security alerts.","MUST","Functional","V1","CBR","Backend","None stated by the Constitution","An acceptance test confirms this statement: “The notification system supports security alerts.”","Business/Product/Technical Blueprint (identifier pending ODR-001)","Passing functional test and relevant audit/event record where applicable.","Pending independent review","Not started"
"REQ-017.06","REQ-017","Part 2","Notification Center","L847; L857","Notifications include: || Announcements","6cc06e4517c44f910f3182b48e473ef1ac2d1d494856b631f2c604dd6257b46f","The notification system supports announcements.","MUST","Functional","V1","CBR","Backend","None stated by the Constitution","An acceptance test confirms this statement: “The notification system supports announcements.”","Business/Product/Technical Blueprint (identifier pending ODR-001)","Passing functional test and relevant audit/event record where applicable.","Pending independent review","Not started"
"REQ-017.07","REQ-017","Part 2","Notification Center","L847; L859","Notifications include: || Support Replies","cf5d67899944d205d7d0e83bcd3adab072c94a1a2c50871d90a7041aac9b8960","The notification system supports support replies.","MUST","Functional","V1","CBR","Backend","None stated by the Constitution","An acceptance test confirms this statement: “The notification system supports support replies.”","Business/Product/Technical Blueprint (identifier pending ODR-001)","Passing functional test and relevant audit/event record where applicable.","Pending independent review","Not started"
"REQ-017.08","REQ-017","Part 2","Notification Center","L847; L861","Notifications include: || Promotions","5669188647dbca7efbbaf2ca2f4311fa2f02f5fcd5e2cae846e09c680f50be64","The notification system supports promotions.","MUST","Functional","V1","CBR","Backend","None stated by the Constitution","An acceptance test confirms this statement: “The notification system supports promotions.”","Business/Product/Technical Blueprint (identifier pending ODR-001)","Passing functional test and relevant audit/event record where applicable.","Pending independent review","Not started"
"REQ-017.09","REQ-017","Part 2","Notification Center","L847; L863","Notifications include: || System Messages","eac24977f8cef03602d7c9514a87967b29317b1607f4f1da08c219c8bb4f34a6","The notification system supports system messages.","MUST","Functional","V1","CBR","Backend","None stated by the Constitution","An acceptance test confirms this statement: “The notification system supports system messages.”","Business/Product/Technical Blueprint (identifier pending ODR-001)","Passing functional test and relevant audit/event record where applicable.","Pending independent review","Not started"
"REQ-017.10","REQ-017","Part 2","Notification Center","L865; L867","Notifications should support: || Unread","318325e59d093cba7e0151da50069fbd640686bdcdd23f4ae89164a254b9eb20","A notification can be unread.","SHOULD","Data","V1","REC","Backend","None stated by the Constitution","Schema, constraint, and data-level tests confirm this statement: “A notification can be unread.”","Database Architecture & Data Model deliverable (identifier pending ODR-001)","Schema/migration evidence plus automated integrity tests.","Pending independent review","Not started"
"REQ-017.11","REQ-017","Part 2","Notification Center","L865; L869","Notifications should support: || Read","720bc0acdb536762a0407ffe873fda3b26312a62175972f612c13edccd804b57","A notification can be read.","SHOULD","Data","V1","REC","Backend","None stated by the Constitution","Schema, constraint, and data-level tests confirm this statement: “A notification can be read.”","Database Architecture & Data Model deliverable (identifier pending ODR-001)","Schema/migration evidence plus automated integrity tests.","Pending independent review","Not started"
"REQ-017.12","REQ-017","Part 2","Notification Center","L865; L871","Notifications should support: || Archived","e4eaf20684d7f02f03f46c8ce530d22e6a4eb5d476fb933e8bd97e823c6abb48","A notification can be archived.","SHOULD","Data","V1","REC","Backend","None stated by the Constitution","Schema, constraint, and data-level tests confirm this statement: “A notification can be archived.”","Database Architecture & Data Model deliverable (identifier pending ODR-001)","Schema/migration evidence plus automated integrity tests.","Pending independent review","Not started"
"REQ-017.13","REQ-017","Part 2","Notification Center","L865; L873","Notifications should support: || Deleted","654987b2d2d99f0d8bb801febef4981303eee78ea4d20b8aadade65bf9c19bd8","A notification can be deleted.","SHOULD","Data","V1","REC","Backend","None stated by the Constitution","Schema, constraint, and data-level tests confirm this statement: “A notification can be deleted.”","Database Architecture & Data Model deliverable (identifier pending ODR-001)","Schema/migration evidence plus automated integrity tests.","Pending independent review","Not started"
"REQ-017.14","REQ-017","Part 2","Notification Center","L875","Future push notification support should be planned.","255afb1002deafd677bf50fbb73116f88966ad80d1b25f05f19f372cb5f47f94","The notification architecture plans for future push notifications.","SHOULD","Non-functional","Future","FRR","Architecture","None stated by the Constitution","A defined measurement or design review confirms this statement: “The notification architecture plans for future push notifications.”","Business/Product/Technical Blueprint (identifier pending ODR-001)","Defined metric/standard plus measured result or documented review.","Pending independent review","Not started"
"REQ-018.01","REQ-018","Part 2","Support Center","L879–L881","SUPPORT CENTER / Design a complete support system.","c27fa4b0d7684c0ca370b7c7adf96b8d10503b3567d272ee68cfcf2a091adefc","The platform provides a complete support system.","MUST","Functional","V1","CBR","Shared","None stated by the Constitution","An acceptance test confirms this statement: “The platform provides a complete support system.”","Business/Product/Technical Blueprint (identifier pending ODR-001)","Passing functional test and relevant audit/event record where applicable.","Pending independent review","Not started"
"REQ-018.02","REQ-018","Part 2","Support Center","L883; L885","Include: || Knowledge Base","423c6a11ad62c3d16947fc1f6e5d41b030563cd914b2850e330b5add8322fead","The support system includes a knowledge base.","MUST","Functional","V1","CBR","Shared","None stated by the Constitution","An acceptance test confirms this statement: “The support system includes a knowledge base.”","Business/Product/Technical Blueprint (identifier pending ODR-001)","Passing functional test and relevant audit/event record where applicable.","Pending independent review","Not started"
"REQ-018.03","REQ-018","Part 2","Support Center","L883; L887","Include: || FAQs","3ab62dc96e308b53e4514caa89e4ef50c85c8c177635ef0757da9ee2bd8abc66","The support system includes frequently asked questions.","MUST","Functional","V1","CBR","Shared","None stated by the Constitution","An acceptance test confirms this statement: “The support system includes frequently asked questions.”","Business/Product/Technical Blueprint (identifier pending ODR-001)","Passing functional test and relevant audit/event record where applicable.","Pending independent review","Not started"
"REQ-018.04","REQ-018","Part 2","Support Center","L883; L889","Include: || Support Tickets","29d64c6ce7199793ac1edc51325c561ac5b7738ac45b0bda7d3ce6dc275f659c","The support system includes support tickets.","MUST","Functional","V1","CBR","Shared","None stated by the Constitution","An acceptance test confirms this statement: “The support system includes support tickets.”","Business/Product/Technical Blueprint (identifier pending ODR-001)","Passing functional test and relevant audit/event record where applicable.","Pending independent review","Not started"
"REQ-018.05","REQ-018","Part 2","Support Center","L883; L891","Include: || Ticket Categories","cf01f11e799d7de7adf9bfb28a2fe8301346be66cd4370d23c04422f9bad2c4b","Support tickets have categories.","MUST","Functional","V1","CBR","Shared","None stated by the Constitution","An acceptance test confirms this statement: “Support tickets have categories.”","Business/Product/Technical Blueprint (identifier pending ODR-001)","Passing functional test and relevant audit/event record where applicable.","Pending independent review","Not started"
"REQ-018.06","REQ-018","Part 2","Support Center","L883; L893","Include: || Ticket Priority","415ff25d113017351ab2addd63bc784e10eecdbff4250201548fef2e08f63271","Support tickets have priority.","MUST","Functional","V1","CBR","Shared","None stated by the Constitution","An acceptance test confirms this statement: “Support tickets have priority.”","Business/Product/Technical Blueprint (identifier pending ODR-001)","Passing functional test and relevant audit/event record where applicable.","Pending independent review","Not started"
"REQ-018.07","REQ-018","Part 2","Support Center","L883; L895","Include: || Ticket Status","431edde573bbe81d3212d41cc64af599515641339d5d229e0a0e2a6a3e84ea18","Support tickets have status.","MUST","Functional","V1","CBR","Shared","None stated by the Constitution","An acceptance test confirms this statement: “Support tickets have status.”","Business/Product/Technical Blueprint (identifier pending ODR-001)","Passing functional test and relevant audit/event record where applicable.","Pending independent review","Not started"
"REQ-018.08","REQ-018","Part 2","Support Center","L883; L897","Include: || Conversation History","19667a5f540697c638705310e96853ed324d5176b31b947032d63ee166d91d71","Support tickets retain conversation history.","MUST","Functional","V1","CBR","Shared","None stated by the Constitution","An acceptance test confirms this statement: “Support tickets retain conversation history.”","Business/Product/Technical Blueprint (identifier pending ODR-001)","Passing functional test and relevant audit/event record where applicable.","Pending independent review","Not started"
"REQ-018.09","REQ-018","Part 2","Support Center","L883; L899","Include: || File Attachments","b2f7ed5ebd0efb75867f5b8fec080c6dc5d0b19a975a6ca2b99d350113583abf","Support tickets support file attachments.","MUST","Functional","V1","CBR","Shared","None stated by the Constitution","An acceptance test confirms this statement: “Support tickets support file attachments.”","Business/Product/Technical Blueprint (identifier pending ODR-001)","Passing functional test and relevant audit/event record where applicable.","Pending independent review","Not started"
"REQ-018.10","REQ-018","Part 2","Support Center","L883; L901","Include: || Internal Admin Notes","5573f7712b8c7b7a1aa1f73ec1b19a64a1374e97e00e60a84ef0f1b547c29ed9","Support tickets support internal admin notes.","MUST","Functional","V1","CBR","Backend/Admin ERP","None stated by the Constitution","An acceptance test confirms this statement: “Support tickets support internal admin notes.”","Business/Product/Technical Blueprint (identifier pending ODR-001)","Passing functional test and relevant audit/event record where applicable.","Pending independent review","Not started"
"REQ-018.11","REQ-018","Part 2","Support Center","L903","Users should be able to track ticket progress.","fdd9fd120030033458dfc95ba6931396ded7800afe29663afe9e23c9f8ac6327","Users can track support-ticket progress.","SHOULD","Functional","V1","CBR","Shared","None stated by the Constitution","An acceptance test confirms this statement: “Users can track support-ticket progress.”","Business/Product/Technical Blueprint (identifier pending ODR-001)","Passing functional test and relevant audit/event record where applicable.","Pending independent review","Not started"
"REQ-019.01","REQ-019","Part 2","Blog and CMS","L907–L909","BLOG SYSTEM / A professional blog must be included from Day One.","b5ac870c26785f1b55b50997a8c0e0806cb2df2dfab587a24044fcaf4170b1a5","A professional blog is included from Day One.","MUST","Functional","V1","CBR","Shared","None stated by the Constitution","An acceptance test confirms this statement: “A professional blog is included from Day One.”","Business/Product/Technical Blueprint (identifier pending ODR-001)","Passing functional test and relevant audit/event record where applicable.","Pending independent review","Not started"
"REQ-019.02","REQ-019","Part 2","Blog and CMS","L911–L921","Purpose: / SEO / Organic Traffic / Trust Building / Education / Content Marketing","05feef194c3643fa888dd96cd5f552d7134e92ae7e4d534ae9de4fa2f6dd3439","The blog supports SEO, organic traffic, trust building, education, and content marketing purposes.","MUST","Non-functional","V1","CD","Shared","None stated by the Constitution","A defined measurement or design review confirms this statement: “The blog supports SEO, organic traffic, trust building, education, and content marketing purposes.”","Business/Product/Technical Blueprint (identifier pending ODR-001)","Defined metric/standard plus measured result or documented review.","Pending independent review","Not started"
"REQ-019.03","REQ-019","Part 2","Blog and CMS","L923–L937","Categories may include: / Online Rewards / Survey Tips / Money Saving / Remote Lifestyle / Platform Updates / Guides / News","35043c206d9c9419738184b1f8393c1f9ccb327e71867df56c8d53f615ff3019","The CMS can organize the example blog category families without treating the examples as a closed list.","MAY","Functional","V1","REC","Backend/Admin ERP","None stated by the Constitution","An acceptance test confirms this statement: “The CMS can organize the example blog category families without treating the examples as a closed list.”","Business/Product/Technical Blueprint (identifier pending ODR-001)","Passing functional test and relevant audit/event record where applicable.","Pending independent review","Not started"
"REQ-019.04","REQ-019","Part 2","Blog and CMS","L939; L941","The CMS should support: || Drafts","9063072dd54eb5febc60af7bbf928d4f19daf9fb693f7092442b0970b46c49b5","The CMS supports draft content.","SHOULD","Functional","V1","CBR","Backend/Admin ERP","None stated by the Constitution","An acceptance test confirms this statement: “The CMS supports draft content.”","Business/Product/Technical Blueprint (identifier pending ODR-001)","Passing functional test and relevant audit/event record where applicable.","Pending independent review","Not started"
"REQ-019.05","REQ-019","Part 2","Blog and CMS","L939; L943","The CMS should support: || Scheduling","bd07c5aca987353f7be91b30854c2e7425afa1c11d85dc18c30d702c5b0f5847","The CMS supports scheduled publishing.","SHOULD","Functional","V1","CBR","Backend/Admin ERP","None stated by the Constitution","An acceptance test confirms this statement: “The CMS supports scheduled publishing.”","Business/Product/Technical Blueprint (identifier pending ODR-001)","Passing functional test and relevant audit/event record where applicable.","Pending independent review","Not started"
"REQ-019.06","REQ-019","Part 2","Blog and CMS","L939; L945","The CMS should support: || SEO Metadata","4286403c68488aa9a04a57b0de3ae1762271e02e8fd02c69273db8cdcf168375","The CMS supports SEO metadata.","SHOULD","Functional","V1","CBR","Backend/Admin ERP","None stated by the Constitution","An acceptance test confirms this statement: “The CMS supports SEO metadata.”","Business/Product/Technical Blueprint (identifier pending ODR-001)","Passing functional test and relevant audit/event record where applicable.","Pending independent review","Not started"
"REQ-019.07","REQ-019","Part 2","Blog and CMS","L939; L947","The CMS should support: || Featured Images","f67c3c27a9df9016f34b1ee33864c4c12fb5b3f63767fa628f7894913364ac66","The CMS supports featured images.","SHOULD","Functional","V1","CBR","Backend/Admin ERP","None stated by the Constitution","An acceptance test confirms this statement: “The CMS supports featured images.”","Business/Product/Technical Blueprint (identifier pending ODR-001)","Passing functional test and relevant audit/event record where applicable.","Pending independent review","Not started"
"REQ-019.08","REQ-019","Part 2","Blog and CMS","L939; L949","The CMS should support: || Categories","935f7189fdfebbe0ddeae028706da9eb213f92b39f472db153ebb78c6e0c2879","The CMS supports categories.","SHOULD","Functional","V1","CBR","Backend/Admin ERP","None stated by the Constitution","An acceptance test confirms this statement: “The CMS supports categories.”","Business/Product/Technical Blueprint (identifier pending ODR-001)","Passing functional test and relevant audit/event record where applicable.","Pending independent review","Not started"
"REQ-019.09","REQ-019","Part 2","Blog and CMS","L939; L951","The CMS should support: || Tags","19c348c538aca1922ddbb10fc312d2cb292dbd66adc38ed96ea2281058e24ba2","The CMS supports tags.","SHOULD","Functional","V1","CBR","Backend/Admin ERP","None stated by the Constitution","An acceptance test confirms this statement: “The CMS supports tags.”","Business/Product/Technical Blueprint (identifier pending ODR-001)","Passing functional test and relevant audit/event record where applicable.","Pending independent review","Not started"
"REQ-019.10","REQ-019","Part 2","Blog and CMS","L939; L953","The CMS should support: || Authors","536578027e94ba4f7dbe75543e6cca5181402301ea618f44a713afba0edbf536","The CMS supports authors.","SHOULD","Functional","V1","CBR","Backend/Admin ERP","None stated by the Constitution","An acceptance test confirms this statement: “The CMS supports authors.”","Business/Product/Technical Blueprint (identifier pending ODR-001)","Passing functional test and relevant audit/event record where applicable.","Pending independent review","Not started"
"REQ-019.11","REQ-019","Part 2","Blog and CMS","L939; L955","The CMS should support: || Search","c700e1456bbee4de325e42ee65127839ea55d7808a02c98e6012e3c8905adad9","The CMS supports search.","SHOULD","Functional","V1","CBR","Backend/Admin ERP","None stated by the Constitution","An acceptance test confirms this statement: “The CMS supports search.”","Business/Product/Technical Blueprint (identifier pending ODR-001)","Passing functional test and relevant audit/event record where applicable.","Pending independent review","Not started"
"REQ-019.12","REQ-019","Part 2","Blog and CMS","L939; L957","The CMS should support: || Related Posts","7c0ad7ad35e1f29e1b193574af698af6999ab553b4776d85f8259864bdda9d8f","The CMS supports related posts.","SHOULD","Functional","V1","CBR","Backend/Admin ERP","None stated by the Constitution","An acceptance test confirms this statement: “The CMS supports related posts.”","Business/Product/Technical Blueprint (identifier pending ODR-001)","Passing functional test and relevant audit/event record where applicable.","Pending independent review","Not started"
"REQ-020.01","REQ-020","Part 2","SEO Requirements","L961–L963","SEO REQUIREMENTS / Every page should be SEO optimized.","f7f663c4ee701a765a33cbb581ced3b714eb407c51556f7de6f6582b0ea698f8","Every public page is SEO optimized.","SHOULD","Functional","V1","CBR","Shared","None stated by the Constitution","An acceptance test confirms this statement: “Every public page is SEO optimized.”","Business/Product/Technical Blueprint (identifier pending ODR-001)","Passing functional test and relevant audit/event record where applicable.","Pending independent review","Not started"
"REQ-020.02","REQ-020","Part 2","SEO Requirements","L965; L967","Support: || Meta Titles","bd1e86a1b18dd111fcee4baf98d3f73fff37521dfb4b0b521a35a45e71f8035f","The platform supports meta titles.","SHOULD","Functional","V1","CBR","Shared","None stated by the Constitution","An acceptance test confirms this statement: “The platform supports meta titles.”","Business/Product/Technical Blueprint (identifier pending ODR-001)","Passing functional test and relevant audit/event record where applicable.","Pending independent review","Not started"
"REQ-020.03","REQ-020","Part 2","SEO Requirements","L965; L969","Support: || Meta Descriptions","43981c0acc719d85f8d1175c85edb7a7fc71497b836d5f4dd12520bb4915fe1b","The platform supports meta descriptions.","SHOULD","Functional","V1","CBR","Shared","None stated by the Constitution","An acceptance test confirms this statement: “The platform supports meta descriptions.”","Business/Product/Technical Blueprint (identifier pending ODR-001)","Passing functional test and relevant audit/event record where applicable.","Pending independent review","Not started"
"REQ-020.04","REQ-020","Part 2","SEO Requirements","L965; L971","Support: || Canonical URLs","e7a7cc1fbc5f9f057562636acea247b129ae88d540cc2bdf96e4e1856484a8bf","The platform supports canonical URLs.","SHOULD","Functional","V1","CBR","Shared","None stated by the Constitution","An acceptance test confirms this statement: “The platform supports canonical URLs.”","Business/Product/Technical Blueprint (identifier pending ODR-001)","Passing functional test and relevant audit/event record where applicable.","Pending independent review","Not started"
"REQ-020.05","REQ-020","Part 2","SEO Requirements","L965; L973","Support: || Open Graph","8de98df5ecced65ad5d0ca5f025970b8540b6bab432450c5e9864912a62f6df8","The platform supports Open Graph metadata.","SHOULD","Functional","V1","CBR","Shared","None stated by the Constitution","An acceptance test confirms this statement: “The platform supports Open Graph metadata.”","Business/Product/Technical Blueprint (identifier pending ODR-001)","Passing functional test and relevant audit/event record where applicable.","Pending independent review","Not started"
"REQ-020.06","REQ-020","Part 2","SEO Requirements","L965; L975","Support: || Twitter Cards","e3d139c71c198376c71cfe353f80c950966299f04f03d605cb12d9ef6a6e4d4a","The platform supports Twitter Card metadata.","SHOULD","Functional","V1","CBR","Shared","None stated by the Constitution","An acceptance test confirms this statement: “The platform supports Twitter Card metadata.”","Business/Product/Technical Blueprint (identifier pending ODR-001)","Passing functional test and relevant audit/event record where applicable.","Pending independent review","Not started"
"REQ-020.07","REQ-020","Part 2","SEO Requirements","L965; L977","Support: || Structured Data","da03a3673794c15a8b55daddc54636580114f472a17fee239cacdbd7b3d86264","The platform supports structured data.","SHOULD","Functional","V1","CBR","Shared","None stated by the Constitution","An acceptance test confirms this statement: “The platform supports structured data.”","Business/Product/Technical Blueprint (identifier pending ODR-001)","Passing functional test and relevant audit/event record where applicable.","Pending independent review","Not started"
"REQ-020.08","REQ-020","Part 2","SEO Requirements","L965; L979","Support: || XML Sitemap","137a7a180336bb245dd44eeb15d8a5403c270d1ec18ffca461b1a804f15d0b7b","The platform supports an XML sitemap.","SHOULD","Functional","V1","CBR","Shared","None stated by the Constitution","An acceptance test confirms this statement: “The platform supports an XML sitemap.”","Business/Product/Technical Blueprint (identifier pending ODR-001)","Passing functional test and relevant audit/event record where applicable.","Pending independent review","Not started"
"REQ-020.09","REQ-020","Part 2","SEO Requirements","L965; L981","Support: || Robots.txt","e444d671b9a330feb1917b0b47fcbfca68ab046f2cf308ef585be8b89b053df7","The platform supports robots.txt.","SHOULD","Functional","V1","CBR","Shared","None stated by the Constitution","An acceptance test confirms this statement: “The platform supports robots.txt.”","Business/Product/Technical Blueprint (identifier pending ODR-001)","Passing functional test and relevant audit/event record where applicable.","Pending independent review","Not started"
"REQ-020.10","REQ-020","Part 2","SEO Requirements","L965; L983","Support: || Breadcrumbs","ffc08d6782b5583b20fa57a4b40a8e597101883c953c3790e36b99e3a6c8d06c","The platform supports breadcrumbs.","SHOULD","Functional","V1","CBR","Frontend handoff","None stated by the Constitution","An acceptance test confirms this statement: “The platform supports breadcrumbs.”","Frontend Product/Design Blueprint (frontend-owned; identifier pending ODR-001)","Passing functional test and relevant audit/event record where applicable.","Pending independent review","Not started"
"REQ-020.11","REQ-020","Part 2","SEO Requirements","L965; L985","Support: || Internal Linking","370154bdf0e2bd72f59cd672a2c79ecc45b70f97d802a1c0e1b49407578471f6","The platform supports internal linking.","SHOULD","Functional","V1","CBR","Shared","None stated by the Constitution","An acceptance test confirms this statement: “The platform supports internal linking.”","Business/Product/Technical Blueprint (identifier pending ODR-001)","Passing functional test and relevant audit/event record where applicable.","Pending independent review","Not started"
"REQ-020.12","REQ-020","Part 2","SEO Requirements","L965; L987","Support: || Schema.org Markup","1b439ef054f27b5847bdd0f90e99fb47950283216b3ab34edffcbfc5bb0dad61","The platform supports Schema.org markup.","SHOULD","Functional","V1","CBR","Shared","None stated by the Constitution","An acceptance test confirms this statement: “The platform supports Schema.org markup.”","Business/Product/Technical Blueprint (identifier pending ODR-001)","Passing functional test and relevant audit/event record where applicable.","Pending independent review","Not started"
"REQ-020.13","REQ-020","Part 2","SEO Requirements","L965; L989","Support: || Performance Optimization","75ac9f7045fed4bc3463b83c4fbd412db094eec8ff56e7d7d4e4ff06ffe85764","The platform supports SEO performance optimization.","SHOULD","Non-functional","V1","REC","Shared","None stated by the Constitution","A defined measurement or design review confirms this statement: “The platform supports SEO performance optimization.”","Business/Product/Technical Blueprint (identifier pending ODR-001)","Defined metric/standard plus measured result or documented review.","Pending independent review","Not started"
"REQ-020.14","REQ-020","Part 2","SEO Requirements","L991","The platform should be designed to maximize long-term organic traffic.","f03218c828aca99f92648da237bb2e5f5e6630fb77a9b459b1f2e20787fd6eb7","The platform is designed to maximize long-term organic traffic.","SHOULD","Non-functional","V1","REC","Shared","None stated by the Constitution","A defined measurement or design review confirms this statement: “The platform is designed to maximize long-term organic traffic.”","Business/Product/Technical Blueprint (identifier pending ODR-001)","Defined metric/standard plus measured result or documented review.","Pending independent review","Not started"
"REQ-021.01","REQ-021","Part 2","Performance Targets","L997; L999","The platform should aim for: || Fast initial page load","acc44110da662f5318a873df82e64245b025edcb7b04b8ecc730d75d06917577","The platform targets a fast initial page load.","SHOULD","Non-functional","V1","REC","Shared","None stated by the Constitution","A defined measurement or design review confirms this statement: “The platform targets a fast initial page load.”","Business/Product/Technical Blueprint (identifier pending ODR-001)","Defined metric/standard plus measured result or documented review.","Pending independent review","Not started"
"REQ-021.02","REQ-021","Part 2","Performance Targets","L997; L1001","The platform should aim for: || Optimized images","525082ea0c59a0b379dad1b7a993afdb8835a9a36e7a4dee4e69c15d07fe6573","The platform uses optimized images.","SHOULD","Non-functional","V1","REC","Frontend handoff","None stated by the Constitution","A defined measurement or design review confirms this statement: “The platform uses optimized images.”","Frontend Product/Design Blueprint (frontend-owned; identifier pending ODR-001)","Defined metric/standard plus measured result or documented review.","Pending independent review","Not started"
"REQ-021.03","REQ-021","Part 2","Performance Targets","L997; L1003","The platform should aim for: || Lazy loading","fb90db85444f5abc382d5bf3a99f00423790d7ae6a82818b40b35ff70b140312","The platform uses lazy loading where relevant.","SHOULD","Non-functional","V1","REC","Frontend handoff","None stated by the Constitution","A defined measurement or design review confirms this statement: “The platform uses lazy loading where relevant.”","Frontend Product/Design Blueprint (frontend-owned; identifier pending ODR-001)","Defined metric/standard plus measured result or documented review.","Pending independent review","Not started"
"REQ-021.04","REQ-021","Part 2","Performance Targets","L997; L1005","The platform should aim for: || Efficient caching","67ceac9fe34df425f98570b3eaed8ff7e982c1fac2436ff5e3a81dca5074e00f","The platform uses efficient caching.","SHOULD","Non-functional","V1","REC","Architecture","None stated by the Constitution","A defined measurement or design review confirms this statement: “The platform uses efficient caching.”","Business/Product/Technical Blueprint (identifier pending ODR-001)","Defined metric/standard plus measured result or documented review.","Pending independent review","Not started"
"REQ-021.05","REQ-021","Part 2","Performance Targets","L997; L1007","The platform should aim for: || Minimal JavaScript","ee7cb320f9a2bbf4dd0f83146d484a982b473c0501eece33b99aa1fc4c329e39","The platform minimizes JavaScript.","SHOULD","Non-functional","V1","REC","Frontend handoff","None stated by the Constitution","A defined measurement or design review confirms this statement: “The platform minimizes JavaScript.”","Frontend Product/Design Blueprint (frontend-owned; identifier pending ODR-001)","Defined metric/standard plus measured result or documented review.","Pending independent review","Not started"
"REQ-021.06","REQ-021","Part 2","Performance Targets","L997; L1009","The platform should aim for: || Excellent Core Web Vitals","498c5b32caedbebc018a8d1d9eafa8fedd29766281896e0c75fd4397328447ab","The platform targets excellent Core Web Vitals.","SHOULD","Non-functional","V1","REC","Shared","EFE-009","A defined measurement or design review confirms this statement: “The platform targets excellent Core Web Vitals.”","Business/Product/Technical Blueprint (identifier pending ODR-001)","Defined metric/standard plus measured result or documented review.","Pending independent review","Not started"
"REQ-021.07","REQ-021","Part 2","Performance Targets","L997; L1011","The platform should aim for: || Responsive mobile experience","6de99935d12dee7f153deb814de5f64bf80c505be6dc7f163fe71cdc60be8585","The platform provides a responsive mobile experience.","SHOULD","Non-functional","V1","REC","Frontend handoff","None stated by the Constitution","A defined measurement or design review confirms this statement: “The platform provides a responsive mobile experience.”","Frontend Product/Design Blueprint (frontend-owned; identifier pending ODR-001)","Defined metric/standard plus measured result or documented review.","Pending independent review","Not started"
"REQ-021.08","REQ-021","Part 2","Performance Targets","L1013","The AI should recommend measurable performance targets and architecture choices to support them.","6b8b0f37d48a066acffc8f4619d3bf177ba85a00ad1c1596ce9e09a9cd6e90ea","The architecture documentation recommends measurable performance targets and supporting architecture choices.","SHOULD","Documentation","Pre-implementation deliverable","REC","Architecture","None stated by the Constitution","The named artifact exists, addresses this statement, and is traceable to the cited lines: “The architecture documentation recommends measurable performance targets and supporting architecture choices.”","Phase 0 documentation/roadmap deliverable (identifier pending ODR-001)","Versioned artifact plus reviewer sign-off and citation trace.","Pending independent review","Not started"
"REQ-022.01","REQ-022","Part 3","Super Admin ERP and Admin Dashboard","L1059–L1063","SUPER ADMIN ERP / The Super Admin Panel is the central control system of the entire EarnPearls platform. / It must be designed as a complete Enterprise Resource Planning (ERP) dashboard rather than a simple admin panel.","d5d2333dad1d9c1fd0f3cd8e49ea14c48ead4406a5d815ab8655bf46226baddc","The Super Admin Panel is a complete ERP control system rather than a simple admin panel.","MUST","Non-functional","V1","CD","Backend/Admin ERP","None stated by the Constitution","A defined measurement or design review confirms this statement: “The Super Admin Panel is a complete ERP control system rather than a simple admin panel.”","Business/Product/Technical Blueprint (identifier pending ODR-001)","Defined metric/standard plus measured result or documented review.","Pending independent review","Not started"
"REQ-022.02","REQ-022","Part 3","Super Admin ERP and Admin Dashboard","L1065","The Super Admin should be able to manage almost every aspect of the platform without modifying the source code.","f91421a68b3a12fdef924ccdd984cbc94afb0379f06c7a1d53411e68f526364b","The Super Admin can manage almost every platform aspect without changing source code.","SHOULD","Functional","V1","CBR","Backend/Admin ERP","None stated by the Constitution","An acceptance test confirms this statement: “The Super Admin can manage almost every platform aspect without changing source code.”","Business/Product/Technical Blueprint (identifier pending ODR-001)","Passing functional test and relevant audit/event record where applicable.","Pending independent review","Not started"
"REQ-022.03","REQ-022","Part 3","Super Admin ERP and Admin Dashboard","L1067","Business rules should be configurable through the admin interface wherever practical.","1488bf0129c0f9e919fb7d2f15ba8fc33e3b51e96f0b315078b112df97088343","Business rules are configurable through the admin interface wherever practical.","SHOULD","Functional","V1","CBR","Backend/Admin ERP","None stated by the Constitution","An acceptance test confirms this statement: “Business rules are configurable through the admin interface wherever practical.”","Business/Product/Technical Blueprint (identifier pending ODR-001)","Passing functional test and relevant audit/event record where applicable.","Pending independent review","Not started"
"REQ-022.04","REQ-022","Part 3","Super Admin ERP and Admin Dashboard","L1071–L1073","ADMIN DASHBOARD / The dashboard should provide a real-time overview of platform health.","8f4f28b6760d7f3dd2ad2e0caac1da21f20460b774e2897c8616cfba8e742e62","The admin dashboard provides a real-time overview of platform health.","SHOULD","Functional","V1","CBR","Backend/Admin ERP","None stated by the Constitution","An acceptance test confirms this statement: “The admin dashboard provides a real-time overview of platform health.”","Business/Product/Technical Blueprint (identifier pending ODR-001)","Passing functional test and relevant audit/event record where applicable.","Pending independent review","Not started"
"REQ-022.05","REQ-022","Part 3","Super Admin ERP and Admin Dashboard","L1075; L1077","Include: || Total Users","097af3296431d03013a2d61761885be09c2b69a50ac0b6bc2cebd9b19e1965c4","The admin dashboard includes total users.","SHOULD","Functional","V1","CBR","Backend/Admin ERP","None stated by the Constitution","An acceptance test confirms this statement: “The admin dashboard includes total users.”","Business/Product/Technical Blueprint (identifier pending ODR-001)","Passing functional test and relevant audit/event record where applicable.","Pending independent review","Not started"
"REQ-022.06","REQ-022","Part 3","Super Admin ERP and Admin Dashboard","L1075; L1079","Include: || Active Users","dcd44315f408fb04666e19bd105e22cfba60b844a3dd52a28857012da7592ac5","The admin dashboard includes active users.","SHOULD","Functional","V1","CBR","Backend/Admin ERP","None stated by the Constitution","An acceptance test confirms this statement: “The admin dashboard includes active users.”","Business/Product/Technical Blueprint (identifier pending ODR-001)","Passing functional test and relevant audit/event record where applicable.","Pending independent review","Not started"
"REQ-022.07","REQ-022","Part 3","Super Admin ERP and Admin Dashboard","L1075; L1081","Include: || New Registrations","92fc9970b01129e681ff3afd1b40f6c4878b8dab4442448ee729e0f512ff48e2","The admin dashboard includes new registrations.","SHOULD","Functional","V1","CBR","Backend/Admin ERP","None stated by the Constitution","An acceptance test confirms this statement: “The admin dashboard includes new registrations.”","Business/Product/Technical Blueprint (identifier pending ODR-001)","Passing functional test and relevant audit/event record where applicable.","Pending independent review","Not started"
"REQ-022.08","REQ-022","Part 3","Super Admin ERP and Admin Dashboard","L1075; L1083","Include: || Verified Users","468e4b1683e72f736f8b869125c1d60c8dfd38abe94c56c85adc955651bee701","The admin dashboard includes verified users.","SHOULD","Functional","V1","CBR","Backend/Admin ERP","None stated by the Constitution","An acceptance test confirms this statement: “The admin dashboard includes verified users.”","Business/Product/Technical Blueprint (identifier pending ODR-001)","Passing functional test and relevant audit/event record where applicable.","Pending independent review","Not started"
"REQ-022.09","REQ-022","Part 3","Super Admin ERP and Admin Dashboard","L1075; L1085","Include: || Limited Users","d5133fe2a51777919147c9a230625f5fc4b5fbe52efdd428c2f180f8b630eb4e","The admin dashboard includes limited users.","SHOULD","Functional","V1","CBR","Backend/Admin ERP","None stated by the Constitution","An acceptance test confirms this statement: “The admin dashboard includes limited users.”","Business/Product/Technical Blueprint (identifier pending ODR-001)","Passing functional test and relevant audit/event record where applicable.","Pending independent review","Not started"
"REQ-022.10","REQ-022","Part 3","Super Admin ERP and Admin Dashboard","L1075; L1087","Include: || Online Users","76489d946fb94bae1676a860cfe6e38c7325b810a50cde6c1dda43e322a81e7a","The admin dashboard includes online users.","SHOULD","Functional","V1","CBR","Backend/Admin ERP","None stated by the Constitution","An acceptance test confirms this statement: “The admin dashboard includes online users.”","Business/Product/Technical Blueprint (identifier pending ODR-001)","Passing functional test and relevant audit/event record where applicable.","Pending independent review","Not started"
"REQ-022.11","REQ-022","Part 3","Super Admin ERP and Admin Dashboard","L1075; L1089","Include: || Daily Revenue","d83f440db583f94ecd055cbf1d82deab39d90fd83870ec0040764cd08246270d","The admin dashboard includes daily revenue.","SHOULD","Functional","V1","CBR","Backend/Admin ERP","None stated by the Constitution","An acceptance test confirms this statement: “The admin dashboard includes daily revenue.”","Business/Product/Technical Blueprint (identifier pending ODR-001)","Passing functional test and relevant audit/event record where applicable.","Pending independent review","Not started"
"REQ-022.12","REQ-022","Part 3","Super Admin ERP and Admin Dashboard","L1075; L1091","Include: || Monthly Revenue","38d595063360e6ca0631fe9e65d44b3d6bd9958eab5f20210805008ccedf7140","The admin dashboard includes monthly revenue.","SHOULD","Functional","V1","CBR","Backend/Admin ERP","None stated by the Constitution","An acceptance test confirms this statement: “The admin dashboard includes monthly revenue.”","Business/Product/Technical Blueprint (identifier pending ODR-001)","Passing functional test and relevant audit/event record where applicable.","Pending independent review","Not started"
"REQ-022.13","REQ-022","Part 3","Super Admin ERP and Admin Dashboard","L1075; L1093","Include: || Total Withdrawals","db039c948163a3fb73d6e7ad12d522953bd948518c510a2623768ad9e01df5e4","The admin dashboard includes total withdrawals.","SHOULD","Functional","V1","CBR","Backend/Admin ERP","None stated by the Constitution","An acceptance test confirms this statement: “The admin dashboard includes total withdrawals.”","Business/Product/Technical Blueprint (identifier pending ODR-001)","Passing functional test and relevant audit/event record where applicable.","Pending independent review","Not started"
"REQ-022.14","REQ-022","Part 3","Super Admin ERP and Admin Dashboard","L1075; L1095","Include: || Pending Withdrawals","e7d8aa2e928af23ca59bbab556a2e1776abc04441aac439f091e43fd395ab497","The admin dashboard includes pending withdrawals.","SHOULD","Functional","V1","CBR","Backend/Admin ERP","None stated by the Constitution","An acceptance test confirms this statement: “The admin dashboard includes pending withdrawals.”","Business/Product/Technical Blueprint (identifier pending ODR-001)","Passing functional test and relevant audit/event record where applicable.","Pending independent review","Not started"
"REQ-022.15","REQ-022","Part 3","Super Admin ERP and Admin Dashboard","L1075; L1097","Include: || Completed Withdrawals","e0860c5ee82fb5cadca7e33c9962fa8e973f812691fd0b598f1dcdb8fc2c6d1e","The admin dashboard includes completed withdrawals.","SHOULD","Functional","V1","CBR","Backend/Admin ERP","None stated by the Constitution","An acceptance test confirms this statement: “The admin dashboard includes completed withdrawals.”","Business/Product/Technical Blueprint (identifier pending ODR-001)","Passing functional test and relevant audit/event record where applicable.","Pending independent review","Not started"
"REQ-022.16","REQ-022","Part 3","Super Admin ERP and Admin Dashboard","L1075; L1099","Include: || Failed Withdrawals","1ca9b5df2dca5da6b2bae92e9b59943e0dfd572d94eb1c8f3a5d13a7e37ee006","The admin dashboard includes failed withdrawals.","SHOULD","Functional","V1","CBR","Backend/Admin ERP","None stated by the Constitution","An acceptance test confirms this statement: “The admin dashboard includes failed withdrawals.”","Business/Product/Technical Blueprint (identifier pending ODR-001)","Passing functional test and relevant audit/event record where applicable.","Pending independent review","Not started"
"REQ-022.17","REQ-022","Part 3","Super Admin ERP and Admin Dashboard","L1075; L1101","Include: || Survey Statistics","dc2156d6585b3fe6837a8577ba9620fcbc2e263bc6750a1c7189e41e9c03aaa8","The admin dashboard includes survey statistics.","SHOULD","Functional","V1","CBR","Backend/Admin ERP","None stated by the Constitution","An acceptance test confirms this statement: “The admin dashboard includes survey statistics.”","Business/Product/Technical Blueprint (identifier pending ODR-001)","Passing functional test and relevant audit/event record where applicable.","Pending independent review","Not started"
"REQ-022.18","REQ-022","Part 3","Super Admin ERP and Admin Dashboard","L1075; L1103","Include: || Provider Performance","264f618fd44422d99be0de37b81c03785634072569f692d0dad28b29a98477a0","The admin dashboard includes provider performance.","SHOULD","Functional","V1","CBR","Backend/Admin ERP","None stated by the Constitution","An acceptance test confirms this statement: “The admin dashboard includes provider performance.”","Business/Product/Technical Blueprint (identifier pending ODR-001)","Passing functional test and relevant audit/event record where applicable.","Pending independent review","Not started"
"REQ-022.19","REQ-022","Part 3","Super Admin ERP and Admin Dashboard","L1075; L1105","Include: || Conversion Rates","e95e0c25103e7a63e1d7be8cb096b1776bae010708fe24d9264a23133b6a683a","The admin dashboard includes conversion rates.","SHOULD","Functional","V1","CBR","Backend/Admin ERP","None stated by the Constitution","An acceptance test confirms this statement: “The admin dashboard includes conversion rates.”","Business/Product/Technical Blueprint (identifier pending ODR-001)","Passing functional test and relevant audit/event record where applicable.","Pending independent review","Not started"
"REQ-022.20","REQ-022","Part 3","Super Admin ERP and Admin Dashboard","L1075; L1107","Include: || Weekly Growth","26ee5739e75ca256e4b0acee86470293579dd8f6192462c4003a2115bf2eb89a","The admin dashboard includes weekly growth.","SHOULD","Functional","V1","CBR","Backend/Admin ERP","None stated by the Constitution","An acceptance test confirms this statement: “The admin dashboard includes weekly growth.”","Business/Product/Technical Blueprint (identifier pending ODR-001)","Passing functional test and relevant audit/event record where applicable.","Pending independent review","Not started"
"REQ-022.21","REQ-022","Part 3","Super Admin ERP and Admin Dashboard","L1075; L1109","Include: || Monthly Growth","35bbff6a2bbb8d83ced307eb9275a729165e56f909725543b83a05cf7296d1bf","The admin dashboard includes monthly growth.","SHOULD","Functional","V1","CBR","Backend/Admin ERP","None stated by the Constitution","An acceptance test confirms this statement: “The admin dashboard includes monthly growth.”","Business/Product/Technical Blueprint (identifier pending ODR-001)","Passing functional test and relevant audit/event record where applicable.","Pending independent review","Not started"
"REQ-022.22","REQ-022","Part 3","Super Admin ERP and Admin Dashboard","L1075; L1111","Include: || Support Tickets","29d64c6ce7199793ac1edc51325c561ac5b7738ac45b0bda7d3ce6dc275f659c","The admin dashboard includes support-ticket metrics.","SHOULD","Functional","V1","CBR","Backend/Admin ERP","None stated by the Constitution","An acceptance test confirms this statement: “The admin dashboard includes support-ticket metrics.”","Business/Product/Technical Blueprint (identifier pending ODR-001)","Passing functional test and relevant audit/event record where applicable.","Pending independent review","Not started"
"REQ-022.23","REQ-022","Part 3","Super Admin ERP and Admin Dashboard","L1075; L1113","Include: || Fraud Alerts","10771aecb52203e327f3459bb8f5bfe968dcf4e670096b3cb5bcc53aa7cd3297","The admin dashboard includes fraud alerts.","SHOULD","Functional","V1","CBR","Backend/Admin ERP","None stated by the Constitution","An acceptance test confirms this statement: “The admin dashboard includes fraud alerts.”","Business/Product/Technical Blueprint (identifier pending ODR-001)","Passing functional test and relevant audit/event record where applicable.","Pending independent review","Not started"
"REQ-022.24","REQ-022","Part 3","Super Admin ERP and Admin Dashboard","L1075; L1115","Include: || System Health","8366af890bab4bbcb61ec2a521c2f6564f9de9ac1be49be898301953c2f8cebe","The admin dashboard includes system health.","SHOULD","Functional","V1","CBR","Backend/Admin ERP","None stated by the Constitution","An acceptance test confirms this statement: “The admin dashboard includes system health.”","Business/Product/Technical Blueprint (identifier pending ODR-001)","Passing functional test and relevant audit/event record where applicable.","Pending independent review","Not started"
"REQ-022.25","REQ-022","Part 3","Super Admin ERP and Admin Dashboard","L1075; L1117","Include: || Background Jobs Status","ee05e4126bdb93abfd7884f74b968bc3b208faffac86b8838a55ed7b2203f589","The admin dashboard includes background-job status.","SHOULD","Functional","V1","CBR","Backend/Admin ERP","None stated by the Constitution","An acceptance test confirms this statement: “The admin dashboard includes background-job status.”","Business/Product/Technical Blueprint (identifier pending ODR-001)","Passing functional test and relevant audit/event record where applicable.","Pending independent review","Not started"
"REQ-022.26","REQ-022","Part 3","Super Admin ERP and Admin Dashboard","L1075; L1119","Include: || Recent Activities","3a96e906b556ae5e7c7e982c043ee7b08574cf871f42034713329093ff2bd1ea","The admin dashboard includes recent activities.","SHOULD","Functional","V1","CBR","Backend/Admin ERP","None stated by the Constitution","An acceptance test confirms this statement: “The admin dashboard includes recent activities.”","Business/Product/Technical Blueprint (identifier pending ODR-001)","Passing functional test and relevant audit/event record where applicable.","Pending independent review","Not started"
"REQ-022.27","REQ-022","Part 3","Super Admin ERP and Admin Dashboard","L1075; L1121","Include: || Error Monitoring","95ed559322a8a6ac8ff39b7c8fe9bf1c85b4121ed9f4c6d004c73bab8d9247ec","The admin dashboard includes error monitoring.","SHOULD","Functional","V1","CBR","Backend/Admin ERP","None stated by the Constitution","An acceptance test confirms this statement: “The admin dashboard includes error monitoring.”","Business/Product/Technical Blueprint (identifier pending ODR-001)","Passing functional test and relevant audit/event record where applicable.","Pending independent review","Not started"
"REQ-022.28","REQ-022","Part 3","Super Admin ERP and Admin Dashboard","L1075; L1123","Include: || Storage Usage","b91ca7e9b70235af181b516f3de30695fde0d274b937238982eb8d7c1ec34c94","The admin dashboard includes storage usage.","SHOULD","Functional","V1","CBR","Backend/Admin ERP","None stated by the Constitution","An acceptance test confirms this statement: “The admin dashboard includes storage usage.”","Business/Product/Technical Blueprint (identifier pending ODR-001)","Passing functional test and relevant audit/event record where applicable.","Pending independent review","Not started"
"REQ-022.29","REQ-022","Part 3","Super Admin ERP and Admin Dashboard","L1075; L1125","Include: || API Status","4174ea0b4610df7f83927c20702be3a828926920be349ad4344eb3e7ddb3775f","The admin dashboard includes API status.","SHOULD","Functional","V1","CBR","Backend/Admin ERP","None stated by the Constitution","An acceptance test confirms this statement: “The admin dashboard includes API status.”","Business/Product/Technical Blueprint (identifier pending ODR-001)","Passing functional test and relevant audit/event record where applicable.","Pending independent review","Not started"
"REQ-022.30","REQ-022","Part 3","Super Admin ERP and Admin Dashboard","L1075; L1127","Include: || Email Queue Status","7f42b9b7341a3eb0a629e17d975a0a28815eebea9e377146beb3b1c008ac4b28","The admin dashboard includes email-queue status.","SHOULD","Functional","V1","CBR","Backend/Admin ERP","None stated by the Constitution","An acceptance test confirms this statement: “The admin dashboard includes email-queue status.”","Business/Product/Technical Blueprint (identifier pending ODR-001)","Passing functional test and relevant audit/event record where applicable.","Pending independent review","Not started"
"REQ-022.31","REQ-022","Part 3","Super Admin ERP and Admin Dashboard","L1129","Dashboard widgets should be customizable.","2c5a60c6567c4bbeb3e35e62d645cc32bd62080b3c0fdd7dc4c9cabb933cbdb8","Admin dashboard widgets are customizable.","SHOULD","Functional","V1","CBR","Backend/Admin ERP","None stated by the Constitution","An acceptance test confirms this statement: “Admin dashboard widgets are customizable.”","Business/Product/Technical Blueprint (identifier pending ODR-001)","Passing functional test and relevant audit/event record where applicable.","Pending independent review","Not started"
"REQ-023.01","REQ-023","Part 3","User Management","L1135; L1137","The admin must be able to: || Search users","b76e3f1bbe44dc6598d9d3f6ba83011b073a2a64e07911899b371e6be3898c3d","Administrators can search users.","MUST","Functional","V1","CBR","Backend/Admin ERP","None stated by the Constitution","An acceptance test confirms this statement: “Administrators can search users.”","Business/Product/Technical Blueprint (identifier pending ODR-001)","Passing functional test and relevant audit/event record where applicable.","Pending independent review","Not started"
"REQ-023.02","REQ-023","Part 3","User Management","L1135; L1139","The admin must be able to: || Filter users","9ac45a584df7463d13455e5a0ecfd931b9c0d29633cc5de5411eca4b4bd86091","Administrators can filter users.","MUST","Functional","V1","CBR","Backend/Admin ERP","None stated by the Constitution","An acceptance test confirms this statement: “Administrators can filter users.”","Business/Product/Technical Blueprint (identifier pending ODR-001)","Passing functional test and relevant audit/event record where applicable.","Pending independent review","Not started"
"REQ-023.03","REQ-023","Part 3","User Management","L1135; L1141","The admin must be able to: || Sort users","2a3196fc65360e1076845e718bf6cca5c6a960e0f4cbf9c732839af58d5e8b98","Administrators can sort users.","MUST","Functional","V1","CBR","Backend/Admin ERP","None stated by the Constitution","An acceptance test confirms this statement: “Administrators can sort users.”","Business/Product/Technical Blueprint (identifier pending ODR-001)","Passing functional test and relevant audit/event record where applicable.","Pending independent review","Not started"
"REQ-023.04","REQ-023","Part 3","User Management","L1135; L1143","The admin must be able to: || Export users","de2846b4ff84537166f9f19f3816680b024ecea8021fd818f7c454fd3ee40638","Administrators can export users.","MUST","Functional","V1","CBR","Backend/Admin ERP","None stated by the Constitution","An acceptance test confirms this statement: “Administrators can export users.”","Business/Product/Technical Blueprint (identifier pending ODR-001)","Passing functional test and relevant audit/event record where applicable.","Pending independent review","Not started"
"REQ-023.05","REQ-023","Part 3","User Management","L1135; L1145","The admin must be able to: || Import users (future)","c02231dea7b457a3b57bbd4f696e4cb1fd3bdcf38748d234ccb26ba5d98d4ec7","Administrators can import users in a future release.","MUST","Functional","Future","FRR","Backend/Admin ERP","None stated by the Constitution","An acceptance test confirms this statement: “Administrators can import users in a future release.”","Business/Product/Technical Blueprint (identifier pending ODR-001)","Passing functional test and relevant audit/event record where applicable.","Pending independent review","Not started"
"REQ-023.06","REQ-023","Part 3","User Management","L1135; L1147","The admin must be able to: || View complete user profile","88e232a2b5268265cbe82fc3379420923083ce85fe96f4003ee9d5afd0d1517f","Administrators can view a complete user profile.","MUST","Functional","V1","CBR","Backend/Admin ERP","None stated by the Constitution","An acceptance test confirms this statement: “Administrators can view a complete user profile.”","Business/Product/Technical Blueprint (identifier pending ODR-001)","Passing functional test and relevant audit/event record where applicable.","Pending independent review","Not started"
"REQ-023.07","REQ-023","Part 3","User Management","L1135; L1149","The admin must be able to: || View login history","622d88e7dda93ff6f10eff3a44ad2ed69b0e1f3e4a9f5eea71bd6d6dd0f31d9e","Administrators can view user login history.","MUST","Functional","V1","CBR","Backend/Admin ERP","None stated by the Constitution","An acceptance test confirms this statement: “Administrators can view user login history.”","Business/Product/Technical Blueprint (identifier pending ODR-001)","Passing functional test and relevant audit/event record where applicable.","Pending independent review","Not started"
"REQ-023.08","REQ-023","Part 3","User Management","L1135; L1151","The admin must be able to: || View activity history","07fde2468694ae1d814e8dd3e847721c7d18049b5f2de462f79bb59f209bce3b","Administrators can view user activity history.","MUST","Functional","V1","CBR","Backend/Admin ERP","None stated by the Constitution","An acceptance test confirms this statement: “Administrators can view user activity history.”","Business/Product/Technical Blueprint (identifier pending ODR-001)","Passing functional test and relevant audit/event record where applicable.","Pending independent review","Not started"
"REQ-023.09","REQ-023","Part 3","User Management","L1135; L1153","The admin must be able to: || View earnings","dac2e4cdb7756bc08a179806e4b5cd71e243532b17250dcdcfde69eb2b9b53ba","Administrators can view user earnings.","MUST","Functional","V1","CBR","Backend/Admin ERP","None stated by the Constitution","An acceptance test confirms this statement: “Administrators can view user earnings.”","Business/Product/Technical Blueprint (identifier pending ODR-001)","Passing functional test and relevant audit/event record where applicable.","Pending independent review","Not started"
"REQ-023.10","REQ-023","Part 3","User Management","L1135; L1155","The admin must be able to: || View withdrawals","99d3fcb38614b026c182aaec38ef9a6731b93e7e3fc684d20146b4d9417a10b1","Administrators can view user withdrawals.","MUST","Functional","V1","CBR","Backend/Admin ERP","None stated by the Constitution","An acceptance test confirms this statement: “Administrators can view user withdrawals.”","Business/Product/Technical Blueprint (identifier pending ODR-001)","Passing functional test and relevant audit/event record where applicable.","Pending independent review","Not started"
"REQ-023.11","REQ-023","Part 3","User Management","L1135; L1157","The admin must be able to: || View survey history (where available)","17a087609aca8eeff67df6994fa1c77c95af38ed7d417265ba5a27a2b7273d85","Administrators can view survey history when available.","MUST","Functional","V1","CBR","Backend/Admin ERP","None stated by the Constitution","An acceptance test confirms this statement: “Administrators can view survey history when available.”","Business/Product/Technical Blueprint (identifier pending ODR-001)","Passing functional test and relevant audit/event record where applicable.","Pending independent review","Not started"
"REQ-023.12","REQ-023","Part 3","User Management","L1135; L1159","The admin must be able to: || View support history","ce74473185b648dcd310bdc2f325925dd0077b6c2c9be8b94b5f0493f92333e2","Administrators can view support history.","MUST","Functional","V1","CBR","Backend/Admin ERP","None stated by the Constitution","An acceptance test confirms this statement: “Administrators can view support history.”","Business/Product/Technical Blueprint (identifier pending ODR-001)","Passing functional test and relevant audit/event record where applicable.","Pending independent review","Not started"
"REQ-023.13","REQ-023","Part 3","User Management","L1135; L1161","The admin must be able to: || View notification history","e8592803426b62bf7201ac812f060583b4acbadd2ebdeea18487e1a29d91144a","Administrators can view notification history.","MUST","Functional","V1","CBR","Backend/Admin ERP","None stated by the Constitution","An acceptance test confirms this statement: “Administrators can view notification history.”","Business/Product/Technical Blueprint (identifier pending ODR-001)","Passing functional test and relevant audit/event record where applicable.","Pending independent review","Not started"
"REQ-023.14","REQ-023","Part 3","User Management","L1135; L1163","The admin must be able to: || Reset password (admin initiated)","ab85d964f38c1c045d6efc8ff36dc8d6778f927befe3bf233da9f19aa14c3213","Administrators can initiate a password reset.","MUST","Functional","V1","CBR","Backend/Admin ERP","None stated by the Constitution","An acceptance test confirms this statement: “Administrators can initiate a password reset.”","Business/Product/Technical Blueprint (identifier pending ODR-001)","Passing functional test and relevant audit/event record where applicable.","Pending independent review","Not started"
"REQ-023.15","REQ-023","Part 3","User Management","L1135; L1165","The admin must be able to: || Force logout","27a530fe820fac6e0a8a6c2a21795e3207353cf73f6f2212102b45125ffeb025","Administrators can force logout.","MUST","Functional","V1","CBR","Backend/Admin ERP","None stated by the Constitution","An acceptance test confirms this statement: “Administrators can force logout.”","Business/Product/Technical Blueprint (identifier pending ODR-001)","Passing functional test and relevant audit/event record where applicable.","Pending independent review","Not started"
"REQ-023.16","REQ-023","Part 3","User Management","L1135; L1167","The admin must be able to: || Suspend sessions","6b5ee9f115064b152cdd95830954ab08789bcdd5b2ffeda649ba69ee9bf890eb","Administrators can suspend sessions.","MUST","Functional","V1","CBR","Backend/Admin ERP","None stated by the Constitution","An acceptance test confirms this statement: “Administrators can suspend sessions.”","Business/Product/Technical Blueprint (identifier pending ODR-001)","Passing functional test and relevant audit/event record where applicable.","Pending independent review","Not started"
"REQ-023.17","REQ-023","Part 3","User Management","L1135; L1169","The admin must be able to: || Lock account","123e36fc1cff4b00c4ee6678749afcddcf7d9eba8c7c0fcf036392cfcb1648b2","Administrators can lock an account.","MUST","Functional","V1","CBR","Backend/Admin ERP","None stated by the Constitution","An acceptance test confirms this statement: “Administrators can lock an account.”","Business/Product/Technical Blueprint (identifier pending ODR-001)","Passing functional test and relevant audit/event record where applicable.","Pending independent review","Not started"
"REQ-023.18","REQ-023","Part 3","User Management","L1135; L1171","The admin must be able to: || Unlock account","0a8113e71ef0409c655f78c5331fdf04f1b94079a603f2c1428c03868bca99db","Administrators can unlock an account.","MUST","Functional","V1","CBR","Backend/Admin ERP","None stated by the Constitution","An acceptance test confirms this statement: “Administrators can unlock an account.”","Business/Product/Technical Blueprint (identifier pending ODR-001)","Passing functional test and relevant audit/event record where applicable.","Pending independent review","Not started"
"REQ-023.19","REQ-023","Part 3","User Management","L1135; L1173","The admin must be able to: || Delete account (soft delete)","1156f8b48c7e164fea894fa1dd4c4fb8eb3e2e8ad31369b42ec19eaca1029c2a","Administrators can soft-delete an account.","MUST","Data","V1","CD","Backend/Admin ERP","None stated by the Constitution","Schema, constraint, and data-level tests confirm this statement: “Administrators can soft-delete an account.”","Database Architecture & Data Model deliverable (identifier pending ODR-001)","Schema/migration evidence plus automated integrity tests.","Pending independent review","Not started"
"REQ-023.20","REQ-023","Part 3","User Management","L1135; L1175","The admin must be able to: || Restore account","62da18c0aed64d342b0e34ff75d7c7ee58e0e093ee34a7a5ab57f389a15ce7f5","Administrators can restore a soft-deleted account.","MUST","Data","V1","CD","Backend/Admin ERP","None stated by the Constitution","Schema, constraint, and data-level tests confirm this statement: “Administrators can restore a soft-deleted account.”","Database Architecture & Data Model deliverable (identifier pending ODR-001)","Schema/migration evidence plus automated integrity tests.","Pending independent review","Not started"
"REQ-023.21","REQ-023","Part 3","User Management","L1135; L1177","The admin must be able to: || Merge duplicate accounts (future)","73c87c0edb4ca7061caad3cf0e5bacfbdd3e565998cf2b3223aaa7fd4b4cefd2","Administrators can merge duplicate accounts in a future release.","MUST","Functional","Future","FRR","Backend/Admin ERP","None stated by the Constitution","An acceptance test confirms this statement: “Administrators can merge duplicate accounts in a future release.”","Business/Product/Technical Blueprint (identifier pending ODR-001)","Passing functional test and relevant audit/event record where applicable.","Pending independent review","Not started"
"REQ-024.01","REQ-024","Part 3","Account Moderation and State Extensibility","L1181–L1183","ACCOUNT MODERATION / Every account should support administrative states.","cf0389ccb83413569a1ff8d3a46b82b7fc118866255f556b427807b692528a2d","Every account supports administrative states.","SHOULD","Functional","V1","CBR","Backend/Admin ERP","None stated by the Constitution","An acceptance test confirms this statement: “Every account supports administrative states.”","Business/Product/Technical Blueprint (identifier pending ODR-001)","Passing functional test and relevant audit/event record where applicable.","Pending independent review","Not started"
"REQ-024.02","REQ-024","Part 3","Account Moderation and State Extensibility","L1185–L1195","Examples include: / Active / Limited / Suspended / Disabled / Archived","c5975a4abc30335a5e194cdb253735421ea2c2f7b7836e390822c42f83f23351","The state model can represent active, limited, suspended, disabled, and archived states as candidate states without treating the example list as closed.","MAY","Data","V1","REC","Backend/Admin ERP","None stated by the Constitution","Schema, constraint, and data-level tests confirm this statement: “The state model can represent active, limited, suspended, disabled, and archived states as candidate states without treating the example list as closed.”","Database Architecture & Data Model deliverable (identifier pending ODR-001)","Schema/migration evidence plus automated integrity tests.","Pending independent review","Not started"
"REQ-024.03","REQ-024","Part 3","Account Moderation and State Extensibility","L1197","The platform should be designed so additional states can be added later without requiring database redesign.","dd7b3ccbca6101c4632908be74d248dd958c4b8e318917c4cbaaee053f02e51d","Additional account states can be added later without database redesign.","SHOULD","Non-functional","Future","FRR","Architecture","None stated by the Constitution","A defined measurement or design review confirms this statement: “Additional account states can be added later without database redesign.”","Business/Product/Technical Blueprint (identifier pending ODR-001)","Defined metric/standard plus measured result or documented review.","Pending independent review","Not started"
"REQ-025.01","REQ-025","Part 3","Limit Template System","L1201–L1203","LIMIT TEMPLATE SYSTEM / Instead of manually configuring restrictions every time, create reusable Limit Templates.","a7d3d66a46206a8b0f87ad8a3c997a7c6677226dbfffef3ebd382248c8206522","Administrators can reuse Limit Templates instead of reconfiguring restrictions for each account.","SHOULD","Functional","V1","CBR","Backend/Admin ERP","None stated by the Constitution","An acceptance test confirms this statement: “Administrators can reuse Limit Templates instead of reconfiguring restrictions for each account.”","Business/Product/Technical Blueprint (identifier pending ODR-001)","Passing functional test and relevant audit/event record where applicable.","Pending independent review","Not started"
"REQ-025.02","REQ-025","Part 3","Limit Template System","L1227","Each template should allow granular control over platform capabilities.","11aa77c36c7976303958e02db4f9aad0a0a59ae4014b65665ba40c525ca4d7dd","Limit Templates provide granular control over platform capabilities.","SHOULD","Functional","V1","CBR","Backend/Admin ERP","None stated by the Constitution","An acceptance test confirms this statement: “Limit Templates provide granular control over platform capabilities.”","Business/Product/Technical Blueprint (identifier pending ODR-001)","Passing functional test and relevant audit/event record where applicable.","Pending independent review","Not started"
"REQ-025.03","REQ-025","Part 3","Limit Template System","L1229; L1231","Examples of configurable permissions include: || Login","2976dea553bc8d4332735c92569e88aa7c05a0fdda9c886c500c9cc301330458","Limit Templates can control login.","SHOULD","Functional","V1","CBR","Backend/Admin ERP","None stated by the Constitution","An acceptance test confirms this statement: “Limit Templates can control login.”","Business/Product/Technical Blueprint (identifier pending ODR-001)","Passing functional test and relevant audit/event record where applicable.","Pending independent review","Not started"
"REQ-025.04","REQ-025","Part 3","Limit Template System","L1229; L1233","Examples of configurable permissions include: || Profile Editing","1e3dcdf64fb9606b05625048b39c15de1201f3214cd0a92139b5113e84ec1198","Limit Templates can control profile editing.","SHOULD","Functional","V1","CBR","Backend/Admin ERP","None stated by the Constitution","An acceptance test confirms this statement: “Limit Templates can control profile editing.”","Business/Product/Technical Blueprint (identifier pending ODR-001)","Passing functional test and relevant audit/event record where applicable.","Pending independent review","Not started"
"REQ-025.05","REQ-025","Part 3","Limit Template System","L1229; L1235","Examples of configurable permissions include: || Email Change","31bc95dde1f009975e02b63d3c7612fab8d51c4d5bf171891a4655f2d1859fc6","Limit Templates can control email changes.","SHOULD","Functional","V1","CBR","Backend/Admin ERP","None stated by the Constitution","An acceptance test confirms this statement: “Limit Templates can control email changes.”","Business/Product/Technical Blueprint (identifier pending ODR-001)","Passing functional test and relevant audit/event record where applicable.","Pending independent review","Not started"
"REQ-025.06","REQ-025","Part 3","Limit Template System","L1229; L1237","Examples of configurable permissions include: || Password Change","37016c7646df8f8db645883a6ca04f8949b2c5b9c2fcbbaa5acb5218c47562e9","Limit Templates can control password changes.","SHOULD","Functional","V1","CBR","Backend/Admin ERP","None stated by the Constitution","An acceptance test confirms this statement: “Limit Templates can control password changes.”","Business/Product/Technical Blueprint (identifier pending ODR-001)","Passing functional test and relevant audit/event record where applicable.","Pending independent review","Not started"
"REQ-025.07","REQ-025","Part 3","Limit Template System","L1229; L1239","Examples of configurable permissions include: || Survey Access","994b08a05dcda140e4af1d760202a28538d4e2eab624703802de5589b7f1340c","Limit Templates can control survey access.","SHOULD","Functional","V1","CBR","Backend/Admin ERP","None stated by the Constitution","An acceptance test confirms this statement: “Limit Templates can control survey access.”","Business/Product/Technical Blueprint (identifier pending ODR-001)","Passing functional test and relevant audit/event record where applicable.","Pending independent review","Not started"
"REQ-025.08","REQ-025","Part 3","Limit Template System","L1229; L1241","Examples of configurable permissions include: || Wallet Access","b4d814a3ce98b90dac7d819166cfcb2385de04af5e353f2fdc1ac56d60852370","Limit Templates can control wallet access.","SHOULD","Functional","V1","CBR","Backend/Admin ERP","None stated by the Constitution","An acceptance test confirms this statement: “Limit Templates can control wallet access.”","Business/Product/Technical Blueprint (identifier pending ODR-001)","Passing functional test and relevant audit/event record where applicable.","Pending independent review","Not started"
"REQ-025.09","REQ-025","Part 3","Limit Template System","L1229; L1243","Examples of configurable permissions include: || Withdrawal Access","7faca1a72c45267645744a65392eaff2f25d377c38fe4d6a2977cf29e94e385b","Limit Templates can control withdrawal access.","SHOULD","Functional","V1","CBR","Backend/Admin ERP","None stated by the Constitution","An acceptance test confirms this statement: “Limit Templates can control withdrawal access.”","Business/Product/Technical Blueprint (identifier pending ODR-001)","Passing functional test and relevant audit/event record where applicable.","Pending independent review","Not started"
"REQ-025.10","REQ-025","Part 3","Limit Template System","L1229; L1245","Examples of configurable permissions include: || Notifications","8b2b8c33a12957525e0bc19a59bfca1fb1850e56d513a969fd8bf2586341d53a","Limit Templates can control notifications.","SHOULD","Functional","V1","CBR","Backend/Admin ERP","None stated by the Constitution","An acceptance test confirms this statement: “Limit Templates can control notifications.”","Business/Product/Technical Blueprint (identifier pending ODR-001)","Passing functional test and relevant audit/event record where applicable.","Pending independent review","Not started"
"REQ-025.11","REQ-025","Part 3","Limit Template System","L1229; L1247","Examples of configurable permissions include: || Blog Access","9e08cf4eb3c39011619fef0d50466fb8d15414d81a75655b6f8781551d033924","Limit Templates can control blog access.","SHOULD","Functional","V1","CBR","Backend/Admin ERP","None stated by the Constitution","An acceptance test confirms this statement: “Limit Templates can control blog access.”","Business/Product/Technical Blueprint (identifier pending ODR-001)","Passing functional test and relevant audit/event record where applicable.","Pending independent review","Not started"
"REQ-025.12","REQ-025","Part 3","Limit Template System","L1229; L1249","Examples of configurable permissions include: || Referral Module (future)","a18ae2f75ac1bc73f97b3528b78dc8daf4b87ba071553eb8e867767e55c14fcf","Limit Templates can control the future referral module.","SHOULD","Functional","Future","FRR","Backend/Admin ERP","None stated by the Constitution","An acceptance test confirms this statement: “Limit Templates can control the future referral module.”","Business/Product/Technical Blueprint (identifier pending ODR-001)","Passing functional test and relevant audit/event record where applicable.","Pending independent review","Not started"
"REQ-025.13","REQ-025","Part 3","Limit Template System","L1229; L1251","Examples of configurable permissions include: || Promotional Features (future)","9297eab67b31d1ec8b22c17afe44ec241ed5236638c51c58cfad8fb0419bd67d","Limit Templates can control future promotional features.","SHOULD","Functional","Future","FRR","Backend/Admin ERP","None stated by the Constitution","An acceptance test confirms this statement: “Limit Templates can control future promotional features.”","Business/Product/Technical Blueprint (identifier pending ODR-001)","Passing functional test and relevant audit/event record where applicable.","Pending independent review","Not started"
"REQ-025.14","REQ-025","Part 3","Limit Template System","L1229; L1253","Examples of configurable permissions include: || Support Ticket Creation","9e5f7619d04f0ff5082e5b15ceac0f50a76fe8e5c2a0e87f67b9b90621afe685","Limit Templates can control support-ticket creation.","SHOULD","Functional","V1","CBR","Backend/Admin ERP","None stated by the Constitution","An acceptance test confirms this statement: “Limit Templates can control support-ticket creation.”","Business/Product/Technical Blueprint (identifier pending ODR-001)","Passing functional test and relevant audit/event record where applicable.","Pending independent review","Not started"
"REQ-025.15","REQ-025","Part 3","Limit Template System","L1255","Templates should be editable, cloneable, and assignable to users.","a9050e985b4474ec0b8b8f502682c6782f002512a8c3a9c818c5c1694812a0a7","Limit Templates are editable.","SHOULD","Functional","V1","CBR","Backend/Admin ERP","None stated by the Constitution","An acceptance test confirms this statement: “Limit Templates are editable.”","Business/Product/Technical Blueprint (identifier pending ODR-001)","Passing functional test and relevant audit/event record where applicable.","Pending independent review","Not started"
"REQ-025.16","REQ-025","Part 3","Limit Template System","L1255","Templates should be editable, cloneable, and assignable to users.","a9050e985b4474ec0b8b8f502682c6782f002512a8c3a9c818c5c1694812a0a7","Limit Templates are cloneable.","SHOULD","Functional","V1","CBR","Backend/Admin ERP","None stated by the Constitution","An acceptance test confirms this statement: “Limit Templates are cloneable.”","Business/Product/Technical Blueprint (identifier pending ODR-001)","Passing functional test and relevant audit/event record where applicable.","Pending independent review","Not started"
"REQ-025.17","REQ-025","Part 3","Limit Template System","L1255","Templates should be editable, cloneable, and assignable to users.","a9050e985b4474ec0b8b8f502682c6782f002512a8c3a9c818c5c1694812a0a7","Limit Templates are assignable to users.","SHOULD","Functional","V1","CBR","Backend/Admin ERP","None stated by the Constitution","An acceptance test confirms this statement: “Limit Templates are assignable to users.”","Business/Product/Technical Blueprint (identifier pending ODR-001)","Passing functional test and relevant audit/event record where applicable.","Pending independent review","Not started"
"REQ-026.01","REQ-026","Part 3","Administrator Role Management","L1259–L1261","ROLE MANAGEMENT / The system should support multiple administrator roles.","d01cbf2f291406eb85a86ba4f876ef39c7e532c9212d21b39a9987a074f55970","The system supports multiple administrator roles.","SHOULD","Security","V1","REC","Backend/Admin ERP","None stated by the Constitution","Security review and negative-path tests confirm this statement: “The system supports multiple administrator roles.”","Security, Fraud & Compliance deliverable (identifier pending ODR-001)","Threat-control mapping plus passing security/negative-path test evidence.","Pending independent review","Not started"
"REQ-026.02","REQ-026","Part 3","Administrator Role Management","L1263–L1279","Examples: / Super Admin / Operations Admin / Finance Admin / Support Admin / Content Admin / Marketing Admin / Developer / Read Only Auditor","9c698a13711a1838d2229b0304915e5ef7d75f76b6805fbd09d470fe77e1ad05","The administrator-role model can represent the example operational, finance, support, content, marketing, developer, and auditor role families without treating that list as closed.","MAY","Functional","V1","REC","Backend/Admin ERP","None stated by the Constitution","An acceptance test confirms this statement: “The administrator-role model can represent the example operational, finance, support, content, marketing, developer, and auditor role families without treating that list as closed.”","Business/Product/Technical Blueprint (identifier pending ODR-001)","Passing functional test and relevant audit/event record where applicable.","Pending independent review","Not started"
"REQ-026.03","REQ-026","Part 3","Administrator Role Management","L1281","Every role should use Role-Based Access Control (RBAC) with granular permissions.","86fc4a23e53a2dd2dfcffbb1bca2a69401748b3bffc5c151a9528206b3c8985b","Every administrator role uses role-based access control.","SHOULD","Security","V1","REC","Backend/Admin ERP","None stated by the Constitution","Security review and negative-path tests confirm this statement: “Every administrator role uses role-based access control.”","Security, Fraud & Compliance deliverable (identifier pending ODR-001)","Threat-control mapping plus passing security/negative-path test evidence.","Pending independent review","Not started"
"REQ-026.04","REQ-026","Part 3","Administrator Role Management","L1281","Every role should use Role-Based Access Control (RBAC) with granular permissions.","86fc4a23e53a2dd2dfcffbb1bca2a69401748b3bffc5c151a9528206b3c8985b","Administrator RBAC supports granular permissions.","SHOULD","Security","V1","REC","Backend/Admin ERP","None stated by the Constitution","Security review and negative-path tests confirm this statement: “Administrator RBAC supports granular permissions.”","Security, Fraud & Compliance deliverable (identifier pending ODR-001)","Threat-control mapping plus passing security/negative-path test evidence.","Pending independent review","Not started"
"REQ-027.01","REQ-027","Part 3","System Settings","L1285–L1287","SYSTEM SETTINGS / Avoid hardcoding business values.","0da28353555406b54875767c303a3d39459425bcd9cf58ff3d121dd90c58a02c","Business values are not hardcoded.","MUST","Business Rule","V1","CBR","Backend/Admin ERP","None stated by the Constitution","An acceptance test confirms this statement: “Business values are not hardcoded.”","Business/Product/Technical Blueprint (identifier pending ODR-001)","Passing business-rule test using controlled fixtures and expected outcomes.","Pending independent review","Not started"
"REQ-027.02","REQ-027","Part 3","System Settings","L1289; L1291","The following should be configurable from the admin panel whenever appropriate: || Points-to-USD conversion","59689b63c6a8a7fd7e1362a1da0a82433d22418e67f8e4984c1ff03d44ea3d12","Points-to-USD conversion is configurable from the admin panel.","SHOULD","Business Rule","V1","CBR","Backend/Admin ERP","None stated by the Constitution","An acceptance test confirms this statement: “Points-to-USD conversion is configurable from the admin panel.”","Business/Product/Technical Blueprint (identifier pending ODR-001)","Passing business-rule test using controlled fixtures and expected outcomes.","Pending independent review","Not started"
"REQ-027.03","REQ-027","Part 3","System Settings","L1289; L1293","The following should be configurable from the admin panel whenever appropriate: || Minimum withdrawal amount","0eacbe73500ea0149729ee98d4eb01f905bc44ab4000444f04d27ae9fbdfa386","Minimum withdrawal amount is configurable from the admin panel.","SHOULD","Business Rule","V1","CBR","Backend/Admin ERP","ODR-006","An acceptance test confirms this statement: “Minimum withdrawal amount is configurable from the admin panel.”","Business/Product/Technical Blueprint (identifier pending ODR-001)","Passing business-rule test using controlled fixtures and expected outcomes.","Pending independent review","Not started"
"REQ-027.04","REQ-027","Part 3","System Settings","L1289; L1295","The following should be configurable from the admin panel whenever appropriate: || Available withdrawal methods","4711aa3f4d792cc5c20f8e98e4762780d3d98392673a39c58fec86b6b31a72f5","Available withdrawal methods are configurable from the admin panel.","SHOULD","Business Rule","V1","CBR","Backend/Admin ERP","ODR-005; EFE-002","An acceptance test confirms this statement: “Available withdrawal methods are configurable from the admin panel.”","Business/Product/Technical Blueprint (identifier pending ODR-001)","Passing business-rule test using controlled fixtures and expected outcomes.","Pending independent review","Not started"
"REQ-027.05","REQ-027","Part 3","System Settings","L1289; L1297","The following should be configurable from the admin panel whenever appropriate: || Leaderboard settings","72db1fc129dfc3b87c44a3289fd5c919b568cdb27472d9185e2e8b5001d6f756","Leaderboard settings are configurable from the admin panel.","SHOULD","Business Rule","V1","CBR","Backend/Admin ERP","None stated by the Constitution","An acceptance test confirms this statement: “Leaderboard settings are configurable from the admin panel.”","Business/Product/Technical Blueprint (identifier pending ODR-001)","Passing business-rule test using controlled fixtures and expected outcomes.","Pending independent review","Not started"
"REQ-027.06","REQ-027","Part 3","System Settings","L1289; L1299","The following should be configurable from the admin panel whenever appropriate: || Registration controls","3e7c72d9776374add1236bcfc4b84f52ee89224bbefd82a01b8955915e813a11","Registration controls are configurable from the admin panel.","SHOULD","Business Rule","V1","CBR","Backend/Admin ERP","None stated by the Constitution","An acceptance test confirms this statement: “Registration controls are configurable from the admin panel.”","Business/Product/Technical Blueprint (identifier pending ODR-001)","Passing business-rule test using controlled fixtures and expected outcomes.","Pending independent review","Not started"
"REQ-027.07","REQ-027","Part 3","System Settings","L1289; L1301","The following should be configurable from the admin panel whenever appropriate: || Email templates","aadb1b8e29cc214c0de01d5abe61e06aef922bf9167b7852418602b9188c8c2b","Email templates are configurable from the admin panel.","SHOULD","Business Rule","V1","CBR","Backend/Admin ERP","None stated by the Constitution","An acceptance test confirms this statement: “Email templates are configurable from the admin panel.”","Business/Product/Technical Blueprint (identifier pending ODR-001)","Passing business-rule test using controlled fixtures and expected outcomes.","Pending independent review","Not started"
"REQ-027.08","REQ-027","Part 3","System Settings","L1289; L1303","The following should be configurable from the admin panel whenever appropriate: || Platform announcements","ffb7135b1bb1bcdf846651de4bd6c67d86d9aff43ba8a761ad73912c9c89cf86","Platform announcements are configurable from the admin panel.","SHOULD","Business Rule","V1","CBR","Backend/Admin ERP","None stated by the Constitution","An acceptance test confirms this statement: “Platform announcements are configurable from the admin panel.”","Business/Product/Technical Blueprint (identifier pending ODR-001)","Passing business-rule test using controlled fixtures and expected outcomes.","Pending independent review","Not started"
"REQ-027.09","REQ-027","Part 3","System Settings","L1289; L1305","The following should be configurable from the admin panel whenever appropriate: || Maintenance mode","320b85e2ef1d7c3af7a3d3b15999a92502b9872a645f8575576bfd93a85e49bc","Maintenance mode is configurable from the admin panel.","SHOULD","Business Rule","V1","CBR","Backend/Admin ERP","None stated by the Constitution","An acceptance test confirms this statement: “Maintenance mode is configurable from the admin panel.”","Business/Product/Technical Blueprint (identifier pending ODR-001)","Passing business-rule test using controlled fixtures and expected outcomes.","Pending independent review","Not started"
"REQ-027.10","REQ-027","Part 3","System Settings","L1289; L1307","The following should be configurable from the admin panel whenever appropriate: || Feature flags","4bebd65d8c77aea3de937d55f23113e48afe30f4bba4b1f9fafdd221f859e255","Feature flags are configurable from the admin panel.","SHOULD","Business Rule","V1","CBR","Backend/Admin ERP","None stated by the Constitution","An acceptance test confirms this statement: “Feature flags are configurable from the admin panel.”","Business/Product/Technical Blueprint (identifier pending ODR-001)","Passing business-rule test using controlled fixtures and expected outcomes.","Pending independent review","Not started"
"REQ-027.11","REQ-027","Part 3","System Settings","L1289; L1309","The following should be configurable from the admin panel whenever appropriate: || Currency display preferences","68519226125f040144a70bd17cedf3daccd00cd2643784eb3de6b6ee9e3a244c","Currency-display preferences are configurable from the admin panel.","SHOULD","Business Rule","V1","CBR","Backend/Admin ERP","None stated by the Constitution","An acceptance test confirms this statement: “Currency-display preferences are configurable from the admin panel.”","Business/Product/Technical Blueprint (identifier pending ODR-001)","Passing business-rule test using controlled fixtures and expected outcomes.","Pending independent review","Not started"
"REQ-027.12","REQ-027","Part 3","System Settings","L1289; L1311","The following should be configurable from the admin panel whenever appropriate: || Country availability","564582cd68fc9da0fd8e372155ae4c1ba5058761b9fc39364b30b5c2c235069e","Country availability is configurable from the admin panel.","SHOULD","Business Rule","V1","CBR","Backend/Admin ERP","ODR-003; EFE-003","An acceptance test confirms this statement: “Country availability is configurable from the admin panel.”","Business/Product/Technical Blueprint (identifier pending ODR-001)","Passing business-rule test using controlled fixtures and expected outcomes.","Pending independent review","Not started"
"REQ-027.13","REQ-027","Part 3","System Settings","L1289; L1313","The following should be configurable from the admin panel whenever appropriate: || Referral settings (future)","792967c30656c299f54d3dc9f49e079c9f35a486798ffc876ed812d9cfc83aad","Future referral settings are configurable from the admin panel.","SHOULD","Business Rule","Future","FRR","Backend/Admin ERP","None stated by the Constitution","An acceptance test confirms this statement: “Future referral settings are configurable from the admin panel.”","Business/Product/Technical Blueprint (identifier pending ODR-001)","Passing business-rule test using controlled fixtures and expected outcomes.","Pending independent review","Not started"
"REQ-027.14","REQ-027","Part 3","System Settings","L1289; L1315","The following should be configurable from the admin panel whenever appropriate: || Reward campaigns (future)","ffd66c3aea2cbc72e8983508ed7fcb9a10a0688c5a33efc19404e511303860ff","Future reward campaigns are configurable from the admin panel.","SHOULD","Business Rule","Future","FRR","Backend/Admin ERP","None stated by the Constitution","An acceptance test confirms this statement: “Future reward campaigns are configurable from the admin panel.”","Business/Product/Technical Blueprint (identifier pending ODR-001)","Passing business-rule test using controlled fixtures and expected outcomes.","Pending independent review","Not started"
"REQ-028.01","REQ-028","Part 3","Content Management System","L1321; L1323","The CMS should manage: || Homepage","7340999cc71ebb530b1475f6d438368f1d51e7a52592a6528dbbe1269d55f27d","The CMS manages homepage content.","SHOULD","Functional","V1","CBR","Backend/Admin ERP","None stated by the Constitution","An acceptance test confirms this statement: “The CMS manages homepage content.”","Business/Product/Technical Blueprint (identifier pending ODR-001)","Passing functional test and relevant audit/event record where applicable.","Pending independent review","Not started"
"REQ-028.02","REQ-028","Part 3","Content Management System","L1321; L1325","The CMS should manage: || About Page","f5486193408caab2c806fe5016157c3d6edd5ea6a3b64739a647bd5105cc0a99","The CMS manages the About page.","SHOULD","Functional","V1","CBR","Backend/Admin ERP","None stated by the Constitution","An acceptance test confirms this statement: “The CMS manages the About page.”","Business/Product/Technical Blueprint (identifier pending ODR-001)","Passing functional test and relevant audit/event record where applicable.","Pending independent review","Not started"
"REQ-028.03","REQ-028","Part 3","Content Management System","L1321; L1327","The CMS should manage: || Contact Page","568a59c0f4c4d8161f589c6559d0113e3fecb3e501afc984cea218565ec9af1d","The CMS manages the Contact page.","SHOULD","Functional","V1","CBR","Backend/Admin ERP","None stated by the Constitution","An acceptance test confirms this statement: “The CMS manages the Contact page.”","Business/Product/Technical Blueprint (identifier pending ODR-001)","Passing functional test and relevant audit/event record where applicable.","Pending independent review","Not started"
"REQ-028.04","REQ-028","Part 3","Content Management System","L1321; L1329","The CMS should manage: || FAQ","d0a855add10d4be5e6a3974c97e6fde54391a08f1e26abe19c176115c244565f","The CMS manages FAQs.","SHOULD","Functional","V1","CBR","Backend/Admin ERP","None stated by the Constitution","An acceptance test confirms this statement: “The CMS manages FAQs.”","Business/Product/Technical Blueprint (identifier pending ODR-001)","Passing functional test and relevant audit/event record where applicable.","Pending independent review","Not started"
"REQ-028.05","REQ-028","Part 3","Content Management System","L1321; L1331","The CMS should manage: || Privacy Policy","ca67acfc7a2a13afd852893542475c025aace28d3ddfdc43238314916d0cfd29","The CMS manages the Privacy Policy.","SHOULD","Functional","V1","CBR","Backend/Admin ERP","None stated by the Constitution","An acceptance test confirms this statement: “The CMS manages the Privacy Policy.”","Business/Product/Technical Blueprint (identifier pending ODR-001)","Passing functional test and relevant audit/event record where applicable.","Pending independent review","Not started"
"REQ-028.06","REQ-028","Part 3","Content Management System","L1321; L1333","The CMS should manage: || Terms of Service","4941304b1f3b1cf9e6323aa7fbb4554846fa3afec5bfe067595c8c8994d867f0","The CMS manages the Terms of Service.","SHOULD","Functional","V1","CBR","Backend/Admin ERP","None stated by the Constitution","An acceptance test confirms this statement: “The CMS manages the Terms of Service.”","Business/Product/Technical Blueprint (identifier pending ODR-001)","Passing functional test and relevant audit/event record where applicable.","Pending independent review","Not started"
"REQ-028.07","REQ-028","Part 3","Content Management System","L1321; L1335","The CMS should manage: || Cookie Policy","04fe752a0f77c6dafa5d68e6af97c9df3cb0db125f83a3ba6b29752758f0c005","The CMS manages the Cookie Policy.","SHOULD","Functional","V1","CBR","Backend/Admin ERP","None stated by the Constitution","An acceptance test confirms this statement: “The CMS manages the Cookie Policy.”","Business/Product/Technical Blueprint (identifier pending ODR-001)","Passing functional test and relevant audit/event record where applicable.","Pending independent review","Not started"
"REQ-028.08","REQ-028","Part 3","Content Management System","L1321; L1337","The CMS should manage: || Blog","73ad21db5575f1fc692ca70fe4074858cb8195fb15b7e258293b5fa968564eb3","The CMS manages the blog.","SHOULD","Functional","V1","CBR","Backend/Admin ERP","None stated by the Constitution","An acceptance test confirms this statement: “The CMS manages the blog.”","Business/Product/Technical Blueprint (identifier pending ODR-001)","Passing functional test and relevant audit/event record where applicable.","Pending independent review","Not started"
"REQ-028.09","REQ-028","Part 3","Content Management System","L1321; L1339","The CMS should manage: || Guides","bf50d191993eb4a1f522b7b42e04987f4e3eea1887cf2256d99232d47c87d227","The CMS manages guides.","SHOULD","Functional","V1","CBR","Backend/Admin ERP","None stated by the Constitution","An acceptance test confirms this statement: “The CMS manages guides.”","Business/Product/Technical Blueprint (identifier pending ODR-001)","Passing functional test and relevant audit/event record where applicable.","Pending independent review","Not started"
"REQ-028.10","REQ-028","Part 3","Content Management System","L1321; L1341","The CMS should manage: || Announcements","60aad581796c0498ef0db4390c4d3ed2c7a2aee84913693f7e49cf8a4f9d42df","The CMS manages announcements.","SHOULD","Functional","V1","CBR","Backend/Admin ERP","None stated by the Constitution","An acceptance test confirms this statement: “The CMS manages announcements.”","Business/Product/Technical Blueprint (identifier pending ODR-001)","Passing functional test and relevant audit/event record where applicable.","Pending independent review","Not started"
"REQ-028.11","REQ-028","Part 3","Content Management System","L1321; L1343","The CMS should manage: || Banner Messages","8085052908d6e03c08f57b1e7df7b71aaedb2605814316224fe62c1eca1e0056","The CMS manages banner messages.","SHOULD","Functional","V1","CBR","Backend/Admin ERP","None stated by the Constitution","An acceptance test confirms this statement: “The CMS manages banner messages.”","Business/Product/Technical Blueprint (identifier pending ODR-001)","Passing functional test and relevant audit/event record where applicable.","Pending independent review","Not started"
"REQ-028.12","REQ-028","Part 3","Content Management System","L1321; L1345","The CMS should manage: || Footer Links","796a002ebb14cd062e121f46834113087ce5746e2ce6bd40beb3b0afef2a0076","The CMS manages footer links.","SHOULD","Functional","V1","CBR","Backend/Admin ERP","None stated by the Constitution","An acceptance test confirms this statement: “The CMS manages footer links.”","Business/Product/Technical Blueprint (identifier pending ODR-001)","Passing functional test and relevant audit/event record where applicable.","Pending independent review","Not started"
"REQ-028.13","REQ-028","Part 3","Content Management System","L1347","Support versioning and draft publishing where practical.","cc15da06d5792e375765b4ad9516d7d67f04d8fd2c52ec42333be7a324058126","The CMS supports content versioning where practical.","SHOULD","Functional","V1","CBR","Backend/Admin ERP","None stated by the Constitution","An acceptance test confirms this statement: “The CMS supports content versioning where practical.”","Business/Product/Technical Blueprint (identifier pending ODR-001)","Passing functional test and relevant audit/event record where applicable.","Pending independent review","Not started"
"REQ-028.14","REQ-028","Part 3","Content Management System","L1347","Support versioning and draft publishing where practical.","cc15da06d5792e375765b4ad9516d7d67f04d8fd2c52ec42333be7a324058126","The CMS supports draft publishing where practical.","SHOULD","Functional","V1","CBR","Backend/Admin ERP","None stated by the Constitution","An acceptance test confirms this statement: “The CMS supports draft publishing where practical.”","Business/Product/Technical Blueprint (identifier pending ODR-001)","Passing functional test and relevant audit/event record where applicable.","Pending independent review","Not started"
"REQ-029.01","REQ-029","Part 3","Provider Integration Framework","L1351–L1353","PROVIDER INTEGRATION FRAMEWORK / The platform must use a modular provider architecture.","363a225766432830e98ac212b54a85f4eebe12030976f8dfa535730b4066c6b0","The platform uses a modular provider architecture.","MUST","API","V1","CD","Backend","None stated by the Constitution","Contract and integration tests confirm this statement: “The platform uses a modular provider architecture.”","API Architecture & Integration deliverable (identifier pending ODR-001)","Versioned API contract plus passing contract/integration tests.","Pending independent review","Not started"
"REQ-029.02","REQ-029","Part 3","Provider Integration Framework","L1355","Every provider should behave like a plugin.","d483545f3c743501614a8a42616953bb6913aa2068fb632ec932924e9bc7cc3f","Each provider behaves like a plugin.","SHOULD","API","V1","REC","Backend","None stated by the Constitution","Contract and integration tests confirm this statement: “Each provider behaves like a plugin.”","API Architecture & Integration deliverable (identifier pending ODR-001)","Versioned API contract plus passing contract/integration tests.","Pending independent review","Not started"
"REQ-029.03","REQ-029","Part 3","Provider Integration Framework","L1357","Adding or removing a provider should require minimal changes.","bd21662959835885df5104f4590e14d8efc7df75370eb5ddc56a45369a7bf78c","Adding or removing a provider requires minimal changes.","SHOULD","Non-functional","V1","REC","Backend","None stated by the Constitution","A defined measurement or design review confirms this statement: “Adding or removing a provider requires minimal changes.”","Business/Product/Technical Blueprint (identifier pending ODR-001)","Defined metric/standard plus measured result or documented review.","Pending independent review","Not started"
"REQ-029.04","REQ-029","Part 3","Provider Integration Framework","L1359","The system should abstract provider-specific logic behind a common interface where feasible.","e36a9e94ad69caac2c9f0dd1ea710b7ed468c31b76933d99cd9b0a97867d763e","Provider-specific logic is abstracted behind a common interface where feasible.","SHOULD","API","V1","REC","Backend","None stated by the Constitution","Contract and integration tests confirm this statement: “Provider-specific logic is abstracted behind a common interface where feasible.”","API Architecture & Integration deliverable (identifier pending ODR-001)","Versioned API contract plus passing contract/integration tests.","Pending independent review","Not started"
"REQ-029.05","REQ-029","Part 3","Provider Integration Framework","L1361","The platform should support independent provider configuration, health monitoring, logging, and error reporting.","62756895e2d2fea97d0df2f7a85d738dfe8e2c8a8b337fefa1b1a10ddfad9b62","Each provider can be configured independently.","SHOULD","API","V1","REC","Backend","None stated by the Constitution","Contract and integration tests confirm this statement: “Each provider can be configured independently.”","API Architecture & Integration deliverable (identifier pending ODR-001)","Versioned API contract plus passing contract/integration tests.","Pending independent review","Not started"
"REQ-029.06","REQ-029","Part 3","Provider Integration Framework","L1361","The platform should support independent provider configuration, health monitoring, logging, and error reporting.","62756895e2d2fea97d0df2f7a85d738dfe8e2c8a8b337fefa1b1a10ddfad9b62","Each provider can be health-monitored independently.","SHOULD","Operational","V1","REC","Backend","None stated by the Constitution","Operational execution or recovery evidence confirms this statement: “Each provider can be health-monitored independently.”","Infrastructure, DevOps & Operations deliverable (identifier pending ODR-001)","Runbook/configuration plus execution, monitoring, or recovery evidence.","Pending independent review","Not started"
"REQ-029.07","REQ-029","Part 3","Provider Integration Framework","L1361","The platform should support independent provider configuration, health monitoring, logging, and error reporting.","62756895e2d2fea97d0df2f7a85d738dfe8e2c8a8b337fefa1b1a10ddfad9b62","Each provider has independent logging.","SHOULD","Operational","V1","REC","Backend","None stated by the Constitution","Operational execution or recovery evidence confirms this statement: “Each provider has independent logging.”","Infrastructure, DevOps & Operations deliverable (identifier pending ODR-001)","Runbook/configuration plus execution, monitoring, or recovery evidence.","Pending independent review","Not started"
"REQ-029.08","REQ-029","Part 3","Provider Integration Framework","L1361","The platform should support independent provider configuration, health monitoring, logging, and error reporting.","62756895e2d2fea97d0df2f7a85d738dfe8e2c8a8b337fefa1b1a10ddfad9b62","Each provider has independent error reporting.","SHOULD","Operational","V1","REC","Backend","None stated by the Constitution","Operational execution or recovery evidence confirms this statement: “Each provider has independent error reporting.”","Infrastructure, DevOps & Operations deliverable (identifier pending ODR-001)","Runbook/configuration plus execution, monitoring, or recovery evidence.","Pending independent review","Not started"
"REQ-029.09","REQ-029","Part 3","Provider Integration Framework","L1363","Provider integrations must comply with each provider's published requirements and agreements.","273795a4e4fd4308a935cbc588dba105d7b09025d6228624e8b927eca3d43085","Provider integrations comply with each provider’s published requirements and agreements.","MUST","Compliance","V1","CD","Backend","EFE-001","An acceptance test confirms this statement: “Provider integrations comply with each provider’s published requirements and agreements.”","Security, Fraud & Compliance deliverable (identifier pending ODR-001)","Control mapping, authoritative evidence, and review record.","Pending independent review","Not started"
"REQ-030.01","REQ-030","Part 3","API Management","L1369; L1371","The admin should be able to: || View API status","48c6e35c11f2f20b8e7493892a8b6c0c67a767b3b13b55b85420528a17963c3f","Administrators can view API status.","SHOULD","Operational","V1","REC","Backend/Admin ERP","None stated by the Constitution","Operational execution or recovery evidence confirms this statement: “Administrators can view API status.”","Infrastructure, DevOps & Operations deliverable (identifier pending ODR-001)","Runbook/configuration plus execution, monitoring, or recovery evidence.","Pending independent review","Not started"
"REQ-030.02","REQ-030","Part 3","API Management","L1369; L1373","The admin should be able to: || Enable or disable integrations","45a38bbe6cd2f5276190e1a3aae158122b332cc8f33520fa989a704d49da3b38","Administrators can enable or disable integrations.","SHOULD","Operational","V1","REC","Backend/Admin ERP","None stated by the Constitution","Operational execution or recovery evidence confirms this statement: “Administrators can enable or disable integrations.”","Infrastructure, DevOps & Operations deliverable (identifier pending ODR-001)","Runbook/configuration plus execution, monitoring, or recovery evidence.","Pending independent review","Not started"
"REQ-030.03","REQ-030","Part 3","API Management","L1369; L1375","The admin should be able to: || View synchronization logs","6ca1f5f4dd8d2417b565e818e853eee55561584c8cc2db88ab7f8f3a10396b5c","Administrators can view synchronization logs.","SHOULD","Operational","V1","REC","Backend/Admin ERP","None stated by the Constitution","Operational execution or recovery evidence confirms this statement: “Administrators can view synchronization logs.”","Infrastructure, DevOps & Operations deliverable (identifier pending ODR-001)","Runbook/configuration plus execution, monitoring, or recovery evidence.","Pending independent review","Not started"
"REQ-030.04","REQ-030","Part 3","API Management","L1369; L1377","The admin should be able to: || Monitor failures","c18ddf7be9dcfb58e6d9e4503ff1a24dfe6da4752353275cba469e9c99ba7cdd","Administrators can monitor integration failures.","SHOULD","Operational","V1","REC","Backend/Admin ERP","None stated by the Constitution","Operational execution or recovery evidence confirms this statement: “Administrators can monitor integration failures.”","Infrastructure, DevOps & Operations deliverable (identifier pending ODR-001)","Runbook/configuration plus execution, monitoring, or recovery evidence.","Pending independent review","Not started"
"REQ-030.05","REQ-030","Part 3","API Management","L1369; L1379","The admin should be able to: || Retry synchronization jobs","149813c4129b70eee600ad864f77580305a2acd705bb8cf216329185f99254f0","Administrators can retry synchronization jobs.","SHOULD","Operational","V1","REC","Backend/Admin ERP","None stated by the Constitution","Operational execution or recovery evidence confirms this statement: “Administrators can retry synchronization jobs.”","Infrastructure, DevOps & Operations deliverable (identifier pending ODR-001)","Runbook/configuration plus execution, monitoring, or recovery evidence.","Pending independent review","Not started"
"REQ-030.06","REQ-030","Part 3","API Management","L1369; L1381","The admin should be able to: || View response times","ef08f7249acb672671066ef66bd052425a66bf917390fced7025c0aabdc17ef3","Administrators can view API response times.","SHOULD","Operational","V1","REC","Backend/Admin ERP","None stated by the Constitution","Operational execution or recovery evidence confirms this statement: “Administrators can view API response times.”","Infrastructure, DevOps & Operations deliverable (identifier pending ODR-001)","Runbook/configuration plus execution, monitoring, or recovery evidence.","Pending independent review","Not started"
"REQ-030.07","REQ-030","Part 3","API Management","L1369; L1383","The admin should be able to: || Receive alerts on repeated failures","f8e67ea0ff1a4384a8a15da21a92fef05881f8b17f56cfd1bce795f5b6668257","Administrators receive alerts for repeated integration failures.","SHOULD","Operational","V1","REC","Backend/Admin ERP","None stated by the Constitution","Operational execution or recovery evidence confirms this statement: “Administrators receive alerts for repeated integration failures.”","Infrastructure, DevOps & Operations deliverable (identifier pending ODR-001)","Runbook/configuration plus execution, monitoring, or recovery evidence.","Pending independent review","Not started"
"REQ-031.01","REQ-031","Part 3","Transactional Email System","L1389; L1391","Support transactional emails for: || Email verification","9d0742039a46ee3fe4386913e9c7da0744dae6b687cb8776fbc9a9fb0c3e4427","Transactional email supports email verification.","MUST","Functional","V1","CBR","Backend","None stated by the Constitution","An acceptance test confirms this statement: “Transactional email supports email verification.”","Business/Product/Technical Blueprint (identifier pending ODR-001)","Passing functional test and relevant audit/event record where applicable.","Pending independent review","Not started"
"REQ-031.02","REQ-031","Part 3","Transactional Email System","L1389; L1393","Support transactional emails for: || Password reset","99dda5962649d4f21366db2b191fedd6d9f15f21039e9f7a8d9024e42f33f68e","Transactional email supports password reset.","MUST","Functional","V1","CBR","Backend","None stated by the Constitution","An acceptance test confirms this statement: “Transactional email supports password reset.”","Business/Product/Technical Blueprint (identifier pending ODR-001)","Passing functional test and relevant audit/event record where applicable.","Pending independent review","Not started"
"REQ-031.03","REQ-031","Part 3","Transactional Email System","L1389; L1395","Support transactional emails for: || Security notifications","0060040d683501d7c4f598e3dabdc7adf248bef931d82ceaeb1be53aa4e16cff","Transactional email supports security notifications.","MUST","Functional","V1","CBR","Backend","None stated by the Constitution","An acceptance test confirms this statement: “Transactional email supports security notifications.”","Business/Product/Technical Blueprint (identifier pending ODR-001)","Passing functional test and relevant audit/event record where applicable.","Pending independent review","Not started"
"REQ-031.04","REQ-031","Part 3","Transactional Email System","L1389; L1397","Support transactional emails for: || Withdrawal updates","2cd8a0bbff046658bac5e1431d83873c7e05884f9b2d82fcf7155ecf13f1f324","Transactional email supports withdrawal updates.","MUST","Functional","V1","CBR","Backend","None stated by the Constitution","An acceptance test confirms this statement: “Transactional email supports withdrawal updates.”","Business/Product/Technical Blueprint (identifier pending ODR-001)","Passing functional test and relevant audit/event record where applicable.","Pending independent review","Not started"
"REQ-031.05","REQ-031","Part 3","Transactional Email System","L1389; L1399","Support transactional emails for: || Platform announcements","fc69a2904ca7bcffaac1339d3043776c6f7ed61560335503adc709822789f21a","Transactional email supports platform announcements.","MUST","Functional","V1","CBR","Backend","None stated by the Constitution","An acceptance test confirms this statement: “Transactional email supports platform announcements.”","Business/Product/Technical Blueprint (identifier pending ODR-001)","Passing functional test and relevant audit/event record where applicable.","Pending independent review","Not started"
"REQ-031.06","REQ-031","Part 3","Transactional Email System","L1389; L1401","Support transactional emails for: || Support ticket updates","0f9f75cfc496a5f2fa28576fd1821c6e39c825718240bea88bd9297e29b9c0fe","Transactional email supports support-ticket updates.","MUST","Functional","V1","CBR","Backend","None stated by the Constitution","An acceptance test confirms this statement: “Transactional email supports support-ticket updates.”","Business/Product/Technical Blueprint (identifier pending ODR-001)","Passing functional test and relevant audit/event record where applicable.","Pending independent review","Not started"
"REQ-031.07","REQ-031","Part 3","Transactional Email System","L1403","The AI should evaluate and recommend the most suitable email delivery solution based on reliability, scalability, cost, and free-tier availability.","42c7025c6dc2ff3111a073340e769c7fe3cb2686fdcddee18e55e9650eb28aff","A pre-implementation evaluation recommends an email-delivery solution based on reliability, scalability, cost, and free-tier availability.","SHOULD","Documentation","Pre-implementation deliverable","REC","Backend","EFE-005","The named artifact exists, addresses this statement, and is traceable to the cited lines: “A pre-implementation evaluation recommends an email-delivery solution based on reliability, scalability, cost, and free-tier availability.”","Phase 0 documentation/roadmap deliverable (identifier pending ODR-001)","Versioned artifact plus reviewer sign-off and citation trace.","Pending independent review","Not started"
"REQ-032.01","REQ-032","Part 3","Audit Logging","L1407–L1409","AUDIT LOGGING / Every important administrative action should be logged.","f092de11b9bf0ddfd09a976d30ed7ee5cdfc3b4533a6aa09ed193798a8e46687","Important administrative actions are logged.","SHOULD","Governance","V1","REC","Backend/Admin ERP","None stated by the Constitution","Workflow and audit evidence confirm this statement: “Important administrative actions are logged.”","Phase 0 documentation/roadmap deliverable (identifier pending ODR-001)","Approval/audit record showing the required gate or workflow was followed.","Pending independent review","Not started"
"REQ-032.02","REQ-032","Part 3","Audit Logging","L1411–L1425","Examples: / User modifications / Permission changes / Withdrawal approvals / Settings changes / Content updates / Login attempts / Failed authentication events","2a3f7e955516d5bb9748b1a2f26399a709f17580a34046d138a8abf08dc89a82","The audit scope covers user modifications, permission changes, withdrawal approvals, settings changes, content updates, login attempts, and failed authentication events.","SHOULD","Governance","V1","REC","Backend/Admin ERP","None stated by the Constitution","Workflow and audit evidence confirm this statement: “The audit scope covers user modifications, permission changes, withdrawal approvals, settings changes, content updates, login attempts, and failed authentication events.”","Phase 0 documentation/roadmap deliverable (identifier pending ODR-001)","Approval/audit record showing the required gate or workflow was followed.","Pending independent review","Not started"
"REQ-032.03","REQ-032","Part 3","Audit Logging","L1427; L1429","Audit logs should include: || Timestamp","729a6825507c60fb79c8081ade61e330c1b5ea0a27b53333e723a7fe0204963b","Audit logs record a timestamp.","SHOULD","Data","V1","REC","Backend/Admin ERP","None stated by the Constitution","Schema, constraint, and data-level tests confirm this statement: “Audit logs record a timestamp.”","Database Architecture & Data Model deliverable (identifier pending ODR-001)","Schema/migration evidence plus automated integrity tests.","Pending independent review","Not started"
"REQ-032.04","REQ-032","Part 3","Audit Logging","L1427; L1431","Audit logs should include: || Administrator","1bcaa28051f91905fe4f0fd85f5df0f22aef34d1a9a8fe1e6bf337ad39a013a6","Audit logs record the responsible administrator.","SHOULD","Data","V1","REC","Backend/Admin ERP","None stated by the Constitution","Schema, constraint, and data-level tests confirm this statement: “Audit logs record the responsible administrator.”","Database Architecture & Data Model deliverable (identifier pending ODR-001)","Schema/migration evidence plus automated integrity tests.","Pending independent review","Not started"
"REQ-032.05","REQ-032","Part 3","Audit Logging","L1427; L1433","Audit logs should include: || Action","a6f2fee2623d087abc687d05de136cf01ca3ede4cfc8a66bf9bc4c6236f2ebda","Audit logs record the action.","SHOULD","Data","V1","REC","Backend/Admin ERP","None stated by the Constitution","Schema, constraint, and data-level tests confirm this statement: “Audit logs record the action.”","Database Architecture & Data Model deliverable (identifier pending ODR-001)","Schema/migration evidence plus automated integrity tests.","Pending independent review","Not started"
"REQ-032.06","REQ-032","Part 3","Audit Logging","L1427; L1435","Audit logs should include: || Target","b8aa2eb71a0efc791dd9039a56c13c4957706924ed61fba3c793b196fbde16ea","Audit logs record the target.","SHOULD","Data","V1","REC","Backend/Admin ERP","None stated by the Constitution","Schema, constraint, and data-level tests confirm this statement: “Audit logs record the target.”","Database Architecture & Data Model deliverable (identifier pending ODR-001)","Schema/migration evidence plus automated integrity tests.","Pending independent review","Not started"
"REQ-032.07","REQ-032","Part 3","Audit Logging","L1427; L1437","Audit logs should include: || Reason (where applicable)","580c175ccf62825714f38b262a1fa7382804930b38d5dcf892e88cfe7aec219d","Audit logs record the reason where applicable.","SHOULD","Data","V1","REC","Backend/Admin ERP","None stated by the Constitution","Schema, constraint, and data-level tests confirm this statement: “Audit logs record the reason where applicable.”","Database Architecture & Data Model deliverable (identifier pending ODR-001)","Schema/migration evidence plus automated integrity tests.","Pending independent review","Not started"
"REQ-032.08","REQ-032","Part 3","Audit Logging","L1427; L1439","Audit logs should include: || IP information if appropriate","85116fb629b7a0bbbf5b26feafc28c8e4da3b9e3356f919efccbaeadb1f3842c","Audit logs record IP information when appropriate.","SHOULD","Data","V1","REC","Backend/Admin ERP","None stated by the Constitution","Schema, constraint, and data-level tests confirm this statement: “Audit logs record IP information when appropriate.”","Database Architecture & Data Model deliverable (identifier pending ODR-001)","Schema/migration evidence plus automated integrity tests.","Pending independent review","Not started"
"REQ-032.09","REQ-032","Part 3","Audit Logging","L1427; L1441","Audit logs should include: || Outcome","99e92a5c2bf15422c414bf96b96595001a0d47756a8bdf332d1d76ebf302bc7d","Audit logs record the outcome.","SHOULD","Data","V1","REC","Backend/Admin ERP","None stated by the Constitution","Schema, constraint, and data-level tests confirm this statement: “Audit logs record the outcome.”","Database Architecture & Data Model deliverable (identifier pending ODR-001)","Schema/migration evidence plus automated integrity tests.","Pending independent review","Not started"
"REQ-032.10","REQ-032","Part 3","Audit Logging","L1443","Audit records should be searchable.","108642ef9ca3c612c5b6c9da4fc4ebd372b47b8248fefadff738b62a8d637166","Audit records are searchable.","SHOULD","Functional","V1","CBR","Backend/Admin ERP","None stated by the Constitution","An acceptance test confirms this statement: “Audit records are searchable.”","Business/Product/Technical Blueprint (identifier pending ODR-001)","Passing functional test and relevant audit/event record where applicable.","Pending independent review","Not started"
"REQ-033.01","REQ-033","Part 3","Security Architecture","L1447–L1451","SECURITY / Security is a core requirement. / The AI must propose a comprehensive security architecture that includes:","a3766e6c1d5b550b1679f13400e989a6e92e424d41c73eab3f56fdc5346a5b8f","A comprehensive security architecture is proposed before implementation.","MUST","Documentation","Pre-implementation deliverable","CD","Security/Backend","None stated by the Constitution","The named artifact exists, addresses this statement, and is traceable to the cited lines: “A comprehensive security architecture is proposed before implementation.”","Phase 0 documentation/roadmap deliverable (identifier pending ODR-001)","Versioned artifact plus reviewer sign-off and citation trace.","Pending independent review","Not started"
"REQ-033.02","REQ-033","Part 3","Security Architecture","L1451; L1453","The AI must propose a comprehensive security architecture that includes: || Secure authentication","e3a3513ebc77fac61e25ea9f69e810fa436e5d57f85d8b974d8cf948c49de55d","The security architecture covers secure authentication.","MUST","Security","Pre-implementation deliverable","CD","Security/Backend","None stated by the Constitution","Security review and negative-path tests confirm this statement: “The security architecture covers secure authentication.”","Security, Fraud & Compliance deliverable (identifier pending ODR-001)","Threat-control mapping plus passing security/negative-path test evidence.","Pending independent review","Not started"
"REQ-033.03","REQ-033","Part 3","Security Architecture","L1451; L1455","The AI must propose a comprehensive security architecture that includes: || Session management","c276bc4bdb1fb21dcef4152485448700a15f23ab716b01420e63ece377210428","The security architecture covers session management.","MUST","Security","Pre-implementation deliverable","CD","Security/Backend","None stated by the Constitution","Security review and negative-path tests confirm this statement: “The security architecture covers session management.”","Security, Fraud & Compliance deliverable (identifier pending ODR-001)","Threat-control mapping plus passing security/negative-path test evidence.","Pending independent review","Not started"
"REQ-033.04","REQ-033","Part 3","Security Architecture","L1451; L1457","The AI must propose a comprehensive security architecture that includes: || CSRF protection","f9ccd8a6ffefc9fbd3d2b80fb22653eb0707c598c3370c69f4e77ce549fe7ed8","The security architecture covers CSRF protection.","MUST","Security","Pre-implementation deliverable","CD","Security/Backend","None stated by the Constitution","Security review and negative-path tests confirm this statement: “The security architecture covers CSRF protection.”","Security, Fraud & Compliance deliverable (identifier pending ODR-001)","Threat-control mapping plus passing security/negative-path test evidence.","Pending independent review","Not started"
"REQ-033.05","REQ-033","Part 3","Security Architecture","L1451; L1459","The AI must propose a comprehensive security architecture that includes: || XSS protection","ec99aeaeb15b8f523b38278826d7d5e01216b5bcc1ceaae22d01dd6ff3b86294","The security architecture covers XSS protection.","MUST","Security","Pre-implementation deliverable","CD","Security/Backend","None stated by the Constitution","Security review and negative-path tests confirm this statement: “The security architecture covers XSS protection.”","Security, Fraud & Compliance deliverable (identifier pending ODR-001)","Threat-control mapping plus passing security/negative-path test evidence.","Pending independent review","Not started"
"REQ-033.06","REQ-033","Part 3","Security Architecture","L1451; L1461","The AI must propose a comprehensive security architecture that includes: || SQL injection prevention","5cb5579388a74e8e9400fd6880eb88d7cf096169825c7033bcf5f05d65e6c249","The security architecture covers SQL-injection prevention.","MUST","Security","Pre-implementation deliverable","CD","Security/Backend","None stated by the Constitution","Security review and negative-path tests confirm this statement: “The security architecture covers SQL-injection prevention.”","Security, Fraud & Compliance deliverable (identifier pending ODR-001)","Threat-control mapping plus passing security/negative-path test evidence.","Pending independent review","Not started"
"REQ-033.07","REQ-033","Part 3","Security Architecture","L1451; L1463","The AI must propose a comprehensive security architecture that includes: || Secure password hashing","53c42e39e06a3536fa350605ebcf57d7910b2c3e81d2d3e9d1b2ac24ff5949d4","The security architecture covers secure password hashing.","MUST","Security","Pre-implementation deliverable","CD","Security/Backend","None stated by the Constitution","Security review and negative-path tests confirm this statement: “The security architecture covers secure password hashing.”","Security, Fraud & Compliance deliverable (identifier pending ODR-001)","Threat-control mapping plus passing security/negative-path test evidence.","Pending independent review","Not started"
"REQ-033.08","REQ-033","Part 3","Security Architecture","L1451; L1465","The AI must propose a comprehensive security architecture that includes: || Rate limiting","38962977fe57a6576780a99d176fc3fc8e132695d6208420c098678aa24341b5","The security architecture covers rate limiting.","MUST","Security","Pre-implementation deliverable","CD","Security/Backend","None stated by the Constitution","Security review and negative-path tests confirm this statement: “The security architecture covers rate limiting.”","Security, Fraud & Compliance deliverable (identifier pending ODR-001)","Threat-control mapping plus passing security/negative-path test evidence.","Pending independent review","Not started"
"REQ-033.09","REQ-033","Part 3","Security Architecture","L1451; L1467","The AI must propose a comprehensive security architecture that includes: || Brute-force protection","9e2047c18e0710400ed12c62870cc0d0d76d78b7d6462bff37b93821f3b8aedf","The security architecture covers brute-force protection.","MUST","Security","Pre-implementation deliverable","CD","Security/Backend","None stated by the Constitution","Security review and negative-path tests confirm this statement: “The security architecture covers brute-force protection.”","Security, Fraud & Compliance deliverable (identifier pending ODR-001)","Threat-control mapping plus passing security/negative-path test evidence.","Pending independent review","Not started"
"REQ-033.10","REQ-033","Part 3","Security Architecture","L1451; L1469","The AI must propose a comprehensive security architecture that includes: || Input validation","e5f61b6b3d7ab51a4ab6904515c3aa8517b28d0f90908b45ebabf1c4592d029b","The security architecture covers input validation.","MUST","Security","Pre-implementation deliverable","CD","Security/Backend","None stated by the Constitution","Security review and negative-path tests confirm this statement: “The security architecture covers input validation.”","Security, Fraud & Compliance deliverable (identifier pending ODR-001)","Threat-control mapping plus passing security/negative-path test evidence.","Pending independent review","Not started"
"REQ-033.11","REQ-033","Part 3","Security Architecture","L1451; L1471","The AI must propose a comprehensive security architecture that includes: || Output encoding","e364a36963ccf701310524041e166819045230ba1010f2c8db96a477c9137897","The security architecture covers output encoding.","MUST","Security","Pre-implementation deliverable","CD","Security/Backend","None stated by the Constitution","Security review and negative-path tests confirm this statement: “The security architecture covers output encoding.”","Security, Fraud & Compliance deliverable (identifier pending ODR-001)","Threat-control mapping plus passing security/negative-path test evidence.","Pending independent review","Not started"
"REQ-033.12","REQ-033","Part 3","Security Architecture","L1451; L1473","The AI must propose a comprehensive security architecture that includes: || Secure file handling","ae4332a2d767f9bc0b437b2c416832ea93ad2972a1fb1314079fed2f32b70756","The security architecture covers secure file handling.","MUST","Security","Pre-implementation deliverable","CD","Security/Backend","None stated by the Constitution","Security review and negative-path tests confirm this statement: “The security architecture covers secure file handling.”","Security, Fraud & Compliance deliverable (identifier pending ODR-001)","Threat-control mapping plus passing security/negative-path test evidence.","Pending independent review","Not started"
"REQ-033.13","REQ-033","Part 3","Security Architecture","L1451; L1475","The AI must propose a comprehensive security architecture that includes: || Secure API design","7a7ae0fce1f77360cc4ab0ae255b950cfe73d5cae638f203993da502eb73181d","The security architecture covers secure API design.","MUST","Security","Pre-implementation deliverable","CD","Security/Backend","None stated by the Constitution","Security review and negative-path tests confirm this statement: “The security architecture covers secure API design.”","Security, Fraud & Compliance deliverable (identifier pending ODR-001)","Threat-control mapping plus passing security/negative-path test evidence.","Pending independent review","Not started"
"REQ-033.14","REQ-033","Part 3","Security Architecture","L1451; L1477","The AI must propose a comprehensive security architecture that includes: || Security headers","65967becad3fdee21f3041ea3b4980d6e2ba5a039404ac05cf6349f932bc1bf0","The security architecture covers security headers.","MUST","Security","Pre-implementation deliverable","CD","Security/Backend","None stated by the Constitution","Security review and negative-path tests confirm this statement: “The security architecture covers security headers.”","Security, Fraud & Compliance deliverable (identifier pending ODR-001)","Threat-control mapping plus passing security/negative-path test evidence.","Pending independent review","Not started"
"REQ-033.15","REQ-033","Part 3","Security Architecture","L1451; L1479","The AI must propose a comprehensive security architecture that includes: || Logging and monitoring","bad6eea78f5daf5c9b743bc2205174f33f98708dd8e37260c003d41d73bac117","The security architecture covers logging and monitoring.","MUST","Security","Pre-implementation deliverable","CD","Security/Backend","None stated by the Constitution","Security review and negative-path tests confirm this statement: “The security architecture covers logging and monitoring.”","Security, Fraud & Compliance deliverable (identifier pending ODR-001)","Threat-control mapping plus passing security/negative-path test evidence.","Pending independent review","Not started"
"REQ-033.16","REQ-033","Part 3","Security Architecture","L1451; L1481","The AI must propose a comprehensive security architecture that includes: || Backup strategy","838872fd914582cdd6e703a5a622d9227f90ac1e12d7439fefcb30649e54c869","The security architecture covers backup strategy.","MUST","Security","Pre-implementation deliverable","CD","Security/Backend","None stated by the Constitution","Security review and negative-path tests confirm this statement: “The security architecture covers backup strategy.”","Security, Fraud & Compliance deliverable (identifier pending ODR-001)","Threat-control mapping plus passing security/negative-path test evidence.","Pending independent review","Not started"
"REQ-033.17","REQ-033","Part 3","Security Architecture","L1451; L1483","The AI must propose a comprehensive security architecture that includes: || Disaster recovery planning","84016324aa6f6a088c1863da24294ac1882221256caba8acb17362e0c48834bf","The security architecture covers disaster-recovery planning.","MUST","Security","Pre-implementation deliverable","CD","Security/Backend","None stated by the Constitution","Security review and negative-path tests confirm this statement: “The security architecture covers disaster-recovery planning.”","Security, Fraud & Compliance deliverable (identifier pending ODR-001)","Threat-control mapping plus passing security/negative-path test evidence.","Pending independent review","Not started"
"REQ-033.18","REQ-033","Part 3","Security Architecture","L1485","The AI should justify major security decisions.","84eb51e00bbee0e2f78c6d3cb0db601a43f48ef31c417195826cfaeae0ae2b7c","Major security decisions are justified.","SHOULD","Documentation","Pre-implementation deliverable","REC","Security/Backend","None stated by the Constitution","The named artifact exists, addresses this statement, and is traceable to the cited lines: “Major security decisions are justified.”","Phase 0 documentation/roadmap deliverable (identifier pending ODR-001)","Versioned artifact plus reviewer sign-off and citation trace.","Pending independent review","Not started"
"REQ-034.01","REQ-034","Part 3","Database Architecture Direction","L1489–L1491","DATABASE ARCHITECTURE / The AI should design a normalized, scalable relational database.","24e30067d5852c23b6412647c4444f656454d9197564cc49966e421293d0fe6f","The database design is normalized, scalable, and relational.","SHOULD","Data","Pre-implementation deliverable","REC","Database","None stated by the Constitution","Schema, constraint, and data-level tests confirm this statement: “The database design is normalized, scalable, and relational.”","Database Architecture & Data Model deliverable (identifier pending ODR-001)","Schema/migration evidence plus automated integrity tests.","Pending independent review","Not started"
"REQ-034.02","REQ-034","Part 3","Database Architecture Direction","L1493; L1495","Requirements include: || Clear naming conventions","cc3b7a91050d4fe5f0b6b9db13c1c648135c9cd4c5f46c6003c491a671f701c6","The database specification defines clear naming conventions.","SHOULD","Data","Pre-implementation deliverable","REC","Database","None stated by the Constitution","Schema, constraint, and data-level tests confirm this statement: “The database specification defines clear naming conventions.”","Database Architecture & Data Model deliverable (identifier pending ODR-001)","Schema/migration evidence plus automated integrity tests.","Pending independent review","Not started"
"REQ-034.03","REQ-034","Part 3","Database Architecture Direction","L1493; L1497","Requirements include: || Referential integrity","97f5e56c54b2a00215a9090722a750c715e8a950b66106efaf1a3d2d7ad5a5b1","The database design enforces referential integrity.","SHOULD","Data","Pre-implementation deliverable","REC","Database","None stated by the Constitution","Schema, constraint, and data-level tests confirm this statement: “The database design enforces referential integrity.”","Database Architecture & Data Model deliverable (identifier pending ODR-001)","Schema/migration evidence plus automated integrity tests.","Pending independent review","Not started"
"REQ-034.04","REQ-034","Part 3","Database Architecture Direction","L1493; L1499","Requirements include: || Proper indexing","101db9dbcaa174cdc74ed11cdffacf2bfae5d630882dc3d6e4b126dcdd0737a3","The database design defines proper indexing.","SHOULD","Data","Pre-implementation deliverable","REC","Database","None stated by the Constitution","Schema, constraint, and data-level tests confirm this statement: “The database design defines proper indexing.”","Database Architecture & Data Model deliverable (identifier pending ODR-001)","Schema/migration evidence plus automated integrity tests.","Pending independent review","Not started"
"REQ-034.05","REQ-034","Part 3","Database Architecture Direction","L1493; L1501","Requirements include: || Migration strategy","5ee37071356b63f54dba1b1b035f5561ea6d805f2150b7357ea4485cdd6bd455","The database design defines a migration strategy.","SHOULD","Data","Pre-implementation deliverable","REC","Database","None stated by the Constitution","Schema, constraint, and data-level tests confirm this statement: “The database design defines a migration strategy.”","Database Architecture & Data Model deliverable (identifier pending ODR-001)","Schema/migration evidence plus automated integrity tests.","Pending independent review","Not started"
"REQ-034.06","REQ-034","Part 3","Database Architecture Direction","L1493; L1503","Requirements include: || Seed data","737709663b0d63b8c28e2fea125976d564d8dc3ceb061004aabc89170a8a2adb","The database design defines seed data.","SHOULD","Data","Pre-implementation deliverable","REC","Database","None stated by the Constitution","Schema, constraint, and data-level tests confirm this statement: “The database design defines seed data.”","Database Architecture & Data Model deliverable (identifier pending ODR-001)","Schema/migration evidence plus automated integrity tests.","Pending independent review","Not started"
"REQ-034.07","REQ-034","Part 3","Database Architecture Direction","L1493; L1505","Requirements include: || Version control for schema changes","1c9e9273c2455c40d30605417a51f88d9d9cffb4f911db3db317741c78bb298f","Schema changes are version controlled.","SHOULD","Data","Pre-implementation deliverable","REC","Database","None stated by the Constitution","Schema, constraint, and data-level tests confirm this statement: “Schema changes are version controlled.”","Database Architecture & Data Model deliverable (identifier pending ODR-001)","Schema/migration evidence plus automated integrity tests.","Pending independent review","Not started"
"REQ-034.08","REQ-034","Part 3","Database Architecture Direction","L1493; L1507","Requirements include: || Performance optimization","eb54ec73cb341e59ad2d73e697a71ca89874044a5b29a0c7c2658e6dc526c82d","The database design addresses performance optimization.","SHOULD","Data","Pre-implementation deliverable","REC","Database","None stated by the Constitution","Schema, constraint, and data-level tests confirm this statement: “The database design addresses performance optimization.”","Database Architecture & Data Model deliverable (identifier pending ODR-001)","Schema/migration evidence plus automated integrity tests.","Pending independent review","Not started"
"REQ-034.09","REQ-034","Part 3","Database Architecture Direction","L1493; L1509","Requirements include: || Future scalability","84a74168d515487daa10d000024d3a04a1e5bf2c2ee361dc2da1a73b0f447e5e","The database design addresses future scalability.","SHOULD","Data","Pre-implementation deliverable","REC","Database","None stated by the Constitution","Schema, constraint, and data-level tests confirm this statement: “The database design addresses future scalability.”","Database Architecture & Data Model deliverable (identifier pending ODR-001)","Schema/migration evidence plus automated integrity tests.","Pending independent review","Not started"
"REQ-034.10","REQ-034","Part 3","Database Architecture Direction","L1511","The AI should explain why each table exists and how it relates to the business.","690cb8dbff9615cdae01edba0c6da96f2d31a1e84d44fe1ff9ba816bc5d2d648","Database documentation explains why each table exists.","SHOULD","Documentation","Pre-implementation deliverable","REC","Database","None stated by the Constitution","The named artifact exists, addresses this statement, and is traceable to the cited lines: “Database documentation explains why each table exists.”","Phase 0 documentation/roadmap deliverable (identifier pending ODR-001)","Versioned artifact plus reviewer sign-off and citation trace.","Pending independent review","Not started"
"REQ-034.11","REQ-034","Part 3","Database Architecture Direction","L1511","The AI should explain why each table exists and how it relates to the business.","690cb8dbff9615cdae01edba0c6da96f2d31a1e84d44fe1ff9ba816bc5d2d648","Database documentation explains how each table relates to the business.","SHOULD","Documentation","Pre-implementation deliverable","REC","Database","None stated by the Constitution","The named artifact exists, addresses this statement, and is traceable to the cited lines: “Database documentation explains how each table relates to the business.”","Phase 0 documentation/roadmap deliverable (identifier pending ODR-001)","Versioned artifact plus reviewer sign-off and citation trace.","Pending independent review","Not started"
"REQ-035.01","REQ-035","Part 3","Backend and Frontend Architecture Evaluation","L1515–L1517","BACKEND ARCHITECTURE / Do not assume a fixed backend technology.","5a460cc4e6f8fe1ed6c7b166c1547caa5c4ab9a6130f4bb6786cbeb35ecaa338","The backend technology is not assumed before evaluation.","MUST","Documentation","Pre-implementation deliverable","CD","Architecture","ODR-002","The named artifact exists, addresses this statement, and is traceable to the cited lines: “The backend technology is not assumed before evaluation.”","Phase 0 documentation/roadmap deliverable (identifier pending ODR-001)","Versioned artifact plus reviewer sign-off and citation trace.","Pending independent review","Not started"
"REQ-035.02","REQ-035","Part 3","Backend and Frontend Architecture Evaluation","L1519–L1533","Evaluate suitable technologies based on: / Free-tier friendliness / Scalability / Security / Maintainability / Performance / Developer productivity / Long-term sustainability","0344763c44cc9a548b23af2bcdfbef6f786c1c6b9b80502aed1a9909c71cb97f","Backend options are evaluated for free-tier friendliness, scalability, security, maintainability, performance, developer productivity, and long-term sustainability.","SHOULD","Documentation","Pre-implementation deliverable","REC","Architecture","ODR-002; EFE-004","The named artifact exists, addresses this statement, and is traceable to the cited lines: “Backend options are evaluated for free-tier friendliness, scalability, security, maintainability, performance, developer productivity, and long-term sustainability.”","Phase 0 documentation/roadmap deliverable (identifier pending ODR-001)","Versioned artifact plus reviewer sign-off and citation trace.","Pending independent review","Not started"
"REQ-035.03","REQ-035","Part 3","Backend and Frontend Architecture Evaluation","L1535","Compare appropriate options (such as PHP frameworks, serverless platforms, managed databases, and supporting services) and recommend the best architecture with clear reasoning.","e614bd1f680b440628cf800575ba5c7a386478c30a9686fe9c939045f9fba31f","The backend recommendation compares appropriate framework, serverless, managed-database, and supporting-service options with clear reasoning.","SHOULD","Documentation","Pre-implementation deliverable","REC","Architecture","ODR-002; EFE-004","The named artifact exists, addresses this statement, and is traceable to the cited lines: “The backend recommendation compares appropriate framework, serverless, managed-database, and supporting-service options with clear reasoning.”","Phase 0 documentation/roadmap deliverable (identifier pending ODR-001)","Versioned artifact plus reviewer sign-off and citation trace.","Pending independent review","Not started"
"REQ-035.04","REQ-035","Part 3","Backend and Frontend Architecture Evaluation","L1537","The recommendation should prioritize a smooth migration path from free infrastructure to paid infrastructure as the platform grows.","f096e9cbfdecb510c2a13d0e856dfd2d2816e4d7b457fc23bd73fe4458f35c5c","The backend recommendation prioritizes a smooth path from free to paid infrastructure.","SHOULD","Documentation","Pre-implementation deliverable","REC","Architecture","ODR-002; EFE-004","The named artifact exists, addresses this statement, and is traceable to the cited lines: “The backend recommendation prioritizes a smooth path from free to paid infrastructure.”","Phase 0 documentation/roadmap deliverable (identifier pending ODR-001)","Versioned artifact plus reviewer sign-off and citation trace.","Pending independent review","Not started"
"REQ-035.05","REQ-035","Part 3","Backend and Frontend Architecture Evaluation","L1543; L1545","The frontend should be: || Responsive","0e9f0985b518d9e68b88316709a7123b6b7bc96add8fe0b456536016b3594a97","The frontend architecture is responsive.","SHOULD","Documentation","Pre-implementation deliverable","REC","Frontend handoff","None stated by the Constitution","The named artifact exists, addresses this statement, and is traceable to the cited lines: “The frontend architecture is responsive.”","Frontend Product/Design Blueprint (frontend-owned; identifier pending ODR-001)","Versioned artifact plus reviewer sign-off and citation trace.","Pending independent review","Not started"
"REQ-035.06","REQ-035","Part 3","Backend and Frontend Architecture Evaluation","L1543; L1547","The frontend should be: || Modular","a9da6cd209aeead938fec4ccd4caef4be41c8574fe257c1b1cad4ac4970cfb74","The frontend architecture is modular.","SHOULD","Documentation","Pre-implementation deliverable","REC","Frontend handoff","None stated by the Constitution","The named artifact exists, addresses this statement, and is traceable to the cited lines: “The frontend architecture is modular.”","Frontend Product/Design Blueprint (frontend-owned; identifier pending ODR-001)","Versioned artifact plus reviewer sign-off and citation trace.","Pending independent review","Not started"
"REQ-035.07","REQ-035","Part 3","Backend and Frontend Architecture Evaluation","L1543; L1549","The frontend should be: || Accessible","c946e27fb099b7c1b0ae528b2ee9f29d5199e117e37454c391a577d3dfbf5ce5","The frontend architecture is accessible.","SHOULD","Documentation","Pre-implementation deliverable","REC","Frontend handoff","None stated by the Constitution","The named artifact exists, addresses this statement, and is traceable to the cited lines: “The frontend architecture is accessible.”","Frontend Product/Design Blueprint (frontend-owned; identifier pending ODR-001)","Versioned artifact plus reviewer sign-off and citation trace.","Pending independent review","Not started"
"REQ-035.08","REQ-035","Part 3","Backend and Frontend Architecture Evaluation","L1543; L1551","The frontend should be: || Component-based where appropriate","e539bd4ff6c46c9ddf7c77ab92557314010f11d8dcdf012b6955888b0646ad3e","The frontend architecture is component-based where appropriate.","SHOULD","Documentation","Pre-implementation deliverable","REC","Frontend handoff","None stated by the Constitution","The named artifact exists, addresses this statement, and is traceable to the cited lines: “The frontend architecture is component-based where appropriate.”","Frontend Product/Design Blueprint (frontend-owned; identifier pending ODR-001)","Versioned artifact plus reviewer sign-off and citation trace.","Pending independent review","Not started"
"REQ-035.09","REQ-035","Part 3","Backend and Frontend Architecture Evaluation","L1543; L1553","The frontend should be: || Optimized for performance","48badcceb4262ae1f41c891ac245f660b814d576f17067201a9a65f770bf2a8f","The frontend architecture is optimized for performance.","SHOULD","Documentation","Pre-implementation deliverable","REC","Frontend handoff","None stated by the Constitution","The named artifact exists, addresses this statement, and is traceable to the cited lines: “The frontend architecture is optimized for performance.”","Frontend Product/Design Blueprint (frontend-owned; identifier pending ODR-001)","Versioned artifact plus reviewer sign-off and citation trace.","Pending independent review","Not started"
"REQ-035.10","REQ-035","Part 3","Backend and Frontend Architecture Evaluation","L1543; L1555","The frontend should be: || Easy to maintain","ef38b3d7bf4da5d6bd2e1b37029ffde75e992a47a1ca088aea4eb8524c6ae0a9","The frontend architecture is easy to maintain.","SHOULD","Documentation","Pre-implementation deliverable","REC","Frontend handoff","None stated by the Constitution","The named artifact exists, addresses this statement, and is traceable to the cited lines: “The frontend architecture is easy to maintain.”","Frontend Product/Design Blueprint (frontend-owned; identifier pending ODR-001)","Versioned artifact plus reviewer sign-off and citation trace.","Pending independent review","Not started"
"REQ-035.11","REQ-035","Part 3","Backend and Frontend Architecture Evaluation","L1557","The AI should recommend an architecture that balances simplicity with long-term maintainability.","611a0b13d012e02eb3de93ae2274378cd6e8b55f5ee99709f1f55fc272e9b2b3","The frontend architecture recommendation balances simplicity with long-term maintainability.","SHOULD","Documentation","Pre-implementation deliverable","REC","Frontend handoff","ODR-004","The named artifact exists, addresses this statement, and is traceable to the cited lines: “The frontend architecture recommendation balances simplicity with long-term maintainability.”","Frontend Product/Design Blueprint (frontend-owned; identifier pending ODR-001)","Versioned artifact plus reviewer sign-off and citation trace.","Pending independent review","Not started"
"REQ-036.01","REQ-036","Part 3","Project Documentation and Interactive Roadmap","L1563; L1565","Generate comprehensive documentation, including: || Master README","3a09ea60a727963b49193a65ed804a8a56d3e70d8ce6ed871f98a71cf146b7e9","Generate a Master README.","MUST","Documentation","Pre-implementation deliverable","CD","Shared governance","None stated by the Constitution","The named artifact exists, addresses this statement, and is traceable to the cited lines: “Generate a Master README.”","Phase 0 documentation/roadmap deliverable (identifier pending ODR-001)","Versioned artifact plus reviewer sign-off and citation trace.","Pending independent review","Not started"
"REQ-036.02","REQ-036","Part 3","Project Documentation and Interactive Roadmap","L1563; L1567","Generate comprehensive documentation, including: || Installation Guide","339ea58cce4ea1a44221af638af65d44533c43f52e2f2dd45c2b661e6346bba9","Generate an Installation Guide.","MUST","Documentation","Pre-implementation deliverable","CD","Shared governance","None stated by the Constitution","The named artifact exists, addresses this statement, and is traceable to the cited lines: “Generate an Installation Guide.”","Phase 0 documentation/roadmap deliverable (identifier pending ODR-001)","Versioned artifact plus reviewer sign-off and citation trace.","Pending independent review","Not started"
"REQ-036.03","REQ-036","Part 3","Project Documentation and Interactive Roadmap","L1563; L1569","Generate comprehensive documentation, including: || Configuration Guide","16dad0417cec5281f9fc9483fbe711f473087b11b744ab715a4f8a679d7f0d8e","Generate a Configuration Guide.","MUST","Documentation","Pre-implementation deliverable","CD","Shared governance","None stated by the Constitution","The named artifact exists, addresses this statement, and is traceable to the cited lines: “Generate a Configuration Guide.”","Phase 0 documentation/roadmap deliverable (identifier pending ODR-001)","Versioned artifact plus reviewer sign-off and citation trace.","Pending independent review","Not started"
"REQ-036.04","REQ-036","Part 3","Project Documentation and Interactive Roadmap","L1563; L1571","Generate comprehensive documentation, including: || Deployment Guide","2f141cfa06c1d02bc4ad1778e672fbda4999df9d1410113436a162cda6770af5","The project documentation set includes a Deployment Guide.","MUST","Documentation","Pre-implementation deliverable","CD","Shared governance","None stated by the Constitution","The named artifact exists, addresses this statement, and is traceable to the cited lines: “The project documentation set includes a Deployment Guide.”","Phase 0 documentation/roadmap deliverable (identifier pending ODR-001)","Versioned artifact plus reviewer sign-off and citation trace.","Pending independent review","Not started"
"REQ-036.05","REQ-036","Part 3","Project Documentation and Interactive Roadmap","L1563; L1573","Generate comprehensive documentation, including: || API Documentation","1438c77bd40f4cc58ed8f051c0cc20696d43d2f1b6d49a38493f8b99bc51a3a8","The project documentation set includes API Documentation.","MUST","Documentation","Pre-implementation deliverable","CD","Shared governance","None stated by the Constitution","The named artifact exists, addresses this statement, and is traceable to the cited lines: “The project documentation set includes API Documentation.”","Phase 0 documentation/roadmap deliverable (identifier pending ODR-001)","Versioned artifact plus reviewer sign-off and citation trace.","Pending independent review","Not started"
"REQ-036.06","REQ-036","Part 3","Project Documentation and Interactive Roadmap","L1563; L1575","Generate comprehensive documentation, including: || Database Documentation","4692c93c05833d3b595c626591e6d20ea2f60a72f0cf8ed80684e9e56183fa08","Generate Database Documentation.","MUST","Documentation","Pre-implementation deliverable","CD","Shared governance","None stated by the Constitution","The named artifact exists, addresses this statement, and is traceable to the cited lines: “Generate Database Documentation.”","Phase 0 documentation/roadmap deliverable (identifier pending ODR-001)","Versioned artifact plus reviewer sign-off and citation trace.","Pending independent review","Not started"
"REQ-036.07","REQ-036","Part 3","Project Documentation and Interactive Roadmap","L1563; L1577","Generate comprehensive documentation, including: || Admin Manual","6fa6030e874a16e2f32944862af22dcb88e0b87c01a0aeaf1a9ef767e072adac","Generate an Admin Manual.","MUST","Documentation","Pre-implementation deliverable","CD","Shared governance","None stated by the Constitution","The named artifact exists, addresses this statement, and is traceable to the cited lines: “Generate an Admin Manual.”","Phase 0 documentation/roadmap deliverable (identifier pending ODR-001)","Versioned artifact plus reviewer sign-off and citation trace.","Pending independent review","Not started"
"REQ-036.08","REQ-036","Part 3","Project Documentation and Interactive Roadmap","L1563; L1579","Generate comprehensive documentation, including: || User Manual","48fd577e6a80521cb94205db386749f2b6d5d20c64023d23b5adb9db7b06bc58","Generate a User Manual.","MUST","Documentation","Pre-implementation deliverable","CD","Shared governance","None stated by the Constitution","The named artifact exists, addresses this statement, and is traceable to the cited lines: “Generate a User Manual.”","Phase 0 documentation/roadmap deliverable (identifier pending ODR-001)","Versioned artifact plus reviewer sign-off and citation trace.","Pending independent review","Not started"
"REQ-036.09","REQ-036","Part 3","Project Documentation and Interactive Roadmap","L1563; L1581","Generate comprehensive documentation, including: || Troubleshooting Guide","1ad0cbad8b56b2fec7abbee34b26e4a0eb2c5390c51c8a4c39b949c41f8a0c36","Generate a Troubleshooting Guide.","MUST","Documentation","Pre-implementation deliverable","CD","Shared governance","None stated by the Constitution","The named artifact exists, addresses this statement, and is traceable to the cited lines: “Generate a Troubleshooting Guide.”","Phase 0 documentation/roadmap deliverable (identifier pending ODR-001)","Versioned artifact plus reviewer sign-off and citation trace.","Pending independent review","Not started"
"REQ-036.10","REQ-036","Part 3","Project Documentation and Interactive Roadmap","L1563; L1583","Generate comprehensive documentation, including: || Security Guide","a2417c517d3c68e1fbe84c587ab952814478ed67fe14d8e7d3e47cbfd75982b2","Generate a Security Guide.","MUST","Documentation","Pre-implementation deliverable","CD","Shared governance","None stated by the Constitution","The named artifact exists, addresses this statement, and is traceable to the cited lines: “Generate a Security Guide.”","Phase 0 documentation/roadmap deliverable (identifier pending ODR-001)","Versioned artifact plus reviewer sign-off and citation trace.","Pending independent review","Not started"
"REQ-036.11","REQ-036","Part 3","Project Documentation and Interactive Roadmap","L1563; L1585","Generate comprehensive documentation, including: || Backup & Recovery Guide","5e4aa692f226577dbb4a05bc8b076a426194b7d11976563390fb0224e6934777","Generate a Backup and Recovery Guide.","MUST","Documentation","Pre-implementation deliverable","CD","Shared governance","None stated by the Constitution","The named artifact exists, addresses this statement, and is traceable to the cited lines: “Generate a Backup and Recovery Guide.”","Phase 0 documentation/roadmap deliverable (identifier pending ODR-001)","Versioned artifact plus reviewer sign-off and citation trace.","Pending independent review","Not started"
"REQ-036.12","REQ-036","Part 3","Project Documentation and Interactive Roadmap","L1563; L1587","Generate comprehensive documentation, including: || Contribution Guide (if applicable)","1d40ee463e4c79fef41b39995ff991abf386c487b0f05d541beac140a7bf9240","Generate a Contribution Guide when applicable.","MUST","Documentation","Pre-implementation deliverable","CD","Shared governance","None stated by the Constitution","The named artifact exists, addresses this statement, and is traceable to the cited lines: “Generate a Contribution Guide when applicable.”","Phase 0 documentation/roadmap deliverable (identifier pending ODR-001)","Versioned artifact plus reviewer sign-off and citation trace.","Pending independent review","Not started"
"REQ-036.13","REQ-036","Part 3","Project Documentation and Interactive Roadmap","L1563; L1589","Generate comprehensive documentation, including: || Change Log","57f6c39fe6ebb03740841b140ad5aaa74372d7a29b1476135eef297b4d086739","Generate a Change Log.","MUST","Documentation","Pre-implementation deliverable","CD","Shared governance","None stated by the Constitution","The named artifact exists, addresses this statement, and is traceable to the cited lines: “Generate a Change Log.”","Phase 0 documentation/roadmap deliverable (identifier pending ODR-001)","Versioned artifact plus reviewer sign-off and citation trace.","Pending independent review","Not started"
"REQ-036.14","REQ-036","Part 3","Project Documentation and Interactive Roadmap","L1591","Documentation should remain synchronized with implementation.","8b35f9c87a566b982941b57d7456f2053b76bb87f41864f0af6db6075e03bfe4","Project documentation remains synchronized with implementation.","SHOULD","Governance","V1","REC","Shared governance","None stated by the Constitution","Workflow and audit evidence confirm this statement: “Project documentation remains synchronized with implementation.”","Phase 0 documentation/roadmap deliverable (identifier pending ODR-001)","Approval/audit record showing the required gate or workflow was followed.","Pending independent review","Not started"
"REQ-036.15","REQ-036","Part 3","Project Documentation and Interactive Roadmap","L1595–L1597","INTERACTIVE DEVELOPMENT ROADMAP / Create a structured project roadmap divided into milestones.","bbdb2aa437e9b40055f0f3bc9a0594efbe7c7190e9905f313109f36a131c9b45","Create a structured milestone-based project roadmap.","MUST","Documentation","Pre-implementation deliverable","CD","Shared governance","None stated by the Constitution","The named artifact exists, addresses this statement, and is traceable to the cited lines: “Create a structured milestone-based project roadmap.”","Phase 0 documentation/roadmap deliverable (identifier pending ODR-001)","Versioned artifact plus reviewer sign-off and citation trace.","Pending independent review","Not started"
"REQ-036.16","REQ-036","Part 3","Project Documentation and Interactive Roadmap","L1599; L1601","For each milestone: || Define objectives","ccf64b2544eb7c03faf8a9f939aeda0743399426866077b8808bf6f705961dbd","Every milestone defines objectives.","MUST","Documentation","Pre-implementation deliverable","CD","Shared governance","None stated by the Constitution","The named artifact exists, addresses this statement, and is traceable to the cited lines: “Every milestone defines objectives.”","Phase 0 documentation/roadmap deliverable (identifier pending ODR-001)","Versioned artifact plus reviewer sign-off and citation trace.","Pending independent review","Not started"
"REQ-036.17","REQ-036","Part 3","Project Documentation and Interactive Roadmap","L1599; L1603","For each milestone: || Break work into tasks","fea79543db309aede71d90c393d1a36b6bfb6a4336643033a4e044ea49ad455f","Every milestone breaks work into tasks.","MUST","Documentation","Pre-implementation deliverable","CD","Shared governance","None stated by the Constitution","The named artifact exists, addresses this statement, and is traceable to the cited lines: “Every milestone breaks work into tasks.”","Phase 0 documentation/roadmap deliverable (identifier pending ODR-001)","Versioned artifact plus reviewer sign-off and citation trace.","Pending independent review","Not started"
"REQ-036.18","REQ-036","Part 3","Project Documentation and Interactive Roadmap","L1599; L1605","For each milestone: || Identify dependencies","87367f2c0cc5821dafcb4b389cdaebaa8c799abe419bf9dadeeefe514472d661","Every milestone identifies dependencies.","MUST","Documentation","Pre-implementation deliverable","CD","Shared governance","None stated by the Constitution","The named artifact exists, addresses this statement, and is traceable to the cited lines: “Every milestone identifies dependencies.”","Phase 0 documentation/roadmap deliverable (identifier pending ODR-001)","Versioned artifact plus reviewer sign-off and citation trace.","Pending independent review","Not started"
"REQ-036.19","REQ-036","Part 3","Project Documentation and Interactive Roadmap","L1599; L1607","For each milestone: || Estimate complexity","d4a44746be786519280e1d7a38bad3800f14dccd3195539c82a032470052a214","Every milestone estimates complexity.","MUST","Documentation","Pre-implementation deliverable","CD","Shared governance","None stated by the Constitution","The named artifact exists, addresses this statement, and is traceable to the cited lines: “Every milestone estimates complexity.”","Phase 0 documentation/roadmap deliverable (identifier pending ODR-001)","Versioned artifact plus reviewer sign-off and citation trace.","Pending independent review","Not started"
"REQ-036.20","REQ-036","Part 3","Project Documentation and Interactive Roadmap","L1599; L1609","For each milestone: || Define acceptance criteria","80d51a1bc967c7960c65b4f6b465b39feb1459dea986758c142b80ab5f883289","Every milestone defines acceptance criteria.","MUST","Documentation","Pre-implementation deliverable","CD","Shared governance","None stated by the Constitution","The named artifact exists, addresses this statement, and is traceable to the cited lines: “Every milestone defines acceptance criteria.”","Phase 0 documentation/roadmap deliverable (identifier pending ODR-001)","Versioned artifact plus reviewer sign-off and citation trace.","Pending independent review","Not started"
"REQ-036.21","REQ-036","Part 3","Project Documentation and Interactive Roadmap","L1599; L1611","For each milestone: || Track status (Not Started, In Progress, Review, Completed)","784f156d3582e97a84663848c423194de43c14a255cafdd410fd20122c1b71fe","Every milestone tracks status using the stated lifecycle.","MUST","Documentation","Pre-implementation deliverable","CD","Shared governance","None stated by the Constitution","The named artifact exists, addresses this statement, and is traceable to the cited lines: “Every milestone tracks status using the stated lifecycle.”","Phase 0 documentation/roadmap deliverable (identifier pending ODR-001)","Versioned artifact plus reviewer sign-off and citation trace.","Pending independent review","Not started"
"REQ-036.22","REQ-036","Part 3","Project Documentation and Interactive Roadmap","L1613","The roadmap should be suitable for tools such as Notion and should allow tasks to be checked off interactively as development progresses.","528e835223075f71a3cd053e4ab972b54733572e91751abcf11affeac607ffe2","The roadmap is suitable for interactive use in project-management tools such as Notion.","SHOULD","Documentation","Pre-implementation deliverable","REC","Shared governance","None stated by the Constitution","The named artifact exists, addresses this statement, and is traceable to the cited lines: “The roadmap is suitable for interactive use in project-management tools such as Notion.”","Phase 0 documentation/roadmap deliverable (identifier pending ODR-001)","Versioned artifact plus reviewer sign-off and citation trace.","Pending independent review","Not started"
"REQ-037.01","REQ-037","Part 3","Quality Standard","L1617–L1619","QUALITY STANDARD / Every recommendation should be accompanied by clear reasoning.","b1806dcdecd10c674dc25b201b70452ab817207b03d3ddb0f4825235bcda00bb","Every recommendation includes clear reasoning.","SHOULD","Governance","Pre-implementation deliverable","REC","Shared governance","None stated by the Constitution","Workflow and audit evidence confirm this statement: “Every recommendation includes clear reasoning.”","Phase 0 documentation/roadmap deliverable (identifier pending ODR-001)","Approval/audit record showing the required gate or workflow was followed.","Pending independent review","Not started"
"REQ-037.02","REQ-037","Part 3","Quality Standard","L1621","If the AI identifies a more secure, more scalable, more maintainable, or more cost-effective approach than the initial assumptions, it should explain the trade-offs and recommend the improved solution rather than following instructions blindly.","339a74fc14c4f514f44f1bdbc9a1d6bccb7fd73fc97fd588c53c616b50afbee5","When a safer, more scalable, more maintainable, or more cost-effective approach exists, the trade-offs and improved recommendation are documented.","SHOULD","Governance","Pre-implementation deliverable","REC","Shared governance","None stated by the Constitution","Workflow and audit evidence confirm this statement: “When a safer, more scalable, more maintainable, or more cost-effective approach exists, the trade-offs and improved recommendation are documented.”","Phase 0 documentation/roadmap deliverable (identifier pending ODR-001)","Approval/audit record showing the required gate or workflow was followed.","Pending independent review","Not started"
"REQ-037.03","REQ-037","Part 3","Quality Standard","L1623","The final deliverable should resemble the work of an experienced product, engineering, and operations team preparing a production-ready SaaS platform.","bbf9f3b3e7d4b5205a96b67f606f4c7f87c632475146d449f98023388419317d","The final deliverable meets the standard of a production-ready SaaS preparation by experienced product, engineering, and operations teams.","SHOULD","Non-functional","Pre-implementation deliverable","REC","Shared governance","None stated by the Constitution","A defined measurement or design review confirms this statement: “The final deliverable meets the standard of a production-ready SaaS preparation by experienced product, engineering, and operations teams.”","Business/Product/Technical Blueprint (identifier pending ODR-001)","Defined metric/standard plus measured result or documented review.","Pending independent review","Not started"
"REQ-038.01","REQ-038","Part 4","Core Engineering Philosophy","L1645–L1667","CORE PHILOSOPHY / Every decision made throughout this project must prioritize: / 1\. User Trust / 2\. Simplicity / 3\. Transparency / 4\. Security / 5\. Performance / 6\. Scalability / 7\. Maintainability / 8\. Accessibility / 9\. Automation / 10\. Long-Term Sustainability","af9ca45f7fb195140bb6c260294a3bdfa5a4211dfd479cfc980cd4f221575609","Project decisions prioritize user trust, simplicity, transparency, security, performance, scalability, maintainability, accessibility, automation, and long-term sustainability.","MUST","Non-functional","V1","CD","Architecture","None stated by the Constitution","A defined measurement or design review confirms this statement: “Project decisions prioritize user trust, simplicity, transparency, security, performance, scalability, maintainability, accessibility, automation, and long-term sustainability.”","Business/Product/Technical Blueprint (identifier pending ODR-001)","Defined metric/standard plus measured result or documented review.","Pending independent review","Not started"
"REQ-038.02","REQ-038","Part 4","Core Engineering Philosophy","L1669","If any feature compromises these principles without a compelling reason, it should be redesigned.","eaecebb14247832c7445b1f226f54cf7c0b31635ae2c374e66d4e1b7c2a862f6","A feature that compromises the core principles without compelling justification is redesigned.","SHOULD","Governance","V1","REC","Architecture","None stated by the Constitution","Workflow and audit evidence confirm this statement: “A feature that compromises the core principles without compelling justification is redesigned.”","Phase 0 documentation/roadmap deliverable (identifier pending ODR-001)","Approval/audit record showing the required gate or workflow was followed.","Pending independent review","Not started"
"REQ-038.03","REQ-038","Part 4","Core Engineering Philosophy","L1675; L1677","The platform must be: || Modular","cae8f76725e03352773442045b6318e7cc7577825186244721ae504ee48eb1ad","The platform is modular.","MUST","Non-functional","V1","CD","Architecture","None stated by the Constitution","A defined measurement or design review confirms this statement: “The platform is modular.”","Business/Product/Technical Blueprint (identifier pending ODR-001)","Defined metric/standard plus measured result or documented review.","Pending independent review","Not started"
"REQ-038.04","REQ-038","Part 4","Core Engineering Philosophy","L1675; L1679","The platform must be: || Loosely coupled","a91662ace2d8115ddb01cf31190fe7d3e5bc59d6808c2fdf48151df8b0ec4ce3","The platform is loosely coupled.","MUST","Non-functional","V1","CD","Architecture","None stated by the Constitution","A defined measurement or design review confirms this statement: “The platform is loosely coupled.”","Business/Product/Technical Blueprint (identifier pending ODR-001)","Defined metric/standard plus measured result or documented review.","Pending independent review","Not started"
"REQ-038.05","REQ-038","Part 4","Core Engineering Philosophy","L1675; L1681","The platform must be: || Highly cohesive","9a959ad762d0fd22e191958d9809379183286c8ca87b6436576752e088fd00f9","The platform is highly cohesive.","MUST","Non-functional","V1","CD","Architecture","None stated by the Constitution","A defined measurement or design review confirms this statement: “The platform is highly cohesive.”","Business/Product/Technical Blueprint (identifier pending ODR-001)","Defined metric/standard plus measured result or documented review.","Pending independent review","Not started"
"REQ-038.06","REQ-038","Part 4","Core Engineering Philosophy","L1675; L1683","The platform must be: || API-friendly","cde0a64bb9574b52864098f59750cb7b7bbf6cc4c6af2f76069b8e882c8bb341","The platform is API-friendly.","MUST","Non-functional","V1","CD","Architecture","None stated by the Constitution","A defined measurement or design review confirms this statement: “The platform is API-friendly.”","Business/Product/Technical Blueprint (identifier pending ODR-001)","Defined metric/standard plus measured result or documented review.","Pending independent review","Not started"
"REQ-038.07","REQ-038","Part 4","Core Engineering Philosophy","L1675; L1685","The platform must be: || Cloud-ready","0ee2a2cc4f1262566b3817b8f3f1fc372d256beea04bdd87fad17564ee8a09d3","The platform is cloud-ready.","MUST","Non-functional","V1","CD","Architecture","None stated by the Constitution","A defined measurement or design review confirms this statement: “The platform is cloud-ready.”","Business/Product/Technical Blueprint (identifier pending ODR-001)","Defined metric/standard plus measured result or documented review.","Pending independent review","Not started"
"REQ-038.08","REQ-038","Part 4","Core Engineering Philosophy","L1675; L1687","The platform must be: || Mobile-ready","0ef6886d96fe2b45af6777140be1396ae6986e0cc16b54c1d88f4703e0e61474","The platform is mobile-ready.","MUST","Non-functional","V1","CD","Architecture","None stated by the Constitution","A defined measurement or design review confirms this statement: “The platform is mobile-ready.”","Business/Product/Technical Blueprint (identifier pending ODR-001)","Defined metric/standard plus measured result or documented review.","Pending independent review","Not started"
"REQ-038.09","REQ-038","Part 4","Core Engineering Philosophy","L1675; L1689","The platform must be: || Future-proof","4d054eb50296783db0ba30645f34115904fae771ec05b0a998f0833b02033eb5","The platform is future-proof.","MUST","Non-functional","V1","CD","Architecture","None stated by the Constitution","A defined measurement or design review confirms this statement: “The platform is future-proof.”","Business/Product/Technical Blueprint (identifier pending ODR-001)","Defined metric/standard plus measured result or documented review.","Pending independent review","Not started"
"REQ-038.10","REQ-038","Part 4","Core Engineering Philosophy","L1675; L1691","The platform must be: || Easily testable","7dd6d3c4f18c938968ab4cc414f42872b032ffc1b896587899ea986fd195f7ea","The platform is easily testable.","MUST","Non-functional","V1","CD","Architecture","None stated by the Constitution","A defined measurement or design review confirms this statement: “The platform is easily testable.”","Business/Product/Technical Blueprint (identifier pending ODR-001)","Defined metric/standard plus measured result or documented review.","Pending independent review","Not started"
"REQ-038.11","REQ-038","Part 4","Core Engineering Philosophy","L1675; L1693","The platform must be: || Well documented","e1da1dbe1cdb70aeaf7bc6724bfa5ac01647aba17fbd489b3002d25d242bafca","The platform is well documented.","MUST","Non-functional","V1","CD","Architecture","None stated by the Constitution","A defined measurement or design review confirms this statement: “The platform is well documented.”","Business/Product/Technical Blueprint (identifier pending ODR-001)","Defined metric/standard plus measured result or documented review.","Pending independent review","Not started"
"REQ-038.12","REQ-038","Part 4","Core Engineering Philosophy","L1675; L1695","The platform must be: || Version controlled","412874e893d2993ec66e1eba097d3edda91976f5059fd33ff98f3954f9493de6","The platform is version controlled.","MUST","Non-functional","V1","CD","Architecture","None stated by the Constitution","A defined measurement or design review confirms this statement: “The platform is version controlled.”","Business/Product/Technical Blueprint (identifier pending ODR-001)","Defined metric/standard plus measured result or documented review.","Pending independent review","Not started"
"REQ-038.13","REQ-038","Part 4","Core Engineering Philosophy","L1697","Avoid unnecessary complexity.","e91c2ab0a4427050437f36e0d46407dde2b8e0ce06b59ec64e91c9010fbbe4bf","The architecture avoids unnecessary complexity.","MUST","Non-functional","V1","CD","Architecture","None stated by the Constitution","A defined measurement or design review confirms this statement: “The architecture avoids unnecessary complexity.”","Business/Product/Technical Blueprint (identifier pending ODR-001)","Defined metric/standard plus measured result or documented review.","Pending independent review","Not started"
"REQ-039.01","REQ-039","Part 4","Project Structure and Module Boundaries","L1701–L1703","PROJECT STRUCTURE / The AI should organize the project using a clean architecture.","59b58723264acee6c1839ed930aac312085cf3c92e289802f1d3f03985de484b","The project is organized using clean architecture.","SHOULD","Non-functional","Pre-implementation deliverable","REC","Architecture","None stated by the Constitution","A defined measurement or design review confirms this statement: “The project is organized using clean architecture.”","Business/Product/Technical Blueprint (identifier pending ODR-001)","Defined metric/standard plus measured result or documented review.","Pending independent review","Not started"
"REQ-039.02","REQ-039","Part 4","Project Structure and Module Boundaries","L1705–L1739","Suggested high-level modules include: / Authentication / User Management / Wallet / Rewards / Surveys / Withdrawals / Notifications / CMS / Blog / Support / Leaderboards / Admin ERP / Analytics / Settings / Audit Logs / Background Jobs / Integrations","3364eda792ec6293dfa3020f48bbafdbf6d72529cf903cf1cc4a142bfc485fc2","The architecture evaluates the suggested authentication, user, wallet, rewards, surveys, withdrawals, notifications, CMS, blog, support, leaderboards, admin, analytics, settings, audit, jobs, and integration module boundaries.","MAY","Documentation","Pre-implementation deliverable","REC","Architecture","None stated by the Constitution","The named artifact exists, addresses this statement, and is traceable to the cited lines: “The architecture evaluates the suggested authentication, user, wallet, rewards, surveys, withdrawals, notifications, CMS, blog, support, leaderboards, admin, analytics, settings, audit, jobs, and integration module boundaries.”","Phase 0 documentation/roadmap deliverable (identifier pending ODR-001)","Versioned artifact plus reviewer sign-off and citation trace.","Pending independent review","Not started"
"REQ-039.03","REQ-039","Part 4","Project Structure and Module Boundaries","L1741","Each module should have clear boundaries and minimal coupling.","efbb9bd32232f96b77898110d41bc204ddcf82571abf8342e8487d9eb9747989","Every selected module has clear boundaries.","SHOULD","Non-functional","Pre-implementation deliverable","REC","Architecture","None stated by the Constitution","A defined measurement or design review confirms this statement: “Every selected module has clear boundaries.”","Business/Product/Technical Blueprint (identifier pending ODR-001)","Defined metric/standard plus measured result or documented review.","Pending independent review","Not started"
"REQ-039.04","REQ-039","Part 4","Project Structure and Module Boundaries","L1741","Each module should have clear boundaries and minimal coupling.","efbb9bd32232f96b77898110d41bc204ddcf82571abf8342e8487d9eb9747989","Coupling between modules is minimized.","SHOULD","Non-functional","Pre-implementation deliverable","REC","Architecture","None stated by the Constitution","A defined measurement or design review confirms this statement: “Coupling between modules is minimized.”","Business/Product/Technical Blueprint (identifier pending ODR-001)","Defined metric/standard plus measured result or documented review.","Pending independent review","Not started"
"REQ-040.01","REQ-040","Part 4","Definition of Done and User Feedback","L1747; L1749","Every feature should include: || Functional implementation","4d52aac75842d334f63b4373438dde265c4b64920d8fce7c03757675ee7f5222","Every feature includes functional implementation.","SHOULD","Governance","V1","REC","Shared","None stated by the Constitution","Workflow and audit evidence confirm this statement: “Every feature includes functional implementation.”","Phase 0 documentation/roadmap deliverable (identifier pending ODR-001)","Approval/audit record showing the required gate or workflow was followed.","Pending independent review","Not started"
"REQ-040.02","REQ-040","Part 4","Definition of Done and User Feedback","L1747; L1751","Every feature should include: || Validation","c2d835763137433ff7c54358c03637e3a67de999db5fbce8a4acbb56f5048be7","Every feature includes validation.","SHOULD","Governance","V1","REC","Shared","None stated by the Constitution","Workflow and audit evidence confirm this statement: “Every feature includes validation.”","Phase 0 documentation/roadmap deliverable (identifier pending ODR-001)","Approval/audit record showing the required gate or workflow was followed.","Pending independent review","Not started"
"REQ-040.03","REQ-040","Part 4","Definition of Done and User Feedback","L1747; L1753","Every feature should include: || Error handling","0764a1b1f10defc30ae57ca7d5fee5ad682c8a77cabfdab273285679047f7d07","Every feature includes error handling.","SHOULD","Governance","V1","REC","Shared","None stated by the Constitution","Workflow and audit evidence confirm this statement: “Every feature includes error handling.”","Phase 0 documentation/roadmap deliverable (identifier pending ODR-001)","Approval/audit record showing the required gate or workflow was followed.","Pending independent review","Not started"
"REQ-040.04","REQ-040","Part 4","Definition of Done and User Feedback","L1747; L1755","Every feature should include: || Logging","450d2356ecc4cded34a962205ede286c6130947353788e936cfa5ca802cb44c5","Every feature includes logging.","SHOULD","Governance","V1","REC","Shared","None stated by the Constitution","Workflow and audit evidence confirm this statement: “Every feature includes logging.”","Phase 0 documentation/roadmap deliverable (identifier pending ODR-001)","Approval/audit record showing the required gate or workflow was followed.","Pending independent review","Not started"
"REQ-040.05","REQ-040","Part 4","Definition of Done and User Feedback","L1747; L1757","Every feature should include: || Documentation","fae0def21ee9ad270210e28ca06dbfd3de1aa1667742c2285d7d465e3171c150","Every feature includes documentation.","SHOULD","Governance","V1","REC","Shared","None stated by the Constitution","Workflow and audit evidence confirm this statement: “Every feature includes documentation.”","Phase 0 documentation/roadmap deliverable (identifier pending ODR-001)","Approval/audit record showing the required gate or workflow was followed.","Pending independent review","Not started"
"REQ-040.06","REQ-040","Part 4","Definition of Done and User Feedback","L1747; L1759","Every feature should include: || Unit tests where appropriate","9f3bbe20d58716fffdfd5893e0ec7ca9e4db40fe2d1aa5cdde9ff51c151a8a77","Every feature includes unit tests where appropriate.","SHOULD","Governance","V1","REC","Shared","None stated by the Constitution","Workflow and audit evidence confirm this statement: “Every feature includes unit tests where appropriate.”","Phase 0 documentation/roadmap deliverable (identifier pending ODR-001)","Approval/audit record showing the required gate or workflow was followed.","Pending independent review","Not started"
"REQ-040.07","REQ-040","Part 4","Definition of Done and User Feedback","L1747; L1761","Every feature should include: || Integration tests where appropriate","f574a40eb1d9afab89acd6e8941e4338efc205bd86bb3f63aebc1c73030590b2","Every feature includes integration tests where appropriate.","SHOULD","Governance","V1","REC","Shared","None stated by the Constitution","Workflow and audit evidence confirm this statement: “Every feature includes integration tests where appropriate.”","Phase 0 documentation/roadmap deliverable (identifier pending ODR-001)","Approval/audit record showing the required gate or workflow was followed.","Pending independent review","Not started"
"REQ-040.08","REQ-040","Part 4","Definition of Done and User Feedback","L1763","No feature is considered complete until these requirements are met.","a584b8c62f82984d8b87d0a314c7d2f2c8ec2e2c72a245b38764b7823a2acfb4","A feature is not complete until its definition-of-done requirements are met.","MUST","Governance","V1","CD","Shared","None stated by the Constitution","Workflow and audit evidence confirm this statement: “A feature is not complete until its definition-of-done requirements are met.”","Phase 0 documentation/roadmap deliverable (identifier pending ODR-001)","Approval/audit record showing the required gate or workflow was followed.","Pending independent review","Not started"
"REQ-040.09","REQ-040","Part 4","Definition of Done and User Feedback","L1767–L1769","USER EXPERIENCE STANDARDS / Every user action should provide clear feedback.","b8a02f56530cdfe3edae3a9abf189f83f0f8ea3c4f79af979aa9f709833c2a59","Every user action provides clear feedback.","SHOULD","Governance","V1","REC","Frontend handoff","None stated by the Constitution","Workflow and audit evidence confirm this statement: “Every user action provides clear feedback.”","Frontend Product/Design Blueprint (frontend-owned; identifier pending ODR-001)","Approval/audit record showing the required gate or workflow was followed.","Pending independent review","Not started"
"REQ-040.10","REQ-040","Part 4","Definition of Done and User Feedback","L1771–L1781","Examples: / Success messages / Progress indicators / Validation errors / Helpful explanations / Confirmation dialogs for destructive actions","4b617ab5a4492a8c04b9b4892f2c4ce9c4452ae7028d5ec29991feb138eea4ad","Destructive user actions use confirmation dialogs.","SHOULD","Governance","V1","REC","Frontend handoff","None stated by the Constitution","Workflow and audit evidence confirm this statement: “Destructive user actions use confirmation dialogs.”","Frontend Product/Design Blueprint (frontend-owned; identifier pending ODR-001)","Approval/audit record showing the required gate or workflow was followed.","Pending independent review","Not started"
"REQ-040.11","REQ-040","Part 4","Definition of Done and User Feedback","L1783","Avoid ambiguous or silent failures.","8d648588c0d275510ddb887aeb3987bc5162ffe35fee7d08aed4e387d8e28a1c","The product avoids ambiguous or silent failures.","SHOULD","Governance","V1","REC","Shared","None stated by the Constitution","Workflow and audit evidence confirm this statement: “The product avoids ambiguous or silent failures.”","Phase 0 documentation/roadmap deliverable (identifier pending ODR-001)","Approval/audit record showing the required gate or workflow was followed.","Pending independent review","Not started"
"REQ-041.01","REQ-041","Part 4","Performance and Accessibility","L1789; L1791","The AI should optimize for: || Fast initial load","e8bf6396408bea958ad759909d8ccaeac9833b22641419f33121887a83262aaa","The platform is optimized for fast initial load.","SHOULD","Non-functional","V1","REC","Shared","None stated by the Constitution","A defined measurement or design review confirms this statement: “The platform is optimized for fast initial load.”","Business/Product/Technical Blueprint (identifier pending ODR-001)","Defined metric/standard plus measured result or documented review.","Pending independent review","Not started"
"REQ-041.02","REQ-041","Part 4","Performance and Accessibility","L1789; L1793","The AI should optimize for: || Responsive interactions","193388d380f1715c6ac95f9ee9c827448b2ea81735070a4c2556e5284575946b","The platform is optimized for responsive interactions.","SHOULD","Non-functional","V1","REC","Shared","None stated by the Constitution","A defined measurement or design review confirms this statement: “The platform is optimized for responsive interactions.”","Business/Product/Technical Blueprint (identifier pending ODR-001)","Defined metric/standard plus measured result or documented review.","Pending independent review","Not started"
"REQ-041.03","REQ-041","Part 4","Performance and Accessibility","L1789; L1795","The AI should optimize for: || Efficient asset loading","a374b2fb993743024a7071b426a2e2372190c72d8544280e1858b250e54697dc","The platform is optimized for efficient asset loading.","SHOULD","Non-functional","V1","REC","Frontend handoff","None stated by the Constitution","A defined measurement or design review confirms this statement: “The platform is optimized for efficient asset loading.”","Frontend Product/Design Blueprint (frontend-owned; identifier pending ODR-001)","Defined metric/standard plus measured result or documented review.","Pending independent review","Not started"
"REQ-041.04","REQ-041","Part 4","Performance and Accessibility","L1789; L1797","The AI should optimize for: || Optimized database queries","629a22a94e722d536e9be87b1e4e3bba858c41247aa0cee09fc9657861a532fa","The platform is optimized for database-query efficiency.","SHOULD","Non-functional","V1","REC","Database","None stated by the Constitution","A defined measurement or design review confirms this statement: “The platform is optimized for database-query efficiency.”","Business/Product/Technical Blueprint (identifier pending ODR-001)","Defined metric/standard plus measured result or documented review.","Pending independent review","Not started"
"REQ-041.05","REQ-041","Part 4","Performance and Accessibility","L1789; L1799","The AI should optimize for: || Minimal unnecessary network requests","227d0be642b41dd7d9d4d89e17d25c9057157cd55984f5b3b9d9471e727caab3","The platform minimizes unnecessary network requests.","SHOULD","Non-functional","V1","REC","Shared","None stated by the Constitution","A defined measurement or design review confirms this statement: “The platform minimizes unnecessary network requests.”","Business/Product/Technical Blueprint (identifier pending ODR-001)","Defined metric/standard plus measured result or documented review.","Pending independent review","Not started"
"REQ-041.06","REQ-041","Part 4","Performance and Accessibility","L1789; L1801","The AI should optimize for: || Background processing for long-running tasks where appropriate","84dcd0a45e3a8932c56122e8c143158695ce31150fec1b04ffb2011e9e75b35a","Long-running tasks use background processing where appropriate.","SHOULD","Non-functional","V1","REC","Backend","None stated by the Constitution","A defined measurement or design review confirms this statement: “Long-running tasks use background processing where appropriate.”","Business/Product/Technical Blueprint (identifier pending ODR-001)","Defined metric/standard plus measured result or documented review.","Pending independent review","Not started"
"REQ-041.07","REQ-041","Part 4","Performance and Accessibility","L1803","Performance should be considered from the beginning, not as an afterthought.","b8df95dbafe2a9f553d710307b7342800f8eb8aa83d0fa9f0d1858f7123f4aca","Performance is addressed from initial design rather than deferred.","SHOULD","Governance","V1","REC","Shared","None stated by the Constitution","Workflow and audit evidence confirm this statement: “Performance is addressed from initial design rather than deferred.”","Phase 0 documentation/roadmap deliverable (identifier pending ODR-001)","Approval/audit record showing the required gate or workflow was followed.","Pending independent review","Not started"
"REQ-041.08","REQ-041","Part 4","Performance and Accessibility","L1811; L1813","Include: || Keyboard navigation","86bb26ad353d3ab145cbed31311a6c217c7bd01d522ee20cb85107692596842e","The user interface supports keyboard navigation.","SHOULD","Non-functional","V1","REC","Frontend handoff","None stated by the Constitution","A defined measurement or design review confirms this statement: “The user interface supports keyboard navigation.”","Frontend Product/Design Blueprint (frontend-owned; identifier pending ODR-001)","Defined metric/standard plus measured result or documented review.","Pending independent review","Not started"
"REQ-041.09","REQ-041","Part 4","Performance and Accessibility","L1811; L1815","Include: || Proper labels","36c9d1d6f494745b7bcc217f69bc171887f5504532a39912d47e4aae7445463c","User-interface controls have proper labels.","SHOULD","Non-functional","V1","REC","Frontend handoff","None stated by the Constitution","A defined measurement or design review confirms this statement: “User-interface controls have proper labels.”","Frontend Product/Design Blueprint (frontend-owned; identifier pending ODR-001)","Defined metric/standard plus measured result or documented review.","Pending independent review","Not started"
"REQ-041.10","REQ-041","Part 4","Performance and Accessibility","L1811; L1817","Include: || Logical focus order","dd0c4a8a922a476febf159039c604e5fcd41bba6c2e61f6fee78a731b5e9a725","The user interface has a logical focus order.","SHOULD","Non-functional","V1","REC","Frontend handoff","None stated by the Constitution","A defined measurement or design review confirms this statement: “The user interface has a logical focus order.”","Frontend Product/Design Blueprint (frontend-owned; identifier pending ODR-001)","Defined metric/standard plus measured result or documented review.","Pending independent review","Not started"
"REQ-041.11","REQ-041","Part 4","Performance and Accessibility","L1811; L1819","Include: || Adequate color contrast","e968832eceb352f4e686e547d096afbb734c92da42aa7f52ea5190aba454aa59","The user interface has adequate color contrast.","SHOULD","Non-functional","V1","REC","Frontend handoff","None stated by the Constitution","A defined measurement or design review confirms this statement: “The user interface has adequate color contrast.”","Frontend Product/Design Blueprint (frontend-owned; identifier pending ODR-001)","Defined metric/standard plus measured result or documented review.","Pending independent review","Not started"
"REQ-041.12","REQ-041","Part 4","Performance and Accessibility","L1811; L1821","Include: || Screen reader support where practical","31307d5ac8e733f6dc877b31a7ce915ac1aca5bbb8939c2f79371e3ea32be0a0","The user interface supports screen readers where practical.","SHOULD","Non-functional","V1","REC","Frontend handoff","None stated by the Constitution","A defined measurement or design review confirms this statement: “The user interface supports screen readers where practical.”","Frontend Product/Design Blueprint (frontend-owned; identifier pending ODR-001)","Defined metric/standard plus measured result or documented review.","Pending independent review","Not started"
"REQ-041.13","REQ-041","Part 4","Performance and Accessibility","L1823","Accessibility should be part of the initial design.","a0228ada0ee8ad75662a7f71682d5d5a26dc32337afb4249dfcf3436045c8060","Accessibility is part of the initial design.","SHOULD","Non-functional","V1","REC","Frontend handoff","None stated by the Constitution","A defined measurement or design review confirms this statement: “Accessibility is part of the initial design.”","Frontend Product/Design Blueprint (frontend-owned; identifier pending ODR-001)","Defined metric/standard plus measured result or documented review.","Pending independent review","Not started"
"REQ-042.01","REQ-042","Part 4","Configuration Philosophy","L1827–L1829","CONFIGURATION PHILOSOPHY / Avoid hardcoded values whenever practical.","5b563567a292477643bf3cf5e5d61bf40a9dd8ee05494808a19711772fe26cf1","Values are not hardcoded whenever practical.","SHOULD","Business Rule","V1","CBR","Backend/Admin ERP","None stated by the Constitution","An acceptance test confirms this statement: “Values are not hardcoded whenever practical.”","Business/Product/Technical Blueprint (identifier pending ODR-001)","Passing business-rule test using controlled fixtures and expected outcomes.","Pending independent review","Not started"
"REQ-042.02","REQ-042","Part 4","Configuration Philosophy","L1831","Business rules that are likely to change should be configurable through the Super Admin Panel.","25d5eb86159ad003cb314d12c419068e123cfabcb9196dbbd1b87885b62a9285","Business rules likely to change are configurable through the Super Admin Panel.","SHOULD","Business Rule","V1","CBR","Backend/Admin ERP","None stated by the Constitution","An acceptance test confirms this statement: “Business rules likely to change are configurable through the Super Admin Panel.”","Business/Product/Technical Blueprint (identifier pending ODR-001)","Passing business-rule test using controlled fixtures and expected outcomes.","Pending independent review","Not started"
"REQ-042.03","REQ-042","Part 4","Configuration Philosophy","L1833; L1835","Examples include: || Points conversion","bfb65701dc1c8b6203767514b0ac087ddf0794abdf0d46000c88abb83d155436","Points conversion is configurable.","SHOULD","Business Rule","V1","CBR","Backend/Admin ERP","None stated by the Constitution","An acceptance test confirms this statement: “Points conversion is configurable.”","Business/Product/Technical Blueprint (identifier pending ODR-001)","Passing business-rule test using controlled fixtures and expected outcomes.","Pending independent review","Not started"
"REQ-042.04","REQ-042","Part 4","Configuration Philosophy","L1833; L1837","Examples include: || Withdrawal thresholds","d92b6b7e1614064da460eda8bc3bee5d44c79080864e6c6cb02dbf3f00e8f166","Withdrawal thresholds are configurable.","SHOULD","Business Rule","V1","CBR","Backend/Admin ERP","None stated by the Constitution","An acceptance test confirms this statement: “Withdrawal thresholds are configurable.”","Business/Product/Technical Blueprint (identifier pending ODR-001)","Passing business-rule test using controlled fixtures and expected outcomes.","Pending independent review","Not started"
"REQ-042.05","REQ-042","Part 4","Configuration Philosophy","L1833; L1839","Examples include: || Feature availability","3ada6128105a31898af4392fc41c8f4c9ce6db51bd33143d54031a90bc20c0f8","Feature availability is configurable.","SHOULD","Business Rule","V1","CBR","Backend/Admin ERP","None stated by the Constitution","An acceptance test confirms this statement: “Feature availability is configurable.”","Business/Product/Technical Blueprint (identifier pending ODR-001)","Passing business-rule test using controlled fixtures and expected outcomes.","Pending independent review","Not started"
"REQ-042.06","REQ-042","Part 4","Configuration Philosophy","L1833; L1841","Examples include: || Country availability","369ccb5188a8a347f3e29f2d19766ccf847c533e772e528b0128ad663e0e491e","Country availability is configurable.","SHOULD","Business Rule","V1","CBR","Backend/Admin ERP","None stated by the Constitution","An acceptance test confirms this statement: “Country availability is configurable.”","Business/Product/Technical Blueprint (identifier pending ODR-001)","Passing business-rule test using controlled fixtures and expected outcomes.","Pending independent review","Not started"
"REQ-042.07","REQ-042","Part 4","Configuration Philosophy","L1833; L1843","Examples include: || Notification templates","c277024a2d59d2ffaebc98d1e47a719caef12cfae2edb3c2c6de5a51f7a84455","Notification templates are configurable.","SHOULD","Business Rule","V1","CBR","Backend/Admin ERP","None stated by the Constitution","An acceptance test confirms this statement: “Notification templates are configurable.”","Business/Product/Technical Blueprint (identifier pending ODR-001)","Passing business-rule test using controlled fixtures and expected outcomes.","Pending independent review","Not started"
"REQ-042.08","REQ-042","Part 4","Configuration Philosophy","L1833; L1845","Examples include: || Announcement banners","2c3ee04bd82d350e2d229911fe04c30fb664df3263e2c03554782e1afa818f41","Announcement banners are configurable.","SHOULD","Business Rule","V1","CBR","Backend/Admin ERP","None stated by the Constitution","An acceptance test confirms this statement: “Announcement banners are configurable.”","Business/Product/Technical Blueprint (identifier pending ODR-001)","Passing business-rule test using controlled fixtures and expected outcomes.","Pending independent review","Not started"
"REQ-042.09","REQ-042","Part 4","Configuration Philosophy","L1833; L1847","Examples include: || Maintenance mode","8bfc8c29c0ba4c1aad7c622d43eb901928bacd88bdfcfe74b8fc8e92965c72ec","Maintenance mode is configurable.","SHOULD","Business Rule","V1","CBR","Backend/Admin ERP","None stated by the Constitution","An acceptance test confirms this statement: “Maintenance mode is configurable.”","Business/Product/Technical Blueprint (identifier pending ODR-001)","Passing business-rule test using controlled fixtures and expected outcomes.","Pending independent review","Not started"
"REQ-042.10","REQ-042","Part 4","Configuration Philosophy","L1833; L1849","Examples include: || Reward campaigns","ff081d383f6a9893886042ffda9dc5a6ddf6d1be469398b9b8b9ece742eceb2a","Reward campaigns are configurable.","SHOULD","Business Rule","V1","CBR","Backend/Admin ERP","None stated by the Constitution","An acceptance test confirms this statement: “Reward campaigns are configurable.”","Business/Product/Technical Blueprint (identifier pending ODR-001)","Passing business-rule test using controlled fixtures and expected outcomes.","Pending independent review","Not started"
"REQ-042.11","REQ-042","Part 4","Configuration Philosophy","L1833; L1851","Examples include: || Leaderboard settings","2df0157b27229561c14bd26a358857c17528b629d6c1704142e1ff994971d619","Leaderboard settings are configurable.","SHOULD","Business Rule","V1","CBR","Backend/Admin ERP","None stated by the Constitution","An acceptance test confirms this statement: “Leaderboard settings are configurable.”","Business/Product/Technical Blueprint (identifier pending ODR-001)","Passing business-rule test using controlled fixtures and expected outcomes.","Pending independent review","Not started"
"REQ-043.01","REQ-043","Part 4","Operational Analytics","L1855–L1857","ANALYTICS / The platform should measure meaningful operational metrics.","b508e647931b57f3114b8e3c4ee29d5494d70f118b030ffee21cb8cd5cb640e5","The platform measures meaningful operational metrics.","SHOULD","Functional","V1","CBR","Backend/Analytics","None stated by the Constitution","An acceptance test confirms this statement: “The platform measures meaningful operational metrics.”","Business/Product/Technical Blueprint (identifier pending ODR-001)","Passing functional test and relevant audit/event record where applicable.","Pending independent review","Not started"
"REQ-043.02","REQ-043","Part 4","Operational Analytics","L1859; L1861","Examples: || Daily Active Users","f10c40fed9fd1f1842b3628b3695673886a87af0e8e4d096a5a5671364c99075","Analytics measures daily active users.","SHOULD","Functional","V1","CBR","Backend/Analytics","None stated by the Constitution","An acceptance test confirms this statement: “Analytics measures daily active users.”","Business/Product/Technical Blueprint (identifier pending ODR-001)","Passing functional test and relevant audit/event record where applicable.","Pending independent review","Not started"
"REQ-043.03","REQ-043","Part 4","Operational Analytics","L1859; L1863","Examples: || Weekly Active Users","ae691227ae0f47d80b16850a742708ee162493e94e8e480d955aa2e33875c84b","Analytics measures weekly active users.","SHOULD","Functional","V1","CBR","Backend/Analytics","None stated by the Constitution","An acceptance test confirms this statement: “Analytics measures weekly active users.”","Business/Product/Technical Blueprint (identifier pending ODR-001)","Passing functional test and relevant audit/event record where applicable.","Pending independent review","Not started"
"REQ-043.04","REQ-043","Part 4","Operational Analytics","L1859; L1865","Examples: || Monthly Active Users","847b6ac6ee2b9b2930d9d51a4c3d256e26b0cde22587fadfbef0411465c99ee6","Analytics measures monthly active users.","SHOULD","Functional","V1","CBR","Backend/Analytics","None stated by the Constitution","An acceptance test confirms this statement: “Analytics measures monthly active users.”","Business/Product/Technical Blueprint (identifier pending ODR-001)","Passing functional test and relevant audit/event record where applicable.","Pending independent review","Not started"
"REQ-043.05","REQ-043","Part 4","Operational Analytics","L1859; L1867","Examples: || Registration Conversion","d33d8b52d2c9b63cf4118928cb83dfcd573bd4243fcc4d2707a9d345eaa8900e","Analytics measures registration conversion.","SHOULD","Functional","V1","CBR","Backend/Analytics","None stated by the Constitution","An acceptance test confirms this statement: “Analytics measures registration conversion.”","Business/Product/Technical Blueprint (identifier pending ODR-001)","Passing functional test and relevant audit/event record where applicable.","Pending independent review","Not started"
"REQ-043.06","REQ-043","Part 4","Operational Analytics","L1859; L1869","Examples: || Email Verification Rate","3a098212daf4ca68a5450ef86c38f1275f0e4e8f1a80720285e6a4006b37aa00","Analytics measures email-verification rate.","SHOULD","Functional","V1","CBR","Backend/Analytics","None stated by the Constitution","An acceptance test confirms this statement: “Analytics measures email-verification rate.”","Business/Product/Technical Blueprint (identifier pending ODR-001)","Passing functional test and relevant audit/event record where applicable.","Pending independent review","Not started"
"REQ-043.07","REQ-043","Part 4","Operational Analytics","L1859; L1871","Examples: || Survey Completion Rate","9ceb59405421ed29e37a3532e4411e1d7b5753337b1ab841a2f75b93e7155cb3","Analytics measures survey-completion rate.","SHOULD","Functional","V1","CBR","Backend/Analytics","None stated by the Constitution","An acceptance test confirms this statement: “Analytics measures survey-completion rate.”","Business/Product/Technical Blueprint (identifier pending ODR-001)","Passing functional test and relevant audit/event record where applicable.","Pending independent review","Not started"
"REQ-043.08","REQ-043","Part 4","Operational Analytics","L1859; L1873","Examples: || Withdrawal Request Rate","7ec4df79cdb507bb15483930fc3f4cdf96258b2e3182c8e2e66aa66418e1c366","Analytics measures withdrawal-request rate.","SHOULD","Functional","V1","CBR","Backend/Analytics","None stated by the Constitution","An acceptance test confirms this statement: “Analytics measures withdrawal-request rate.”","Business/Product/Technical Blueprint (identifier pending ODR-001)","Passing functional test and relevant audit/event record where applicable.","Pending independent review","Not started"
"REQ-043.09","REQ-043","Part 4","Operational Analytics","L1859; L1875","Examples: || Support Response Time","f66249710880a106c5fd552d827f363707912c5089a8c2498a40b818ac81105a","Analytics measures support-response time.","SHOULD","Functional","V1","CBR","Backend/Analytics","None stated by the Constitution","An acceptance test confirms this statement: “Analytics measures support-response time.”","Business/Product/Technical Blueprint (identifier pending ODR-001)","Passing functional test and relevant audit/event record where applicable.","Pending independent review","Not started"
"REQ-043.10","REQ-043","Part 4","Operational Analytics","L1859; L1877","Examples: || User Retention","be8cab380c8522dba098f9190f3f1a4a5584a75716e37e73cc1d4d51ea11163a","Analytics measures user retention.","SHOULD","Functional","V1","CBR","Backend/Analytics","None stated by the Constitution","An acceptance test confirms this statement: “Analytics measures user retention.”","Business/Product/Technical Blueprint (identifier pending ODR-001)","Passing functional test and relevant audit/event record where applicable.","Pending independent review","Not started"
"REQ-043.11","REQ-043","Part 4","Operational Analytics","L1859; L1879","Examples: || Blog Traffic","8f2d4d9811a324a0e08d4301d1c92ef25be43ef47daf627a588f444579b5dc84","Analytics measures blog traffic.","SHOULD","Functional","V1","CBR","Backend/Analytics","None stated by the Constitution","An acceptance test confirms this statement: “Analytics measures blog traffic.”","Business/Product/Technical Blueprint (identifier pending ODR-001)","Passing functional test and relevant audit/event record where applicable.","Pending independent review","Not started"
"REQ-043.12","REQ-043","Part 4","Operational Analytics","L1859; L1881","Examples: || Feature Usage","4a6e6a3bd0f8a0ad3bcb4501cd3ae32af32f83d83840849bc630dc2cc797a521","Analytics measures feature usage.","SHOULD","Functional","V1","CBR","Backend/Analytics","None stated by the Constitution","An acceptance test confirms this statement: “Analytics measures feature usage.”","Business/Product/Technical Blueprint (identifier pending ODR-001)","Passing functional test and relevant audit/event record where applicable.","Pending independent review","Not started"
"REQ-043.13","REQ-043","Part 4","Operational Analytics","L1883","Analytics should help improve the product rather than simply collect data.","3ef5e619c34fca91dea5cd8d46e5240d5c99322b0b93162030f422c0b941c67a","Analytics collection is tied to product-improvement purposes.","SHOULD","Compliance","V1","REC","Backend/Analytics","EFE-003","An acceptance test confirms this statement: “Analytics collection is tied to product-improvement purposes.”","Security, Fraud & Compliance deliverable (identifier pending ODR-001)","Control mapping, authoritative evidence, and review record.","Pending independent review","Not started"
"REQ-044.01","REQ-044","Part 4","Error Handling and Background Processing","L1889; L1891","Unexpected errors should be: || Logged","f7b40684743bf9139471ba7be74c7891818260b8a9c0ee012b30bc5b882e5473","Unexpected errors are logged.","SHOULD","Operational","V1","REC","Backend","None stated by the Constitution","Operational execution or recovery evidence confirms this statement: “Unexpected errors are logged.”","Infrastructure, DevOps & Operations deliverable (identifier pending ODR-001)","Runbook/configuration plus execution, monitoring, or recovery evidence.","Pending independent review","Not started"
"REQ-044.02","REQ-044","Part 4","Error Handling and Background Processing","L1889; L1893","Unexpected errors should be: || Traceable","e15486bf7cbb6f7228f5a56b25af0b3093157406ef90dc0a54d5af841b6007eb","Unexpected errors are traceable.","SHOULD","Operational","V1","REC","Backend","None stated by the Constitution","Operational execution or recovery evidence confirms this statement: “Unexpected errors are traceable.”","Infrastructure, DevOps & Operations deliverable (identifier pending ODR-001)","Runbook/configuration plus execution, monitoring, or recovery evidence.","Pending independent review","Not started"
"REQ-044.03","REQ-044","Part 4","Error Handling and Background Processing","L1889; L1895","Unexpected errors should be: || Actionable","1b4f07aa33ba0df0950a62cd2b2e4c5ed5df852ea4d53d6452f624a9acae401d","Unexpected errors are actionable.","SHOULD","Operational","V1","REC","Backend","None stated by the Constitution","Operational execution or recovery evidence confirms this statement: “Unexpected errors are actionable.”","Infrastructure, DevOps & Operations deliverable (identifier pending ODR-001)","Runbook/configuration plus execution, monitoring, or recovery evidence.","Pending independent review","Not started"
"REQ-044.04","REQ-044","Part 4","Error Handling and Background Processing","L1889; L1897","Unexpected errors should be: || User-friendly","a6d8073bb3eccbf78028a6034c98c10b979175ec67dee63e222b452e1c423fc1","Unexpected errors are user-friendly.","SHOULD","Operational","V1","REC","Shared","None stated by the Constitution","Operational execution or recovery evidence confirms this statement: “Unexpected errors are user-friendly.”","Infrastructure, DevOps & Operations deliverable (identifier pending ODR-001)","Runbook/configuration plus execution, monitoring, or recovery evidence.","Pending independent review","Not started"
"REQ-044.05","REQ-044","Part 4","Error Handling and Background Processing","L1899","Users should never see raw system errors.","2dfe79fe95733e8912b9b13fd08b0610d5be26dc57e51003d23c23947b753521","Users never see raw system errors.","SHOULD","Security","V1","REC","Shared","None stated by the Constitution","Security review and negative-path tests confirm this statement: “Users never see raw system errors.”","Security, Fraud & Compliance deliverable (identifier pending ODR-001)","Threat-control mapping plus passing security/negative-path test evidence.","Pending independent review","Not started"
"REQ-044.06","REQ-044","Part 4","Error Handling and Background Processing","L1901","Administrators should have sufficient diagnostic information to investigate issues.","0df9b227f094a64066c921c218cbc0a6f70e14cb91c25d0eb83676c32bf856c0","Administrators receive sufficient diagnostic information to investigate issues.","SHOULD","Operational","V1","REC","Backend","None stated by the Constitution","Operational execution or recovery evidence confirms this statement: “Administrators receive sufficient diagnostic information to investigate issues.”","Infrastructure, DevOps & Operations deliverable (identifier pending ODR-001)","Runbook/configuration plus execution, monitoring, or recovery evidence.","Pending independent review","Not started"
"REQ-044.07","REQ-044","Part 4","Error Handling and Background Processing","L1905–L1907","BACKGROUND PROCESSING / Long-running or scheduled tasks should be separated from the main user request flow where appropriate.","e30f9e20bef836d24db1ae764cc142523e21c5192ae1269a7228c17eda51648c","Long-running or scheduled tasks are separated from the main request flow where appropriate.","SHOULD","Operational","V1","REC","Backend","None stated by the Constitution","Operational execution or recovery evidence confirms this statement: “Long-running or scheduled tasks are separated from the main request flow where appropriate.”","Infrastructure, DevOps & Operations deliverable (identifier pending ODR-001)","Runbook/configuration plus execution, monitoring, or recovery evidence.","Pending independent review","Not started"
"REQ-044.08","REQ-044","Part 4","Error Handling and Background Processing","L1909–L1921","Examples: / Email sending / Notification processing / Scheduled synchronization / Data cleanup / Report generation / Maintenance routines","7d4d05d7c5f1a8eb6fee0ea34d67932bd19e468d73f2f65a7b7a0b3652d3dfa0","The background-processing design covers email, notifications, scheduled synchronization, cleanup, reporting, and maintenance workloads.","SHOULD","Operational","V1","REC","Backend","None stated by the Constitution","Operational execution or recovery evidence confirms this statement: “The background-processing design covers email, notifications, scheduled synchronization, cleanup, reporting, and maintenance workloads.”","Infrastructure, DevOps & Operations deliverable (identifier pending ODR-001)","Runbook/configuration plus execution, monitoring, or recovery evidence.","Pending independent review","Not started"
"REQ-044.09","REQ-044","Part 4","Error Handling and Background Processing","L1923","The AI should recommend the most suitable architecture for these workloads based on the selected infrastructure.","0f144384cde7c0bfdfb43d59ac9aecc874aaca6f2761d1f671a91906b7fcb640","The selected background-processing architecture is justified against the selected infrastructure.","SHOULD","Documentation","Pre-implementation deliverable","REC","Backend","None stated by the Constitution","The named artifact exists, addresses this statement, and is traceable to the cited lines: “The selected background-processing architecture is justified against the selected infrastructure.”","Phase 0 documentation/roadmap deliverable (identifier pending ODR-001)","Versioned artifact plus reviewer sign-off and citation trace.","Pending independent review","Not started"
"REQ-045.01","REQ-045","Part 4","Release, Backup, and Continuous Improvement","L1927–L1929","RELEASE MANAGEMENT / Adopt a phased release strategy.","1005918b21dd0e0ad411ebc6564a3498d52d371912e64c989fa493b80c870bb0","The platform uses a phased release strategy.","SHOULD","Operational","V1","REC","DevOps/Operations","None stated by the Constitution","Operational execution or recovery evidence confirms this statement: “The platform uses a phased release strategy.”","Infrastructure, DevOps & Operations deliverable (identifier pending ODR-001)","Runbook/configuration plus execution, monitoring, or recovery evidence.","Pending independent review","Not started"
"REQ-045.02","REQ-045","Part 4","Release, Backup, and Continuous Improvement","L1931–L1941","Suggested phases: / Alpha (internal) / Closed Beta / Open Beta / Public Launch / Incremental feature releases","9d746769f916ba69cff0b037c0c78ad9f377d8044b2de0ce4eeb0fadecec85ee","Release planning evaluates internal alpha, closed beta, open beta, public launch, and incremental releases.","MAY","Documentation","Pre-implementation deliverable","REC","DevOps/Operations","None stated by the Constitution","The named artifact exists, addresses this statement, and is traceable to the cited lines: “Release planning evaluates internal alpha, closed beta, open beta, public launch, and incremental releases.”","Phase 0 documentation/roadmap deliverable (identifier pending ODR-001)","Versioned artifact plus reviewer sign-off and citation trace.","Pending independent review","Not started"
"REQ-045.03","REQ-045","Part 4","Release, Backup, and Continuous Improvement","L1943; L1945","Every release should include: || Release notes","da8db6c6cf0db60358be8b1f9cdf998ef889dc4f2cc258e26d424441b716ee0e","Every release includes release notes.","SHOULD","Operational","V1","REC","DevOps/Operations","None stated by the Constitution","Operational execution or recovery evidence confirms this statement: “Every release includes release notes.”","Infrastructure, DevOps & Operations deliverable (identifier pending ODR-001)","Runbook/configuration plus execution, monitoring, or recovery evidence.","Pending independent review","Not started"
"REQ-045.04","REQ-045","Part 4","Release, Backup, and Continuous Improvement","L1943; L1947","Every release should include: || Testing checklist","1aeda515b7217354d02f55c3a8a6e499ed6b97cbf998e0e1fae3f211aa7b09e3","Every release includes a testing checklist.","SHOULD","Operational","V1","REC","DevOps/Operations","None stated by the Constitution","Operational execution or recovery evidence confirms this statement: “Every release includes a testing checklist.”","Infrastructure, DevOps & Operations deliverable (identifier pending ODR-001)","Runbook/configuration plus execution, monitoring, or recovery evidence.","Pending independent review","Not started"
"REQ-045.05","REQ-045","Part 4","Release, Backup, and Continuous Improvement","L1943; L1949","Every release should include: || Rollback plan","10504c3a37cf5c93073567a67f614c2155a7f510d8abb0b5fe95e4d1202073b0","Every release includes a rollback plan.","SHOULD","Operational","V1","REC","DevOps/Operations","None stated by the Constitution","Operational execution or recovery evidence confirms this statement: “Every release includes a rollback plan.”","Infrastructure, DevOps & Operations deliverable (identifier pending ODR-001)","Runbook/configuration plus execution, monitoring, or recovery evidence.","Pending independent review","Not started"
"REQ-045.06","REQ-045","Part 4","Release, Backup, and Continuous Improvement","L1943; L1951","Every release should include: || Monitoring plan","0dac4eac51bd5b79ab43762813c04c9cf44aaf00d0d31480672c5cf8579158f5","Every release includes a monitoring plan.","SHOULD","Operational","V1","REC","DevOps/Operations","None stated by the Constitution","Operational execution or recovery evidence confirms this statement: “Every release includes a monitoring plan.”","Infrastructure, DevOps & Operations deliverable (identifier pending ODR-001)","Runbook/configuration plus execution, monitoring, or recovery evidence.","Pending independent review","Not started"
"REQ-045.07","REQ-045","Part 4","Release, Backup, and Continuous Improvement","L1955–L1957","BACKUP & RECOVERY / The system should include a documented backup and recovery strategy.","7c2c25b57c6aed57a78edd591b348ef4a867f3bb378c9dd95f84974b16c0711f","The system has a documented backup and recovery strategy.","SHOULD","Documentation","Pre-implementation deliverable","REC","DevOps/Operations","None stated by the Constitution","The named artifact exists, addresses this statement, and is traceable to the cited lines: “The system has a documented backup and recovery strategy.”","Phase 0 documentation/roadmap deliverable (identifier pending ODR-001)","Versioned artifact plus reviewer sign-off and citation trace.","Pending independent review","Not started"
"REQ-045.08","REQ-045","Part 4","Release, Backup, and Continuous Improvement","L1959–L1969","Consider: / Database backups / Configuration backups / File storage backups / Recovery testing / Recovery objectives","94f4417f0b3f8a53014dc799c1912f76312f47ceb675f6e2a520072b5392c276","The backup and recovery strategy evaluates database, configuration, and file-storage backups, recovery testing, and recovery objectives.","SHOULD","Documentation","Pre-implementation deliverable","REC","DevOps/Operations","None stated by the Constitution","The named artifact exists, addresses this statement, and is traceable to the cited lines: “The backup and recovery strategy evaluates database, configuration, and file-storage backups, recovery testing, and recovery objectives.”","Phase 0 documentation/roadmap deliverable (identifier pending ODR-001)","Versioned artifact plus reviewer sign-off and citation trace.","Pending independent review","Not started"
"REQ-045.09","REQ-045","Part 4","Release, Backup, and Continuous Improvement","L1971","The AI should recommend an approach suitable for the chosen infrastructure.","063601bef30171f27b7c0cc64cf5eafaffee24b71e4acf6addc11bb7bbf6d5c9","The backup and recovery approach is suitable for the selected infrastructure.","SHOULD","Documentation","Pre-implementation deliverable","REC","DevOps/Operations","None stated by the Constitution","The named artifact exists, addresses this statement, and is traceable to the cited lines: “The backup and recovery approach is suitable for the selected infrastructure.”","Phase 0 documentation/roadmap deliverable (identifier pending ODR-001)","Versioned artifact plus reviewer sign-off and citation trace.","Pending independent review","Not started"
"REQ-045.10","REQ-045","Part 4","Release, Backup, and Continuous Improvement","L1975–L1989","CONTINUOUS IMPROVEMENT / Treat the platform as an evolving product. / Regularly review: / User feedback / Support requests / Analytics / Performance metrics / Security findings","5fdf0d92ed31e0c77af7cd272754a503181b064a5ce81c865a54e97a149faa33","The product regularly reviews user feedback, support requests, analytics, performance metrics, and security findings.","SHOULD","Governance","V1","REC","DevOps/Operations","None stated by the Constitution","Workflow and audit evidence confirm this statement: “The product regularly reviews user feedback, support requests, analytics, performance metrics, and security findings.”","Phase 0 documentation/roadmap deliverable (identifier pending ODR-001)","Approval/audit record showing the required gate or workflow was followed.","Pending independent review","Not started"
"REQ-045.11","REQ-045","Part 4","Release, Backup, and Continuous Improvement","L1991","Use these insights to prioritize future improvements.","6f95a28d36cf4d349c64ebbce462a45558e41642cd0e5145b87a5f681c813d8e","Review insights are used to prioritize future improvements.","SHOULD","Governance","V1","REC","DevOps/Operations","None stated by the Constitution","Workflow and audit evidence confirm this statement: “Review insights are used to prioritize future improvements.”","Phase 0 documentation/roadmap deliverable (identifier pending ODR-001)","Approval/audit record showing the required gate or workflow was followed.","Pending independent review","Not started"
"REQ-046.01","REQ-046","Part 4","Final Engineering Directive","L1995–L1999","FINAL DIRECTIVE TO THE AI / Do not optimize for writing code quickly. / Optimize for building a platform that could realistically grow into a high-quality, maintainable, and trustworthy rewards platform over many years.","7176a181c7016295d7f023a356b13f7182e6d54f6ebf364bc7cdb894bae04683","Delivery is optimized for long-term quality, maintainability, and trust rather than coding speed.","MUST","Governance","Pre-implementation deliverable","CD","Shared governance","None stated by the Constitution","Workflow and audit evidence confirm this statement: “Delivery is optimized for long-term quality, maintainability, and trust rather than coding speed.”","Phase 0 documentation/roadmap deliverable (identifier pending ODR-001)","Approval/audit record showing the required gate or workflow was followed.","Pending independent review","Not started"
"REQ-046.02","REQ-046","Part 4","Final Engineering Directive","L2001","If you identify a substantially better solution than the initial assumptions, explain the reasoning, outline the trade-offs, and recommend the improved approach before implementation.","b9c7669c6299e2142ee29870ae9f5563a0cef33a42411664577859134f7da22f","When a substantially better solution exists, reasoning and trade-offs are documented and the improvement is recommended before implementation.","MUST","Governance","Pre-implementation deliverable","CD","Shared governance","None stated by the Constitution","Workflow and audit evidence confirm this statement: “When a substantially better solution exists, reasoning and trade-offs are documented and the improvement is recommended before implementation.”","Phase 0 documentation/roadmap deliverable (identifier pending ODR-001)","Approval/audit record showing the required gate or workflow was followed.","Pending independent review","Not started"
"REQ-047.01","REQ-047","Part 5","Database Philosophy and Objectives","L2037–L2042","DATABASE PHILOSOPHY / The database is the foundation of the entire platform. / Every table, relationship, column, index, and constraint must exist for a clear business purpose.","0475f09af72a83af225befc164550987c4d2bb6f3c8dc77856be73cfe40a4227","Every table has a clear business purpose.","MUST","Data","Pre-implementation deliverable","CD","Database","None stated by the Constitution","Schema, constraint, and data-level tests confirm this statement: “Every table has a clear business purpose.”","Database Architecture & Data Model deliverable (identifier pending ODR-001)","Schema/migration evidence plus automated integrity tests.","Pending independent review","Not started"
"REQ-047.02","REQ-047","Part 5","Database Philosophy and Objectives","L2041","Every table, relationship, column, index, and constraint must exist for a clear business purpose.","7d610e7b255e4e178ecb5c339415ec5e3f9d70210e3b5367bc293a44f7170da7","Every relationship has a clear business purpose.","MUST","Data","Pre-implementation deliverable","CD","Database","None stated by the Constitution","Schema, constraint, and data-level tests confirm this statement: “Every relationship has a clear business purpose.”","Database Architecture & Data Model deliverable (identifier pending ODR-001)","Schema/migration evidence plus automated integrity tests.","Pending independent review","Not started"
"REQ-047.03","REQ-047","Part 5","Database Philosophy and Objectives","L2041","Every table, relationship, column, index, and constraint must exist for a clear business purpose.","7d610e7b255e4e178ecb5c339415ec5e3f9d70210e3b5367bc293a44f7170da7","Every column has a clear business purpose.","MUST","Data","Pre-implementation deliverable","CD","Database","None stated by the Constitution","Schema, constraint, and data-level tests confirm this statement: “Every column has a clear business purpose.”","Database Architecture & Data Model deliverable (identifier pending ODR-001)","Schema/migration evidence plus automated integrity tests.","Pending independent review","Not started"
"REQ-047.04","REQ-047","Part 5","Database Philosophy and Objectives","L2041","Every table, relationship, column, index, and constraint must exist for a clear business purpose.","7d610e7b255e4e178ecb5c339415ec5e3f9d70210e3b5367bc293a44f7170da7","Every index has a clear business purpose.","MUST","Data","Pre-implementation deliverable","CD","Database","None stated by the Constitution","Schema, constraint, and data-level tests confirm this statement: “Every index has a clear business purpose.”","Database Architecture & Data Model deliverable (identifier pending ODR-001)","Schema/migration evidence plus automated integrity tests.","Pending independent review","Not started"
"REQ-047.05","REQ-047","Part 5","Database Philosophy and Objectives","L2041","Every table, relationship, column, index, and constraint must exist for a clear business purpose.","7d610e7b255e4e178ecb5c339415ec5e3f9d70210e3b5367bc293a44f7170da7","Every constraint has a clear business purpose.","MUST","Data","Pre-implementation deliverable","CD","Database","None stated by the Constitution","Schema, constraint, and data-level tests confirm this statement: “Every constraint has a clear business purpose.”","Database Architecture & Data Model deliverable (identifier pending ODR-001)","Schema/migration evidence plus automated integrity tests.","Pending independent review","Not started"
"REQ-047.06","REQ-047","Part 5","Database Philosophy and Objectives","L2043","Do not create unnecessary tables.","aa26ca8183f5c7c5648a10ba062d0be7e0d0475ae56a4c658122a7b94792e347","The design avoids unnecessary tables.","MUST","Data","Pre-implementation deliverable","CD","Database","None stated by the Constitution","Schema, constraint, and data-level tests confirm this statement: “The design avoids unnecessary tables.”","Database Architecture & Data Model deliverable (identifier pending ODR-001)","Schema/migration evidence plus automated integrity tests.","Pending independent review","Not started"
"REQ-047.07","REQ-047","Part 5","Database Philosophy and Objectives","L2045","Do not duplicate data without justification.","d0a5b658ff4cdccd72478d58b531369635d58413e1e73ad566adc9f6e9804a15","The design avoids duplicated data unless justified.","MUST","Data","Pre-implementation deliverable","CD","Database","None stated by the Constitution","Schema, constraint, and data-level tests confirm this statement: “The design avoids duplicated data unless justified.”","Database Architecture & Data Model deliverable (identifier pending ODR-001)","Schema/migration evidence plus automated integrity tests.","Pending independent review","Not started"
"REQ-047.08","REQ-047","Part 5","Database Philosophy and Objectives","L2047","Design the database for long-term scalability, maintainability, integrity, and performance.","fd66b98be8fce12790ab642bce15d9050e144076d3312c142ebdbba0b79c0315","The database is designed for long-term scalability, maintainability, integrity, and performance.","MUST","Data","Pre-implementation deliverable","CD","Database","None stated by the Constitution","Schema, constraint, and data-level tests confirm this statement: “The database is designed for long-term scalability, maintainability, integrity, and performance.”","Database Architecture & Data Model deliverable (identifier pending ODR-001)","Schema/migration evidence plus automated integrity tests.","Pending independent review","Not started"
"REQ-047.09","REQ-047","Part 5","Database Philosophy and Objectives","L2049","The schema should support future product growth without requiring major redesign.","9d375ef7ec36a489975608611bc7606523099e6d4b2df2992b178720b296c09d","The schema supports future product growth without major redesign.","SHOULD","Data","Future","FRR","Database","None stated by the Constitution","Schema, constraint, and data-level tests confirm this statement: “The schema supports future product growth without major redesign.”","Database Architecture & Data Model deliverable (identifier pending ODR-001)","Schema/migration evidence plus automated integrity tests.","Pending independent review","Not started"
"REQ-047.10","REQ-047","Part 5","Database Philosophy and Objectives","L2055; L2057","The database must provide: || High performance","194ad228bb8ced50056b2fb4c34cdfc880df2dad8ad19ee69927dc563b7bff42","The database provides high performance.","MUST","Data","Pre-implementation deliverable","CD","Database","None stated by the Constitution","Schema, constraint, and data-level tests confirm this statement: “The database provides high performance.”","Database Architecture & Data Model deliverable (identifier pending ODR-001)","Schema/migration evidence plus automated integrity tests.","Pending independent review","Not started"
"REQ-047.11","REQ-047","Part 5","Database Philosophy and Objectives","L2055; L2059","The database must provide: || Strong consistency","bb5c0a7a488450206f1aa9020a2c57ae31218332068649488b6882a977d72a3b","The database provides strong consistency.","MUST","Data","Pre-implementation deliverable","CD","Database","None stated by the Constitution","Schema, constraint, and data-level tests confirm this statement: “The database provides strong consistency.”","Database Architecture & Data Model deliverable (identifier pending ODR-001)","Schema/migration evidence plus automated integrity tests.","Pending independent review","Not started"
"REQ-047.12","REQ-047","Part 5","Database Philosophy and Objectives","L2055; L2061","The database must provide: || Excellent maintainability","8908e0bc22171b04da746263780980653593f2d4b2e5f21b3889a1d76283428d","The database provides excellent maintainability.","MUST","Data","Pre-implementation deliverable","CD","Database","None stated by the Constitution","Schema, constraint, and data-level tests confirm this statement: “The database provides excellent maintainability.”","Database Architecture & Data Model deliverable (identifier pending ODR-001)","Schema/migration evidence plus automated integrity tests.","Pending independent review","Not started"
"REQ-047.13","REQ-047","Part 5","Database Philosophy and Objectives","L2055; L2063","The database must provide: || Data integrity","f99f45f7a0881777fbe8211f63a78fe9f6091007b2d624cb10404a0dfae28694","The database provides data integrity.","MUST","Data","Pre-implementation deliverable","CD","Database","None stated by the Constitution","Schema, constraint, and data-level tests confirm this statement: “The database provides data integrity.”","Database Architecture & Data Model deliverable (identifier pending ODR-001)","Schema/migration evidence plus automated integrity tests.","Pending independent review","Not started"
"REQ-047.14","REQ-047","Part 5","Database Philosophy and Objectives","L2055; L2065","The database must provide: || Easy migrations","f88d660791ba3c6a922f83f43c282f07e6690a8e2947b2680ecc82994301fabb","The database supports easy migrations.","MUST","Data","Pre-implementation deliverable","CD","Database","None stated by the Constitution","Schema, constraint, and data-level tests confirm this statement: “The database supports easy migrations.”","Database Architecture & Data Model deliverable (identifier pending ODR-001)","Schema/migration evidence plus automated integrity tests.","Pending independent review","Not started"
"REQ-047.15","REQ-047","Part 5","Database Philosophy and Objectives","L2055; L2067","The database must provide: || Easy backups","95db6294b7adfea6da7b1650fd320918e3d444da8e9e036fbfab5858729febed","The database supports easy backups.","MUST","Data","Pre-implementation deliverable","CD","Database","None stated by the Constitution","Schema, constraint, and data-level tests confirm this statement: “The database supports easy backups.”","Database Architecture & Data Model deliverable (identifier pending ODR-001)","Schema/migration evidence plus automated integrity tests.","Pending independent review","Not started"
"REQ-047.16","REQ-047","Part 5","Database Philosophy and Objectives","L2055; L2069","The database must provide: || Clear relationships","a70ef3ad1900c1af1f67fd927237e24d87f8465ebdab46b40b5db9147681a1a6","The database provides clear relationships.","MUST","Data","Pre-implementation deliverable","CD","Database","None stated by the Constitution","Schema, constraint, and data-level tests confirm this statement: “The database provides clear relationships.”","Database Architecture & Data Model deliverable (identifier pending ODR-001)","Schema/migration evidence plus automated integrity tests.","Pending independent review","Not started"
"REQ-047.17","REQ-047","Part 5","Database Philosophy and Objectives","L2055; L2071","The database must provide: || Future extensibility","2bab63935a48932d5b172c00f07db9efa520fbcb564bada9a92d343caa2e63b0","The database provides future extensibility.","MUST","Data","Future","FRR","Database","None stated by the Constitution","Schema, constraint, and data-level tests confirm this statement: “The database provides future extensibility.”","Database Architecture & Data Model deliverable (identifier pending ODR-001)","Schema/migration evidence plus automated integrity tests.","Pending independent review","Not started"
"REQ-047.18","REQ-047","Part 5","Database Philosophy and Objectives","L2055; L2073","The database must provide: || Auditability","f1f06d16e3f6cff82aa916f43adde8ce9b2f4b3a70b9d5b30332f7b4bfcfb877","The database provides auditability.","MUST","Data","Pre-implementation deliverable","CD","Database","None stated by the Constitution","Schema, constraint, and data-level tests confirm this statement: “The database provides auditability.”","Database Architecture & Data Model deliverable (identifier pending ODR-001)","Schema/migration evidence plus automated integrity tests.","Pending independent review","Not started"
"REQ-047.19","REQ-047","Part 5","Database Philosophy and Objectives","L2055; L2075","The database must provide: || Security","4fb1ddb0af0cd5cfb41e7c700b1e0db3c218f967ca85e3affc66f0fc52d09a8c","The database provides security.","MUST","Security","Pre-implementation deliverable","CD","Database","None stated by the Constitution","Security review and negative-path tests confirm this statement: “The database provides security.”","Security, Fraud & Compliance deliverable (identifier pending ODR-001)","Threat-control mapping plus passing security/negative-path test evidence.","Pending independent review","Not started"
"REQ-048.01","REQ-048","Part 5","Database Design Principles and Specification","L2079–L2083","DATABASE DESIGN PRINCIPLES / Follow these principles: / Normalize appropriately (typically up to Third Normal Form unless justified otherwise).","eaef12b7eac57bc5adcaf1782b2af1e9b84677e5b97ac2af74e6217238f51fc6","The schema is normalized appropriately, typically through Third Normal Form unless deviation is justified.","MUST","Data","Pre-implementation deliverable","CD","Database","None stated by the Constitution","Schema, constraint, and data-level tests confirm this statement: “The schema is normalized appropriately, typically through Third Normal Form unless deviation is justified.”","Database Architecture & Data Model deliverable (identifier pending ODR-001)","Schema/migration evidence plus automated integrity tests.","Pending independent review","Not started"
"REQ-048.02","REQ-048","Part 5","Database Design Principles and Specification","L2085","Use primary and foreign keys consistently.","777061a8d10aa5439336837f5717e4fa9d4f9866c305adc8ef300d56d386f10f","Primary and foreign keys are used consistently.","MUST","Data","Pre-implementation deliverable","CD","Database","None stated by the Constitution","Schema, constraint, and data-level tests confirm this statement: “Primary and foreign keys are used consistently.”","Database Architecture & Data Model deliverable (identifier pending ODR-001)","Schema/migration evidence plus automated integrity tests.","Pending independent review","Not started"
"REQ-048.03","REQ-048","Part 5","Database Design Principles and Specification","L2087","Enforce referential integrity where appropriate.","756e0adbf3884bf4c814d0e24d381ad0a5d91d464f7c0f06de395d244b8fc856","Referential integrity is enforced where appropriate.","MUST","Data","Pre-implementation deliverable","CD","Database","None stated by the Constitution","Schema, constraint, and data-level tests confirm this statement: “Referential integrity is enforced where appropriate.”","Database Architecture & Data Model deliverable (identifier pending ODR-001)","Schema/migration evidence plus automated integrity tests.","Pending independent review","Not started"
"REQ-048.04","REQ-048","Part 5","Database Design Principles and Specification","L2089","Use indexes thoughtfully based on expected query patterns.","2bfd1977d89092f9bab7abc59541d5401c1f3c1e456e1d011641133b25482589","Indexes are selected from expected query patterns.","MUST","Data","Pre-implementation deliverable","CD","Database","None stated by the Constitution","Schema, constraint, and data-level tests confirm this statement: “Indexes are selected from expected query patterns.”","Database Architecture & Data Model deliverable (identifier pending ODR-001)","Schema/migration evidence plus automated integrity tests.","Pending independent review","Not started"
"REQ-048.05","REQ-048","Part 5","Database Design Principles and Specification","L2091","Avoid premature optimization.","2efbc5119ac75e9a6389345b8a80f424095788fe3c5f6e011bd824d8de12806e","The database design avoids premature optimization.","MUST","Data","Pre-implementation deliverable","CD","Database","None stated by the Constitution","Schema, constraint, and data-level tests confirm this statement: “The database design avoids premature optimization.”","Database Architecture & Data Model deliverable (identifier pending ODR-001)","Schema/migration evidence plus automated integrity tests.","Pending independent review","Not started"
"REQ-048.06","REQ-048","Part 5","Database Design Principles and Specification","L2093","Avoid storing derived values unless there is a measurable performance benefit and a strategy for keeping them synchronized.","d6213fc57bb78f4fbc22dd83f49b571a9d6cc235aebc4079f343074c6b1acc70","Derived values are not stored unless measurable performance benefit and synchronization strategy are documented.","MUST","Data","Pre-implementation deliverable","CD","Database","None stated by the Constitution","Schema, constraint, and data-level tests confirm this statement: “Derived values are not stored unless measurable performance benefit and synchronization strategy are documented.”","Database Architecture & Data Model deliverable (identifier pending ODR-001)","Schema/migration evidence plus automated integrity tests.","Pending independent review","Not started"
"REQ-048.07","REQ-048","Part 5","Database Design Principles and Specification","L2097–L2099","DATABASE DOCUMENTATION / Before implementation, generate a complete database specification that includes:","f6e6fd82e7615a14f87b4d9ce144daa4949c2b26f712c409aa257193fca2e2fb","A complete database specification is generated before implementation.","MUST","Documentation","Pre-implementation deliverable","CD","Database","None stated by the Constitution","The named artifact exists, addresses this statement, and is traceable to the cited lines: “A complete database specification is generated before implementation.”","Phase 0 documentation/roadmap deliverable (identifier pending ODR-001)","Versioned artifact plus reviewer sign-off and citation trace.","Pending independent review","Not started"
"REQ-048.08","REQ-048","Part 5","Database Design Principles and Specification","L2099; L2101","Before implementation, generate a complete database specification that includes: || Entity descriptions","b5b0a5394002f7082c5fe0241e812097d22f97d63f2b4dec055a501bdce04699","The database specification includes entity descriptions.","MUST","Documentation","Pre-implementation deliverable","CD","Database","None stated by the Constitution","The named artifact exists, addresses this statement, and is traceable to the cited lines: “The database specification includes entity descriptions.”","Phase 0 documentation/roadmap deliverable (identifier pending ODR-001)","Versioned artifact plus reviewer sign-off and citation trace.","Pending independent review","Not started"
"REQ-048.09","REQ-048","Part 5","Database Design Principles and Specification","L2099; L2103","Before implementation, generate a complete database specification that includes: || Business purpose","1cdaea65cd0264bed55a41415f5a8d2f38c3b166750a62b33d2b64ef85323c4e","The database specification includes each entity’s business purpose.","MUST","Documentation","Pre-implementation deliverable","CD","Database","None stated by the Constitution","The named artifact exists, addresses this statement, and is traceable to the cited lines: “The database specification includes each entity’s business purpose.”","Phase 0 documentation/roadmap deliverable (identifier pending ODR-001)","Versioned artifact plus reviewer sign-off and citation trace.","Pending independent review","Not started"
"REQ-048.10","REQ-048","Part 5","Database Design Principles and Specification","L2099; L2105","Before implementation, generate a complete database specification that includes: || Relationships","68bfd8b1d9cb56ac19284a31374a1f156a4345c025840d2f3b2b17e0c877ae1a","The database specification includes relationships.","MUST","Documentation","Pre-implementation deliverable","CD","Database","None stated by the Constitution","The named artifact exists, addresses this statement, and is traceable to the cited lines: “The database specification includes relationships.”","Phase 0 documentation/roadmap deliverable (identifier pending ODR-001)","Versioned artifact plus reviewer sign-off and citation trace.","Pending independent review","Not started"
"REQ-048.11","REQ-048","Part 5","Database Design Principles and Specification","L2099; L2107","Before implementation, generate a complete database specification that includes: || Cardinality","1d88cde84532211ea11531d3831c10173d55eaf3ba8944e199b4234878c6c4aa","The database specification includes cardinality.","MUST","Documentation","Pre-implementation deliverable","CD","Database","None stated by the Constitution","The named artifact exists, addresses this statement, and is traceable to the cited lines: “The database specification includes cardinality.”","Phase 0 documentation/roadmap deliverable (identifier pending ODR-001)","Versioned artifact plus reviewer sign-off and citation trace.","Pending independent review","Not started"
"REQ-048.12","REQ-048","Part 5","Database Design Principles and Specification","L2099; L2109","Before implementation, generate a complete database specification that includes: || Data ownership","162e630cbb1f472b7b9c1e96b691ca9f80ed24a19488f7f67d019154965781f8","The database specification includes data ownership.","MUST","Documentation","Pre-implementation deliverable","CD","Database","None stated by the Constitution","The named artifact exists, addresses this statement, and is traceable to the cited lines: “The database specification includes data ownership.”","Phase 0 documentation/roadmap deliverable (identifier pending ODR-001)","Versioned artifact plus reviewer sign-off and citation trace.","Pending independent review","Not started"
"REQ-048.13","REQ-048","Part 5","Database Design Principles and Specification","L2099; L2111","Before implementation, generate a complete database specification that includes: || Constraints","67e1f5b13d0cd1615dd863dabaae9e4b6eacc6bc2b12f5de51e456d5f8769d6e","The database specification includes constraints.","MUST","Documentation","Pre-implementation deliverable","CD","Database","None stated by the Constitution","The named artifact exists, addresses this statement, and is traceable to the cited lines: “The database specification includes constraints.”","Phase 0 documentation/roadmap deliverable (identifier pending ODR-001)","Versioned artifact plus reviewer sign-off and citation trace.","Pending independent review","Not started"
"REQ-048.14","REQ-048","Part 5","Database Design Principles and Specification","L2099; L2113","Before implementation, generate a complete database specification that includes: || Index strategy","0db4d4c6a36ae46904c12826b60c57ade3d628fcfd2afed7a6d2814fcfdae0e7","The database specification includes index strategy.","MUST","Documentation","Pre-implementation deliverable","CD","Database","None stated by the Constitution","The named artifact exists, addresses this statement, and is traceable to the cited lines: “The database specification includes index strategy.”","Phase 0 documentation/roadmap deliverable (identifier pending ODR-001)","Versioned artifact plus reviewer sign-off and citation trace.","Pending independent review","Not started"
"REQ-048.15","REQ-048","Part 5","Database Design Principles and Specification","L2099; L2115","Before implementation, generate a complete database specification that includes: || Retention considerations","b5692f2e76202c8bcf82057541189116e4c4b5a3fdda09f4c2f74aec0417918c","The database specification includes retention considerations.","MUST","Documentation","Pre-implementation deliverable","CD","Database","None stated by the Constitution","The named artifact exists, addresses this statement, and is traceable to the cited lines: “The database specification includes retention considerations.”","Phase 0 documentation/roadmap deliverable (identifier pending ODR-001)","Versioned artifact plus reviewer sign-off and citation trace.","Pending independent review","Not started"
"REQ-048.16","REQ-048","Part 5","Database Design Principles and Specification","L2099; L2117","Before implementation, generate a complete database specification that includes: || Migration considerations","48d012c1746788016b78a5fb4faeaeaef90d5211fc1eb5b6dac1c720c513190c","The database specification includes migration considerations.","MUST","Documentation","Pre-implementation deliverable","CD","Database","None stated by the Constitution","The named artifact exists, addresses this statement, and is traceable to the cited lines: “The database specification includes migration considerations.”","Phase 0 documentation/roadmap deliverable (identifier pending ODR-001)","Versioned artifact plus reviewer sign-off and citation trace.","Pending independent review","Not started"
"REQ-048.17","REQ-048","Part 5","Database Design Principles and Specification","L2119","Also generate an Entity Relationship Diagram (ERD).","832d1ba8279041f989df199875751eb55d46f01b9b1678f605a7efe4b798b3d4","An Entity Relationship Diagram is generated before implementation.","MUST","Documentation","Pre-implementation deliverable","CD","Database","None stated by the Constitution","The named artifact exists, addresses this statement, and is traceable to the cited lines: “An Entity Relationship Diagram is generated before implementation.”","Phase 0 documentation/roadmap deliverable (identifier pending ODR-001)","Versioned artifact plus reviewer sign-off and citation trace.","Pending independent review","Not started"
"REQ-049.01","REQ-049","Part 5","Identity, Authentication, and Profile Data Domains","L2123–L2125","CORE BUSINESS DOMAINS / The AI should organize the data model into logical domains.","4c07a65434d6b539e064bf7972552991b7b33505e3b4f14cac0636dd053acfc4","The data model is organized into logical business domains.","SHOULD","Data","Pre-implementation deliverable","REC","Database","None stated by the Constitution","Schema, constraint, and data-level tests confirm this statement: “The data model is organized into logical business domains.”","Database Architecture & Data Model deliverable (identifier pending ODR-001)","Schema/migration evidence plus automated integrity tests.","Pending independent review","Not started"
"REQ-049.02","REQ-049","Part 5","Identity, Authentication, and Profile Data Domains","L2127–L2143","Examples include: / Identity & Authentication / Users / Credentials / Sessions / Email Verification / Password Reset / Login History / Devices","b162e1ca898fc84db0513f32f770544fb7479bff9f20dad46b9488d0de60da28","The identity and authentication domain evaluates users, credentials, sessions, email verification, password reset, login history, and devices as distinct concerns.","MAY","Data","Pre-implementation deliverable","REC","Database","None stated by the Constitution","Schema, constraint, and data-level tests confirm this statement: “The identity and authentication domain evaluates users, credentials, sessions, email verification, password reset, login history, and devices as distinct concerns.”","Database Architecture & Data Model deliverable (identifier pending ODR-001)","Schema/migration evidence plus automated integrity tests.","Pending independent review","Not started"
"REQ-049.03","REQ-049","Part 5","Identity, Authentication, and Profile Data Domains","L2149; L2151","Store information such as: || Public profile","71c08f7dc41bcd9c8819cdd3b3054357d8a110cc7fcda869aee5b0f266aba364","The user-profile model can store a public profile.","SHOULD","Data","Pre-implementation deliverable","REC","Database","None stated by the Constitution","Schema, constraint, and data-level tests confirm this statement: “The user-profile model can store a public profile.”","Database Architecture & Data Model deliverable (identifier pending ODR-001)","Schema/migration evidence plus automated integrity tests.","Pending independent review","Not started"
"REQ-049.04","REQ-049","Part 5","Identity, Authentication, and Profile Data Domains","L2149; L2153","Store information such as: || Country","433f6a8430f8205c3083142b44603880a11f0576a7e0a1d840293a04cca6d21c","The user-profile model can store country.","SHOULD","Data","Pre-implementation deliverable","REC","Database","None stated by the Constitution","Schema, constraint, and data-level tests confirm this statement: “The user-profile model can store country.”","Database Architecture & Data Model deliverable (identifier pending ODR-001)","Schema/migration evidence plus automated integrity tests.","Pending independent review","Not started"
"REQ-049.05","REQ-049","Part 5","Identity, Authentication, and Profile Data Domains","L2149; L2155","Store information such as: || Time zone","3a682fefd6efb8fa470a82f7f6ddd8071551397ba2ba2060b5f05c552ad9bad8","The user-profile model can store time zone.","SHOULD","Data","Pre-implementation deliverable","REC","Database","None stated by the Constitution","Schema, constraint, and data-level tests confirm this statement: “The user-profile model can store time zone.”","Database Architecture & Data Model deliverable (identifier pending ODR-001)","Schema/migration evidence plus automated integrity tests.","Pending independent review","Not started"
"REQ-049.06","REQ-049","Part 5","Identity, Authentication, and Profile Data Domains","L2149; L2157","Store information such as: || Currency display preference","198b232f285cd04e80bbe341718db2b28e2e63cf09235f0ac905ba24c804711d","The user-profile model can store currency-display preference.","SHOULD","Data","Pre-implementation deliverable","REC","Database","None stated by the Constitution","Schema, constraint, and data-level tests confirm this statement: “The user-profile model can store currency-display preference.”","Database Architecture & Data Model deliverable (identifier pending ODR-001)","Schema/migration evidence plus automated integrity tests.","Pending independent review","Not started"
"REQ-049.07","REQ-049","Part 5","Identity, Authentication, and Profile Data Domains","L2149; L2159","Store information such as: || Notification preferences","56375dd0589f679e6f850a24cbc7a437d540d493b42d3c889baf5b713936b6ba","The user-profile model can store notification preferences.","SHOULD","Data","Pre-implementation deliverable","REC","Database","None stated by the Constitution","Schema, constraint, and data-level tests confirm this statement: “The user-profile model can store notification preferences.”","Database Architecture & Data Model deliverable (identifier pending ODR-001)","Schema/migration evidence plus automated integrity tests.","Pending independent review","Not started"
"REQ-049.08","REQ-049","Part 5","Identity, Authentication, and Profile Data Domains","L2149; L2161","Store information such as: || Account status","8bba3b0ea2b4c382ffe5b9c9b26ab1ee194328942a224b74d97fe7a96fedf6ec","The user-profile model can store account status.","SHOULD","Data","Pre-implementation deliverable","REC","Database","None stated by the Constitution","Schema, constraint, and data-level tests confirm this statement: “The user-profile model can store account status.”","Database Architecture & Data Model deliverable (identifier pending ODR-001)","Schema/migration evidence plus automated integrity tests.","Pending independent review","Not started"
"REQ-049.09","REQ-049","Part 5","Identity, Authentication, and Profile Data Domains","L2163","Only collect data that is necessary for the platform.","353c09e89d0bfc5fac49cd997cc28b697c978a55572f89e7244cee57f838220c","The platform collects only profile data necessary for platform operation.","MUST","Compliance","Pre-implementation deliverable","CD","Database","EFE-003","An acceptance test confirms this statement: “The platform collects only profile data necessary for platform operation.”","Security, Fraud & Compliance deliverable (identifier pending ODR-001)","Control mapping, authoritative evidence, and review record.","Pending independent review","Not started"
"REQ-050.01","REQ-050","Part 5","Wallet Data Domain","L2169; L2171","Support: || Reward Points","1a18d65c257b3665b6bc90da3c40ee2383b4747f72c72a7cd569540cea28c354","The wallet data model supports reward points.","MUST","Data","V1","CD","Database/Backend","None stated by the Constitution","Schema, constraint, and data-level tests confirm this statement: “The wallet data model supports reward points.”","Database Architecture & Data Model deliverable (identifier pending ODR-001)","Schema/migration evidence plus automated integrity tests.","Pending independent review","Not started"
"REQ-050.02","REQ-050","Part 5","Wallet Data Domain","L2169; L2173","Support: || USD balances","b1eb66330462e8c06569e35beb540a2580c9f1e54e37fb920ae60e671cdf2b54","The wallet data model supports USD balances.","MUST","Data","V1","CD","Database/Backend","None stated by the Constitution","Schema, constraint, and data-level tests confirm this statement: “The wallet data model supports USD balances.”","Database Architecture & Data Model deliverable (identifier pending ODR-001)","Schema/migration evidence plus automated integrity tests.","Pending independent review","Not started"
"REQ-050.03","REQ-050","Part 5","Wallet Data Domain","L2169; L2175","Support: || Pending balances","549119544ed4f4214e24f1424383ec9b3fcb39ba14ceece51ff8baa998e0d89b","The wallet data model supports pending balances.","MUST","Data","V1","CD","Database/Backend","None stated by the Constitution","Schema, constraint, and data-level tests confirm this statement: “The wallet data model supports pending balances.”","Database Architecture & Data Model deliverable (identifier pending ODR-001)","Schema/migration evidence plus automated integrity tests.","Pending independent review","Not started"
"REQ-050.04","REQ-050","Part 5","Wallet Data Domain","L2169; L2177","Support: || Validated balances","97cc47291a18863395f570771307e291c04fa2dfe54bc0bf23631acbd2fb5ea4","The wallet data model supports validated balances.","MUST","Data","V1","CD","Database/Backend","None stated by the Constitution","Schema, constraint, and data-level tests confirm this statement: “The wallet data model supports validated balances.”","Database Architecture & Data Model deliverable (identifier pending ODR-001)","Schema/migration evidence plus automated integrity tests.","Pending independent review","Not started"
"REQ-050.05","REQ-050","Part 5","Wallet Data Domain","L2169; L2179","Support: || Mature balances","8c574e5546e1fca60341648e5182f425234e06c1a27a33ccb16245a45f130699","The wallet data model supports mature balances.","MUST","Data","V1","CD","Database/Backend","None stated by the Constitution","Schema, constraint, and data-level tests confirm this statement: “The wallet data model supports mature balances.”","Database Architecture & Data Model deliverable (identifier pending ODR-001)","Schema/migration evidence plus automated integrity tests.","Pending independent review","Not started"
"REQ-050.06","REQ-050","Part 5","Wallet Data Domain","L2169; L2181","Support: || Withdrawable balances","428138d8256ba66edcbe35decb55d57f9e998868d33e9558d29fa140bcb392c8","The wallet data model supports withdrawable balances.","MUST","Data","V1","CD","Database/Backend","None stated by the Constitution","Schema, constraint, and data-level tests confirm this statement: “The wallet data model supports withdrawable balances.”","Database Architecture & Data Model deliverable (identifier pending ODR-001)","Schema/migration evidence plus automated integrity tests.","Pending independent review","Not started"
"REQ-050.07","REQ-050","Part 5","Wallet Data Domain","L2169; L2183","Support: || Transaction history","d4c318e18ce225cd756f93bb21ba7738f43b98c54a4880465f511e0983886afe","The wallet data model supports transaction history.","MUST","Data","V1","CD","Database/Backend","None stated by the Constitution","Schema, constraint, and data-level tests confirm this statement: “The wallet data model supports transaction history.”","Database Architecture & Data Model deliverable (identifier pending ODR-001)","Schema/migration evidence plus automated integrity tests.","Pending independent review","Not started"
"REQ-050.08","REQ-050","Part 5","Wallet Data Domain","L2169; L2185","Support: || Adjustment history","75e90c3e74f78114581fe92c15972763090f7f8aa17bc2593c6c60c4cf760bb8","The wallet data model supports adjustment history.","MUST","Data","V1","CD","Database/Backend","None stated by the Constitution","Schema, constraint, and data-level tests confirm this statement: “The wallet data model supports adjustment history.”","Database Architecture & Data Model deliverable (identifier pending ODR-001)","Schema/migration evidence plus automated integrity tests.","Pending independent review","Not started"
"REQ-050.09","REQ-050","Part 5","Wallet Data Domain","L2187","All financial changes should be traceable through transactions rather than by directly editing balances.","dca5d16c12f67d92558f0ad744f2f927d0ad79c39c546bc596d6d8676ea179a0","Financial changes are traceable through transactions instead of direct balance edits.","SHOULD","Business Rule","V1","CBR","Database/Backend","None stated by the Constitution","An acceptance test confirms this statement: “Financial changes are traceable through transactions instead of direct balance edits.”","Business/Product/Technical Blueprint (identifier pending ODR-001)","Passing business-rule test using controlled fixtures and expected outcomes.","Pending independent review","Not started"
"REQ-051.01","REQ-051","Part 5","Survey Data Domain","L2191–L2193","Survey Domain / Design the schema to support multiple providers through a common abstraction.","5b0e8578d4028aa861f12a48abb124ab0c056e6d62dba33978842ebf6f0064ee","The survey schema supports multiple providers through a common abstraction.","MUST","Data","V1","CD","Database/Backend","None stated by the Constitution","Schema, constraint, and data-level tests confirm this statement: “The survey schema supports multiple providers through a common abstraction.”","Database Architecture & Data Model deliverable (identifier pending ODR-001)","Schema/migration evidence plus automated integrity tests.","Pending independent review","Not started"
"REQ-051.02","REQ-051","Part 5","Survey Data Domain","L2195; L2197","Track information such as: || Survey availability","a231636fb1b091c9920f77e26b8643b4c277c6fa0cf1b67cb9ee4585322748bb","The survey data model tracks survey availability.","MUST","Data","V1","CD","Database/Backend","None stated by the Constitution","Schema, constraint, and data-level tests confirm this statement: “The survey data model tracks survey availability.”","Database Architecture & Data Model deliverable (identifier pending ODR-001)","Schema/migration evidence plus automated integrity tests.","Pending independent review","Not started"
"REQ-051.03","REQ-051","Part 5","Survey Data Domain","L2195; L2199","Track information such as: || User participation","c587ce5f6305c25a49b548211f12145e1237fc03bf0606c357f792fafff458cd","The survey data model tracks user participation.","MUST","Data","V1","CD","Database/Backend","None stated by the Constitution","Schema, constraint, and data-level tests confirm this statement: “The survey data model tracks user participation.”","Database Architecture & Data Model deliverable (identifier pending ODR-001)","Schema/migration evidence plus automated integrity tests.","Pending independent review","Not started"
"REQ-051.04","REQ-051","Part 5","Survey Data Domain","L2195; L2201","Track information such as: || Status","d0bc1418c33c2542ceda88d37cd62a3173986da49b53a8355d94809dc5b8d6f7","The survey data model tracks status.","MUST","Data","V1","CD","Database/Backend","None stated by the Constitution","Schema, constraint, and data-level tests confirm this statement: “The survey data model tracks status.”","Database Architecture & Data Model deliverable (identifier pending ODR-001)","Schema/migration evidence plus automated integrity tests.","Pending independent review","Not started"
"REQ-051.05","REQ-051","Part 5","Survey Data Domain","L2195; L2203","Track information such as: || Reward","1b97274e40d52c296bb34b68f489c13ea8135e564e4707fb1b8af30c24934987","The survey data model tracks reward.","MUST","Data","V1","CD","Database/Backend","None stated by the Constitution","Schema, constraint, and data-level tests confirm this statement: “The survey data model tracks reward.”","Database Architecture & Data Model deliverable (identifier pending ODR-001)","Schema/migration evidence plus automated integrity tests.","Pending independent review","Not started"
"REQ-051.06","REQ-051","Part 5","Survey Data Domain","L2195; L2205","Track information such as: || Completion timestamps","af6901a478230fb56d1ea8d377a0654b73b357c7862754207a0720b567b4ec6c","The survey data model tracks completion timestamps.","MUST","Data","V1","CD","Database/Backend","None stated by the Constitution","Schema, constraint, and data-level tests confirm this statement: “The survey data model tracks completion timestamps.”","Database Architecture & Data Model deliverable (identifier pending ODR-001)","Schema/migration evidence plus automated integrity tests.","Pending independent review","Not started"
"REQ-051.07","REQ-051","Part 5","Survey Data Domain","L2195; L2207","Track information such as: || Validation status","0b972c2869493420f0c8dcc226297a220e384b9f3ce22444367ffbe68a368163","The survey data model tracks validation status.","MUST","Data","V1","CD","Database/Backend","None stated by the Constitution","Schema, constraint, and data-level tests confirm this statement: “The survey data model tracks validation status.”","Database Architecture & Data Model deliverable (identifier pending ODR-001)","Schema/migration evidence plus automated integrity tests.","Pending independent review","Not started"
"REQ-051.08","REQ-051","Part 5","Survey Data Domain","L2209","The exact implementation should respect provider requirements.","8640a72d6451699d31c450526fc33fada44237845c1249fe92be8b5bdc496f0b","The survey-schema implementation respects provider requirements.","SHOULD","Compliance","V1","REC","Database/Backend","EFE-001","An acceptance test confirms this statement: “The survey-schema implementation respects provider requirements.”","Security, Fraud & Compliance deliverable (identifier pending ODR-001)","Control mapping, authoritative evidence, and review record.","Pending independent review","Not started"
"REQ-052.01","REQ-052","Part 5","Withdrawal Data Domain","L2215; L2217","Track: || Requests","79011cd34136f339014a3d3923ef586b7d9fc68a65f40cad95bb9ec81ee32481","The withdrawal data model tracks requests.","MUST","Data","V1","CD","Database/Backend","None stated by the Constitution","Schema, constraint, and data-level tests confirm this statement: “The withdrawal data model tracks requests.”","Database Architecture & Data Model deliverable (identifier pending ODR-001)","Schema/migration evidence plus automated integrity tests.","Pending independent review","Not started"
"REQ-052.02","REQ-052","Part 5","Withdrawal Data Domain","L2215; L2219","Track: || Status","dbd8cb6c5cb6b4d3ef17f0da077522caede170c4e326f2bb539afd46bf8007a4","The withdrawal data model tracks status.","MUST","Data","V1","CD","Database/Backend","None stated by the Constitution","Schema, constraint, and data-level tests confirm this statement: “The withdrawal data model tracks status.”","Database Architecture & Data Model deliverable (identifier pending ODR-001)","Schema/migration evidence plus automated integrity tests.","Pending independent review","Not started"
"REQ-052.03","REQ-052","Part 5","Withdrawal Data Domain","L2215; L2221","Track: || Amount","fd984ab2824de747d42357ad658c68ba5da590a46dfbed2ad606a1ad16fee260","The withdrawal data model tracks amount.","MUST","Data","V1","CD","Database/Backend","None stated by the Constitution","Schema, constraint, and data-level tests confirm this statement: “The withdrawal data model tracks amount.”","Database Architecture & Data Model deliverable (identifier pending ODR-001)","Schema/migration evidence plus automated integrity tests.","Pending independent review","Not started"
"REQ-052.04","REQ-052","Part 5","Withdrawal Data Domain","L2215; L2223","Track: || Points","73a15b281dadd13c2f3f8ede1cbb7d4f4baabdef1470f811bbec881db99cc592","The withdrawal data model tracks points.","MUST","Data","V1","CD","Database/Backend","None stated by the Constitution","Schema, constraint, and data-level tests confirm this statement: “The withdrawal data model tracks points.”","Database Architecture & Data Model deliverable (identifier pending ODR-001)","Schema/migration evidence plus automated integrity tests.","Pending independent review","Not started"
"REQ-052.05","REQ-052","Part 5","Withdrawal Data Domain","L2215; L2225","Track: || Currency","93538e0235cea2524c87c250d2e04e81a3aaa717667c6801bd2583a114553aa0","The withdrawal data model tracks currency.","MUST","Data","V1","CD","Database/Backend","None stated by the Constitution","Schema, constraint, and data-level tests confirm this statement: “The withdrawal data model tracks currency.”","Database Architecture & Data Model deliverable (identifier pending ODR-001)","Schema/migration evidence plus automated integrity tests.","Pending independent review","Not started"
"REQ-052.06","REQ-052","Part 5","Withdrawal Data Domain","L2215; L2227","Track: || Payment method","5e47a8bf4250c5ab9c5b45518120d7c0561c77ba005e5450b2068094327561cf","The withdrawal data model tracks payment method.","MUST","Data","V1","CD","Database/Backend","None stated by the Constitution","Schema, constraint, and data-level tests confirm this statement: “The withdrawal data model tracks payment method.”","Database Architecture & Data Model deliverable (identifier pending ODR-001)","Schema/migration evidence plus automated integrity tests.","Pending independent review","Not started"
"REQ-052.07","REQ-052","Part 5","Withdrawal Data Domain","L2215; L2229","Track: || Processing timestamps","a5e067074d3d309ab8f7f66d8e403c39730eb83e254050355e28304b892b3e85","The withdrawal data model tracks processing timestamps.","MUST","Data","V1","CD","Database/Backend","None stated by the Constitution","Schema, constraint, and data-level tests confirm this statement: “The withdrawal data model tracks processing timestamps.”","Database Architecture & Data Model deliverable (identifier pending ODR-001)","Schema/migration evidence plus automated integrity tests.","Pending independent review","Not started"
"REQ-052.08","REQ-052","Part 5","Withdrawal Data Domain","L2215; L2231","Track: || References","9944d0bc10d246540bd8f9238a5aaa948aea752acafc38199548d0d5195e2f9a","The withdrawal data model tracks references.","MUST","Data","V1","CD","Database/Backend","None stated by the Constitution","Schema, constraint, and data-level tests confirm this statement: “The withdrawal data model tracks references.”","Database Architecture & Data Model deliverable (identifier pending ODR-001)","Schema/migration evidence plus automated integrity tests.","Pending independent review","Not started"
"REQ-052.09","REQ-052","Part 5","Withdrawal Data Domain","L2215; L2233","Track: || Administrative actions","a4cb855e5d8f57c872b3524417513ab36134164a8e9dfbb95194e9eb69ac6c8f","The withdrawal data model tracks administrative actions.","MUST","Data","V1","CD","Database/Backend","None stated by the Constitution","Schema, constraint, and data-level tests confirm this statement: “The withdrawal data model tracks administrative actions.”","Database Architecture & Data Model deliverable (identifier pending ODR-001)","Schema/migration evidence plus automated integrity tests.","Pending independent review","Not started"
"REQ-052.10","REQ-052","Part 5","Withdrawal Data Domain","L2235","The history should be immutable wherever practical.","889598123f24d0ab709f8ff9f8da637f8bfc7c85698ac6bfe030a0f7b9fba06b","Withdrawal history is immutable wherever practical.","SHOULD","Data","V1","REC","Database/Backend","None stated by the Constitution","Schema, constraint, and data-level tests confirm this statement: “Withdrawal history is immutable wherever practical.”","Database Architecture & Data Model deliverable (identifier pending ODR-001)","Schema/migration evidence plus automated integrity tests.","Pending independent review","Not started"
"REQ-053.01","REQ-053","Part 5","Notification and Support Data Domains","L2241; L2243","Support: || In-app notifications","0fae32cdecb4fdc0e5539254154545dec7cc8ff2eaa1f29010856cd35381d781","The notification model supports in-app notifications.","MUST","Data","V1","CD","Database/Backend","None stated by the Constitution","Schema, constraint, and data-level tests confirm this statement: “The notification model supports in-app notifications.”","Database Architecture & Data Model deliverable (identifier pending ODR-001)","Schema/migration evidence plus automated integrity tests.","Pending independent review","Not started"
"REQ-053.02","REQ-053","Part 5","Notification and Support Data Domains","L2241; L2245","Support: || Email notifications","6bc442ca6bddcef85c7c407b78caf04e7622ac5c18afa64fab44714169d9f7cf","The notification model supports email notifications.","MUST","Data","V1","CD","Database/Backend","None stated by the Constitution","Schema, constraint, and data-level tests confirm this statement: “The notification model supports email notifications.”","Database Architecture & Data Model deliverable (identifier pending ODR-001)","Schema/migration evidence plus automated integrity tests.","Pending independent review","Not started"
"REQ-053.03","REQ-053","Part 5","Notification and Support Data Domains","L2241; L2247","Support: || Delivery status","1533897fed5679066ba82426a99a164c88478ea6cbc3fbfd39fd7c5f84a5a8aa","The notification model records delivery status.","MUST","Data","V1","CD","Database/Backend","None stated by the Constitution","Schema, constraint, and data-level tests confirm this statement: “The notification model records delivery status.”","Database Architecture & Data Model deliverable (identifier pending ODR-001)","Schema/migration evidence plus automated integrity tests.","Pending independent review","Not started"
"REQ-053.04","REQ-053","Part 5","Notification and Support Data Domains","L2241; L2249","Support: || Read status","251a18d7e5185cbf46e343e4b41029a9f639855b0f6e7e9db817ba367433f6de","The notification model records read status.","MUST","Data","V1","CD","Database/Backend","None stated by the Constitution","Schema, constraint, and data-level tests confirm this statement: “The notification model records read status.”","Database Architecture & Data Model deliverable (identifier pending ODR-001)","Schema/migration evidence plus automated integrity tests.","Pending independent review","Not started"
"REQ-053.05","REQ-053","Part 5","Notification and Support Data Domains","L2241; L2251","Support: || Categories","de30db021800d8282e84d74e9fff498044df18ea7566ec056a22d7866d2713fa","The notification model records categories.","MUST","Data","V1","CD","Database/Backend","None stated by the Constitution","Schema, constraint, and data-level tests confirm this statement: “The notification model records categories.”","Database Architecture & Data Model deliverable (identifier pending ODR-001)","Schema/migration evidence plus automated integrity tests.","Pending independent review","Not started"
"REQ-053.06","REQ-053","Part 5","Notification and Support Data Domains","L2253","The architecture should allow future expansion to push notifications.","ac65efb2f85ef6859ea114635f37df1ce065ea60903a9e5eaa6592ed3ee6cb53","The notification data architecture permits future push notifications.","SHOULD","Data","Future","FRR","Database/Backend","None stated by the Constitution","Schema, constraint, and data-level tests confirm this statement: “The notification data architecture permits future push notifications.”","Database Architecture & Data Model deliverable (identifier pending ODR-001)","Schema/migration evidence plus automated integrity tests.","Pending independent review","Not started"
"REQ-053.07","REQ-053","Part 5","Notification and Support Data Domains","L2259; L2261","Support: || Tickets","974858075f610411db112a9900f742b0d1563aff6ef81c667cdb0b7039bf2c8a","The support model supports tickets.","MUST","Data","V1","CD","Database/Backend","None stated by the Constitution","Schema, constraint, and data-level tests confirm this statement: “The support model supports tickets.”","Database Architecture & Data Model deliverable (identifier pending ODR-001)","Schema/migration evidence plus automated integrity tests.","Pending independent review","Not started"
"REQ-053.08","REQ-053","Part 5","Notification and Support Data Domains","L2259; L2263","Support: || Conversations","07723d77a88a42191bf5b5ad667b8fb56edb3517909adf23ff4c185921e82d1a","The support model supports conversations.","MUST","Data","V1","CD","Database/Backend","None stated by the Constitution","Schema, constraint, and data-level tests confirm this statement: “The support model supports conversations.”","Database Architecture & Data Model deliverable (identifier pending ODR-001)","Schema/migration evidence plus automated integrity tests.","Pending independent review","Not started"
"REQ-053.09","REQ-053","Part 5","Notification and Support Data Domains","L2259; L2265","Support: || Attachments","6229af7f985986258604b60097494af332a527f269a27be68121ba2b853c96ae","The support model supports attachments.","MUST","Data","V1","CD","Database/Backend","None stated by the Constitution","Schema, constraint, and data-level tests confirm this statement: “The support model supports attachments.”","Database Architecture & Data Model deliverable (identifier pending ODR-001)","Schema/migration evidence plus automated integrity tests.","Pending independent review","Not started"
"REQ-053.10","REQ-053","Part 5","Notification and Support Data Domains","L2259; L2267","Support: || Categories","de30db021800d8282e84d74e9fff498044df18ea7566ec056a22d7866d2713fa","The support model supports categories.","MUST","Data","V1","CD","Database/Backend","None stated by the Constitution","Schema, constraint, and data-level tests confirm this statement: “The support model supports categories.”","Database Architecture & Data Model deliverable (identifier pending ODR-001)","Schema/migration evidence plus automated integrity tests.","Pending independent review","Not started"
"REQ-053.11","REQ-053","Part 5","Notification and Support Data Domains","L2259; L2269","Support: || Priorities","2fd88b6e1ad18bc257beaaf266739f827fd6b4a0784283a5f1b91149ab10703d","The support model supports priorities.","MUST","Data","V1","CD","Database/Backend","None stated by the Constitution","Schema, constraint, and data-level tests confirm this statement: “The support model supports priorities.”","Database Architecture & Data Model deliverable (identifier pending ODR-001)","Schema/migration evidence plus automated integrity tests.","Pending independent review","Not started"
"REQ-053.12","REQ-053","Part 5","Notification and Support Data Domains","L2259; L2271","Support: || Status history","57d66f9518de31058ba21b9c417821d5274ba0baf2fafbd68aa7bafdc86c10e8","The support model supports status history.","MUST","Data","V1","CD","Database/Backend","None stated by the Constitution","Schema, constraint, and data-level tests confirm this statement: “The support model supports status history.”","Database Architecture & Data Model deliverable (identifier pending ODR-001)","Schema/migration evidence plus automated integrity tests.","Pending independent review","Not started"
"REQ-053.13","REQ-053","Part 5","Notification and Support Data Domains","L2259; L2273","Support: || Internal notes","8ad91cbb810016b8071feb844427b99ba86d13780940ed6ca987da24d75be04f","The support model supports internal notes.","MUST","Data","V1","CD","Database/Backend","None stated by the Constitution","Schema, constraint, and data-level tests confirm this statement: “The support model supports internal notes.”","Database Architecture & Data Model deliverable (identifier pending ODR-001)","Schema/migration evidence plus automated integrity tests.","Pending independent review","Not started"
"REQ-053.14","REQ-053","Part 5","Notification and Support Data Domains","L2275","Maintain a complete audit trail.","9cbdd61d1abc8282a150d92cbe93456c0a8034bdc30b45dd9de147c21635e3c5","The support domain maintains a complete audit trail.","MUST","Data","V1","CD","Database/Backend","None stated by the Constitution","Schema, constraint, and data-level tests confirm this statement: “The support domain maintains a complete audit trail.”","Database Architecture & Data Model deliverable (identifier pending ODR-001)","Schema/migration evidence plus automated integrity tests.","Pending independent review","Not started"
"REQ-054.01","REQ-054","Part 5","CMS, Leaderboard, Audit, and Analytics Data Domains","L2281; L2283","Support management of: || Static pages","2ce5f95b4cdd6ae2f6697159174132283ec9f94991f98a73d25bf1f0629fef8d","The CMS data model supports static pages.","MUST","Data","V1","CD","Database/Backend","None stated by the Constitution","Schema, constraint, and data-level tests confirm this statement: “The CMS data model supports static pages.”","Database Architecture & Data Model deliverable (identifier pending ODR-001)","Schema/migration evidence plus automated integrity tests.","Pending independent review","Not started"
"REQ-054.02","REQ-054","Part 5","CMS, Leaderboard, Audit, and Analytics Data Domains","L2281; L2285","Support management of: || Blog posts","d48f356cfebb18f726e8fbcba5072f4f0c604f4f0439c53af681a948ccb1003d","The CMS data model supports blog posts.","MUST","Data","V1","CD","Database/Backend","None stated by the Constitution","Schema, constraint, and data-level tests confirm this statement: “The CMS data model supports blog posts.”","Database Architecture & Data Model deliverable (identifier pending ODR-001)","Schema/migration evidence plus automated integrity tests.","Pending independent review","Not started"
"REQ-054.03","REQ-054","Part 5","CMS, Leaderboard, Audit, and Analytics Data Domains","L2281; L2287","Support management of: || Categories","7eb014d28a2cdb4a54b599735879600fcb8ae1ac35b2792798b537cd4965bdb8","The CMS data model supports categories.","MUST","Data","V1","CD","Database/Backend","None stated by the Constitution","Schema, constraint, and data-level tests confirm this statement: “The CMS data model supports categories.”","Database Architecture & Data Model deliverable (identifier pending ODR-001)","Schema/migration evidence plus automated integrity tests.","Pending independent review","Not started"
"REQ-054.04","REQ-054","Part 5","CMS, Leaderboard, Audit, and Analytics Data Domains","L2281; L2289","Support management of: || Tags","59d96017bb2489a2d7ef1f7dbbae8e3802a7ad7591d784019e6bc51c89cf955a","The CMS data model supports tags.","MUST","Data","V1","CD","Database/Backend","None stated by the Constitution","Schema, constraint, and data-level tests confirm this statement: “The CMS data model supports tags.”","Database Architecture & Data Model deliverable (identifier pending ODR-001)","Schema/migration evidence plus automated integrity tests.","Pending independent review","Not started"
"REQ-054.05","REQ-054","Part 5","CMS, Leaderboard, Audit, and Analytics Data Domains","L2281; L2291","Support management of: || Authors","f0947c5775c078f4cc1b7caea30dfb57c6698df993c316bc543129ce9fa5534c","The CMS data model supports authors.","MUST","Data","V1","CD","Database/Backend","None stated by the Constitution","Schema, constraint, and data-level tests confirm this statement: “The CMS data model supports authors.”","Database Architecture & Data Model deliverable (identifier pending ODR-001)","Schema/migration evidence plus automated integrity tests.","Pending independent review","Not started"
"REQ-054.06","REQ-054","Part 5","CMS, Leaderboard, Audit, and Analytics Data Domains","L2281; L2293","Support management of: || SEO metadata","6bc6bfcb67c6a553e4bd8600e65e8b05eb9210ae0dd0a397c3d3b39857b7f74d","The CMS data model supports SEO metadata.","MUST","Data","V1","CD","Database/Backend","None stated by the Constitution","Schema, constraint, and data-level tests confirm this statement: “The CMS data model supports SEO metadata.”","Database Architecture & Data Model deliverable (identifier pending ODR-001)","Schema/migration evidence plus automated integrity tests.","Pending independent review","Not started"
"REQ-054.07","REQ-054","Part 5","CMS, Leaderboard, Audit, and Analytics Data Domains","L2281; L2295","Support management of: || Publishing workflow","77d60e3cd1a054db29135da3a9188bad807dd446859a01f6887884ff60b83d6c","The CMS data model supports publishing workflow.","MUST","Data","V1","CD","Database/Backend","None stated by the Constitution","Schema, constraint, and data-level tests confirm this statement: “The CMS data model supports publishing workflow.”","Database Architecture & Data Model deliverable (identifier pending ODR-001)","Schema/migration evidence plus automated integrity tests.","Pending independent review","Not started"
"REQ-054.08","REQ-054","Part 5","CMS, Leaderboard, Audit, and Analytics Data Domains","L2301; L2303","Support: || Weekly rankings","3f7eeb09ff7357bec2b1b5fb50172b2d9d8075e24f09ff70fbc639328b7374f0","The leaderboard data model supports weekly rankings.","MUST","Data","V1","CD","Database/Backend","None stated by the Constitution","Schema, constraint, and data-level tests confirm this statement: “The leaderboard data model supports weekly rankings.”","Database Architecture & Data Model deliverable (identifier pending ODR-001)","Schema/migration evidence plus automated integrity tests.","Pending independent review","Not started"
"REQ-054.09","REQ-054","Part 5","CMS, Leaderboard, Audit, and Analytics Data Domains","L2301; L2305","Support: || Monthly rankings","81dd3619a770698179a9562d2314d4563f549122b6a43c6c6e361c7a1a635fc8","The leaderboard data model supports monthly rankings.","MUST","Data","V1","CD","Database/Backend","None stated by the Constitution","Schema, constraint, and data-level tests confirm this statement: “The leaderboard data model supports monthly rankings.”","Database Architecture & Data Model deliverable (identifier pending ODR-001)","Schema/migration evidence plus automated integrity tests.","Pending independent review","Not started"
"REQ-054.10","REQ-054","Part 5","CMS, Leaderboard, Audit, and Analytics Data Domains","L2301; L2307","Support: || Historical rankings","6098eda1645f2550d6513365e64953241013d00ac8bc0624471e27f607fde8a4","The leaderboard data model supports historical rankings.","MUST","Data","V1","CD","Database/Backend","None stated by the Constitution","Schema, constraint, and data-level tests confirm this statement: “The leaderboard data model supports historical rankings.”","Database Architecture & Data Model deliverable (identifier pending ODR-001)","Schema/migration evidence plus automated integrity tests.","Pending independent review","Not started"
"REQ-054.11","REQ-054","Part 5","CMS, Leaderboard, Audit, and Analytics Data Domains","L2309","Leaderboard calculations should be reproducible and configurable.","2d7def3c46b1777ef01726b9f08959f7330405202923b3d34de8eecd006da89d","Leaderboard calculations are reproducible.","SHOULD","Business Rule","V1","CBR","Database/Backend","None stated by the Constitution","An acceptance test confirms this statement: “Leaderboard calculations are reproducible.”","Business/Product/Technical Blueprint (identifier pending ODR-001)","Passing business-rule test using controlled fixtures and expected outcomes.","Pending independent review","Not started"
"REQ-054.12","REQ-054","Part 5","CMS, Leaderboard, Audit, and Analytics Data Domains","L2309","Leaderboard calculations should be reproducible and configurable.","2d7def3c46b1777ef01726b9f08959f7330405202923b3d34de8eecd006da89d","Leaderboard calculations are configurable.","SHOULD","Business Rule","V1","CBR","Database/Backend","None stated by the Constitution","An acceptance test confirms this statement: “Leaderboard calculations are configurable.”","Business/Product/Technical Blueprint (identifier pending ODR-001)","Passing business-rule test using controlled fixtures and expected outcomes.","Pending independent review","Not started"
"REQ-054.13","REQ-054","Part 5","CMS, Leaderboard, Audit, and Analytics Data Domains","L2313–L2315","Audit Domain / Maintain immutable records of significant administrative and system actions.","d37ff3bbb4a5b37b9a905b2adf40fddcc236d5c84afc96d8fd838c8bbcec7161","The audit domain maintains immutable records of significant administrative and system actions.","MUST","Data","V1","CD","Database/Backend","None stated by the Constitution","Schema, constraint, and data-level tests confirm this statement: “The audit domain maintains immutable records of significant administrative and system actions.”","Database Architecture & Data Model deliverable (identifier pending ODR-001)","Schema/migration evidence plus automated integrity tests.","Pending independent review","Not started"
"REQ-054.14","REQ-054","Part 5","CMS, Leaderboard, Audit, and Analytics Data Domains","L2317–L2325","Examples include: / Settings changes / User moderation / Permission changes / Administrative actions","6e46893b1ca890db0af8f9cae8fb48960a16b90647eeb70fe0e8098f7c608a48","The audit domain covers settings changes, user moderation, permission changes, and administrative actions.","MUST","Data","V1","CD","Database/Backend","None stated by the Constitution","Schema, constraint, and data-level tests confirm this statement: “The audit domain covers settings changes, user moderation, permission changes, and administrative actions.”","Database Architecture & Data Model deliverable (identifier pending ODR-001)","Schema/migration evidence plus automated integrity tests.","Pending independent review","Not started"
"REQ-054.15","REQ-054","Part 5","CMS, Leaderboard, Audit, and Analytics Data Domains","L2329–L2331","Analytics Domain / Store aggregated metrics where appropriate.","967b757f2c211056944ab0aaec251234fd36a99c8ccc4a5d4d330119032522b6","The analytics domain stores aggregated metrics where appropriate.","SHOULD","Data","V1","REC","Database/Backend","None stated by the Constitution","Schema, constraint, and data-level tests confirm this statement: “The analytics domain stores aggregated metrics where appropriate.”","Database Architecture & Data Model deliverable (identifier pending ODR-001)","Schema/migration evidence plus automated integrity tests.","Pending independent review","Not started"
"REQ-054.16","REQ-054","Part 5","CMS, Leaderboard, Audit, and Analytics Data Domains","L2333","Avoid storing excessive personally identifiable information.","661b46e9a94e7fcb1d78efafb9699a164bbb1b6aa487f30c50a790fc61455317","The analytics domain avoids excessive personally identifiable information.","MUST","Compliance","V1","CD","Database/Backend","EFE-003","An acceptance test confirms this statement: “The analytics domain avoids excessive personally identifiable information.”","Security, Fraud & Compliance deliverable (identifier pending ODR-001)","Control mapping, authoritative evidence, and review record.","Pending independent review","Not started"
"REQ-055.01","REQ-055","Part 5","Retention, Migrations, and Seed Data","L2337–L2339","DATA RETENTION / The AI should recommend retention policies for different categories of data.","56a561d8645f7230945468aada7bcc3acda64b57a9a68111a3250975c08a8a1f","Data-retention policies are recommended by data category.","SHOULD","Documentation","Pre-implementation deliverable","REC","Database/Operations","ODR-015; EFE-003","The named artifact exists, addresses this statement, and is traceable to the cited lines: “Data-retention policies are recommended by data category.”","Phase 0 documentation/roadmap deliverable (identifier pending ODR-001)","Versioned artifact plus reviewer sign-off and citation trace.","Pending independent review","Not started"
"REQ-055.02","REQ-055","Part 5","Retention, Migrations, and Seed Data","L2341–L2351","Examples: / Logs / Audit records / Notifications / Sessions / Support tickets","5f80554baea2411218c7c59755abc1d76e35ee8f1f0cf8dc807e9d66b5359ac2","Retention recommendations cover logs, audit records, notifications, sessions, and support tickets.","SHOULD","Documentation","Pre-implementation deliverable","REC","Database/Operations","ODR-015; EFE-003","The named artifact exists, addresses this statement, and is traceable to the cited lines: “Retention recommendations cover logs, audit records, notifications, sessions, and support tickets.”","Phase 0 documentation/roadmap deliverable (identifier pending ODR-001)","Versioned artifact plus reviewer sign-off and citation trace.","Pending independent review","Not started"
"REQ-055.03","REQ-055","Part 5","Retention, Migrations, and Seed Data","L2353","The recommendations should balance operational needs, storage costs, and applicable legal obligations.","c5d47b20f4522ee04c30767eae62f0b75de88a6b468d66f3f784169099ac210d","Retention recommendations balance operational needs, storage cost, and applicable legal obligations.","SHOULD","Documentation","Pre-implementation deliverable","REC","Database/Operations","ODR-015; EFE-003","The named artifact exists, addresses this statement, and is traceable to the cited lines: “Retention recommendations balance operational needs, storage cost, and applicable legal obligations.”","Phase 0 documentation/roadmap deliverable (identifier pending ODR-001)","Versioned artifact plus reviewer sign-off and citation trace.","Pending independent review","Not started"
"REQ-055.04","REQ-055","Part 5","Retention, Migrations, and Seed Data","L2357–L2359","MIGRATIONS / All schema changes must use version-controlled migrations.","1de2ad88ceb0f9112b1a588c28646e48e78a1d74c9e1bd69b2e3f081a287fe2f","Every schema change uses a version-controlled migration.","MUST","Data","V1","CD","Database/Operations","None stated by the Constitution","Schema, constraint, and data-level tests confirm this statement: “Every schema change uses a version-controlled migration.”","Database Architecture & Data Model deliverable (identifier pending ODR-001)","Schema/migration evidence plus automated integrity tests.","Pending independent review","Not started"
"REQ-055.05","REQ-055","Part 5","Retention, Migrations, and Seed Data","L2361–L2363","The AI should define a migration strategy that supports: / Safe upgrades","dc644fd1cd459d262734106d97e4f17202dc76f46c11b0dc58076403ee2d40e1","The migration strategy supports safe upgrades.","SHOULD","Documentation","Pre-implementation deliverable","REC","Database/Operations","None stated by the Constitution","The named artifact exists, addresses this statement, and is traceable to the cited lines: “The migration strategy supports safe upgrades.”","Phase 0 documentation/roadmap deliverable (identifier pending ODR-001)","Versioned artifact plus reviewer sign-off and citation trace.","Pending independent review","Not started"
"REQ-055.06","REQ-055","Part 5","Retention, Migrations, and Seed Data","L2361; L2365","The AI should define a migration strategy that supports: || Rollbacks where practical","461b701969058509adc3503063d3a0e2bbe5b5484854d7a21cf11829f441fee7","The migration strategy supports rollback where practical.","SHOULD","Documentation","Pre-implementation deliverable","REC","Database/Operations","None stated by the Constitution","The named artifact exists, addresses this statement, and is traceable to the cited lines: “The migration strategy supports rollback where practical.”","Phase 0 documentation/roadmap deliverable (identifier pending ODR-001)","Versioned artifact plus reviewer sign-off and citation trace.","Pending independent review","Not started"
"REQ-055.07","REQ-055","Part 5","Retention, Migrations, and Seed Data","L2361; L2367","The AI should define a migration strategy that supports: || Repeatable deployments","761288c0384cea15a4ee994a1cab8167d5ec1dd3ba7f01d09a606a5ea4c99439","The migration strategy supports repeatable deployments.","SHOULD","Documentation","Pre-implementation deliverable","REC","Database/Operations","None stated by the Constitution","The named artifact exists, addresses this statement, and is traceable to the cited lines: “The migration strategy supports repeatable deployments.”","Phase 0 documentation/roadmap deliverable (identifier pending ODR-001)","Versioned artifact plus reviewer sign-off and citation trace.","Pending independent review","Not started"
"REQ-055.08","REQ-055","Part 5","Retention, Migrations, and Seed Data","L2373; L2375","Design seed data for: || Administrator roles","9f364d012c8b50d3b2998994f39c52e45d7375b824bd31c9480692abe8e8996c","Seed data includes administrator roles.","MUST","Data","Pre-implementation deliverable","CD","Database/Operations","None stated by the Constitution","Schema, constraint, and data-level tests confirm this statement: “Seed data includes administrator roles.”","Database Architecture & Data Model deliverable (identifier pending ODR-001)","Schema/migration evidence plus automated integrity tests.","Pending independent review","Not started"
"REQ-055.09","REQ-055","Part 5","Retention, Migrations, and Seed Data","L2373; L2377","Design seed data for: || Permissions","a3bcf516629802c50ca012728fd81834b0872fb34cb292c99133c84d6a5bb750","Seed data includes permissions.","MUST","Data","Pre-implementation deliverable","CD","Database/Operations","None stated by the Constitution","Schema, constraint, and data-level tests confirm this statement: “Seed data includes permissions.”","Database Architecture & Data Model deliverable (identifier pending ODR-001)","Schema/migration evidence plus automated integrity tests.","Pending independent review","Not started"
"REQ-055.10","REQ-055","Part 5","Retention, Migrations, and Seed Data","L2373; L2379","Design seed data for: || Default settings","8983676a9d515a50634ee4984dc84b08a76f749b3726dcf0a689444b0764aaa6","Seed data includes default settings.","MUST","Data","Pre-implementation deliverable","CD","Database/Operations","None stated by the Constitution","Schema, constraint, and data-level tests confirm this statement: “Seed data includes default settings.”","Database Architecture & Data Model deliverable (identifier pending ODR-001)","Schema/migration evidence plus automated integrity tests.","Pending independent review","Not started"
"REQ-055.11","REQ-055","Part 5","Retention, Migrations, and Seed Data","L2373; L2381","Design seed data for: || CMS placeholders","03dfefd9aa98e2a9a2cb74f473dcbd8480790dd0c6d5428a07c3aec0b928d4e2","Seed data includes CMS placeholders.","MUST","Data","Pre-implementation deliverable","CD","Database/Operations","None stated by the Constitution","Schema, constraint, and data-level tests confirm this statement: “Seed data includes CMS placeholders.”","Database Architecture & Data Model deliverable (identifier pending ODR-001)","Schema/migration evidence plus automated integrity tests.","Pending independent review","Not started"
"REQ-055.12","REQ-055","Part 5","Retention, Migrations, and Seed Data","L2373; L2383","Design seed data for: || Leaderboard defaults","8596cf5165486cd04dc50d2399e3ee869d7ddfb2a3f3139d2d4afdef2dcc8e4b","Seed data includes leaderboard defaults.","MUST","Data","Pre-implementation deliverable","CD","Database/Operations","None stated by the Constitution","Schema, constraint, and data-level tests confirm this statement: “Seed data includes leaderboard defaults.”","Database Architecture & Data Model deliverable (identifier pending ODR-001)","Schema/migration evidence plus automated integrity tests.","Pending independent review","Not started"
"REQ-055.13","REQ-055","Part 5","Retention, Migrations, and Seed Data","L2373; L2385","Design seed data for: || Notification templates","be355b4b4f95ded9869ce88e3515d411693700eb01934cbd994f2aceac34fe75","Seed data includes notification templates.","MUST","Data","Pre-implementation deliverable","CD","Database/Operations","None stated by the Constitution","Schema, constraint, and data-level tests confirm this statement: “Seed data includes notification templates.”","Database Architecture & Data Model deliverable (identifier pending ODR-001)","Schema/migration evidence plus automated integrity tests.","Pending independent review","Not started"
"REQ-055.14","REQ-055","Part 5","Retention, Migrations, and Seed Data","L2387","Seed data should make a fresh installation usable.","5c8e6e0d184b239990815f989f29fe8aa5a521926e77ca163f259920ff8c8a58","Seed data makes a fresh installation usable.","SHOULD","Non-functional","Pre-implementation deliverable","REC","Database/Operations","None stated by the Constitution","A defined measurement or design review confirms this statement: “Seed data makes a fresh installation usable.”","Business/Product/Technical Blueprint (identifier pending ODR-001)","Defined metric/standard plus measured result or documented review.","Pending independent review","Not started"
"REQ-056.01","REQ-056","Part 5","Indexing, Scalability, and Data Security","L2391–L2393","INDEXING STRATEGY / Recommend indexes based on expected access patterns.","59a462426766bbc48c8d439f9db19912f9cff94966bce4d1df62c0b4d340365d","Index recommendations are based on expected access patterns.","SHOULD","Data","Pre-implementation deliverable","REC","Database","None stated by the Constitution","Schema, constraint, and data-level tests confirm this statement: “Index recommendations are based on expected access patterns.”","Database Architecture & Data Model deliverable (identifier pending ODR-001)","Schema/migration evidence plus automated integrity tests.","Pending independent review","Not started"
"REQ-056.02","REQ-056","Part 5","Indexing, Scalability, and Data Security","L2395–L2407","Consider: / User lookups / Wallet history / Withdrawals / Surveys / Notifications / Audit logs","36c049a256005883fabe2b2a3e9fc2467df1650ad7ad7cc9ea606cd94eca9a8f","The index review covers user lookups, wallet history, withdrawals, surveys, notifications, and audit logs.","SHOULD","Data","Pre-implementation deliverable","REC","Database","None stated by the Constitution","Schema, constraint, and data-level tests confirm this statement: “The index review covers user lookups, wallet history, withdrawals, surveys, notifications, and audit logs.”","Database Architecture & Data Model deliverable (identifier pending ODR-001)","Schema/migration evidence plus automated integrity tests.","Pending independent review","Not started"
"REQ-056.03","REQ-056","Part 5","Indexing, Scalability, and Data Security","L2409","Avoid unnecessary indexes that increase write overhead.","67eb43ba8ca25fc5f464ffe17b15f3a3fb0af0916b84fd9f319c343b387fae8e","The design avoids unnecessary indexes that increase write overhead.","SHOULD","Data","Pre-implementation deliverable","REC","Database","None stated by the Constitution","Schema, constraint, and data-level tests confirm this statement: “The design avoids unnecessary indexes that increase write overhead.”","Database Architecture & Data Model deliverable (identifier pending ODR-001)","Schema/migration evidence plus automated integrity tests.","Pending independent review","Not started"
"REQ-056.04","REQ-056","Part 5","Indexing, Scalability, and Data Security","L2413–L2415","SCALABILITY / Design the schema so it can support significant growth without major redesign.","41d869511eb539e274fc4db24d37e2b029ca4f02b84326cfbbf366290d3407be","The schema supports significant growth without major redesign.","SHOULD","Data","Pre-implementation deliverable","REC","Database","None stated by the Constitution","Schema, constraint, and data-level tests confirm this statement: “The schema supports significant growth without major redesign.”","Database Architecture & Data Model deliverable (identifier pending ODR-001)","Schema/migration evidence plus automated integrity tests.","Pending independent review","Not started"
"REQ-056.05","REQ-056","Part 5","Indexing, Scalability, and Data Security","L2417–L2425","Consider: / Partitioning strategies (if needed in the future) / Archiving historical records / Read-heavy workloads / Reporting requirements","fbea8a4dc6f0968c4ff7506917cc32934b8d503b4cd87a91e27f446bce07c10f","The scalability review considers future partitioning, historical archiving, read-heavy workloads, and reporting requirements.","SHOULD","Data","Pre-implementation deliverable","REC","Database","None stated by the Constitution","Schema, constraint, and data-level tests confirm this statement: “The scalability review considers future partitioning, historical archiving, read-heavy workloads, and reporting requirements.”","Database Architecture & Data Model deliverable (identifier pending ODR-001)","Schema/migration evidence plus automated integrity tests.","Pending independent review","Not started"
"REQ-056.06","REQ-056","Part 5","Indexing, Scalability, and Data Security","L2427","Only recommend advanced techniques when justified.","c0a4244f55af5854089022870f63b576e7ce21e3d598b70ff43ad27822f76a9d","Advanced database techniques are recommended only when justified.","SHOULD","Data","Pre-implementation deliverable","REC","Database","None stated by the Constitution","Schema, constraint, and data-level tests confirm this statement: “Advanced database techniques are recommended only when justified.”","Database Architecture & Data Model deliverable (identifier pending ODR-001)","Schema/migration evidence plus automated integrity tests.","Pending independent review","Not started"
"REQ-056.07","REQ-056","Part 5","Indexing, Scalability, and Data Security","L2431–L2433","DATA SECURITY / Sensitive information should be protected appropriately.","8010396784d627940c87a085c9db59cb23d0322f92b22392737b322ef3baa732","Sensitive information is protected appropriately.","SHOULD","Security","V1","REC","Database","None stated by the Constitution","Security review and negative-path tests confirm this statement: “Sensitive information is protected appropriately.”","Security, Fraud & Compliance deliverable (identifier pending ODR-001)","Threat-control mapping plus passing security/negative-path test evidence.","Pending independent review","Not started"
"REQ-056.08","REQ-056","Part 5","Indexing, Scalability, and Data Security","L2435; L2437","The AI should recommend: || Encryption where appropriate","1f69b47c9e79ea46cc5b9bc3419120f234e9f11b0b9e8c8980db7a8798f345d3","The data-security recommendation covers encryption where appropriate.","SHOULD","Security","Pre-implementation deliverable","REC","Database","None stated by the Constitution","Security review and negative-path tests confirm this statement: “The data-security recommendation covers encryption where appropriate.”","Security, Fraud & Compliance deliverable (identifier pending ODR-001)","Threat-control mapping plus passing security/negative-path test evidence.","Pending independent review","Not started"
"REQ-056.09","REQ-056","Part 5","Indexing, Scalability, and Data Security","L2435; L2439","The AI should recommend: || Secure credential storage","cf26f7982bfb4e08c1ca096dc0c4d8a68b18c3ce27e057eccb9c8392f74745b9","The data-security recommendation covers secure credential storage.","SHOULD","Security","Pre-implementation deliverable","REC","Database","None stated by the Constitution","Security review and negative-path tests confirm this statement: “The data-security recommendation covers secure credential storage.”","Security, Fraud & Compliance deliverable (identifier pending ODR-001)","Threat-control mapping plus passing security/negative-path test evidence.","Pending independent review","Not started"
"REQ-056.10","REQ-056","Part 5","Indexing, Scalability, and Data Security","L2435; L2441","The AI should recommend: || Minimal data collection","8d8e6f29ee493f93ca80d6e27f364e138aa6405d5e6299806956e1aeb089cf6c","The data-security recommendation covers minimal data collection.","SHOULD","Compliance","Pre-implementation deliverable","REC","Database","None stated by the Constitution","An acceptance test confirms this statement: “The data-security recommendation covers minimal data collection.”","Security, Fraud & Compliance deliverable (identifier pending ODR-001)","Control mapping, authoritative evidence, and review record.","Pending independent review","Not started"
"REQ-056.11","REQ-056","Part 5","Indexing, Scalability, and Data Security","L2435; L2443","The AI should recommend: || Access controls","8ddde25bec20d41ea68ab3e4019e8277b9c6be93e3cc74365ebee827080f8dd7","The data-security recommendation covers access controls.","SHOULD","Security","Pre-implementation deliverable","REC","Database","None stated by the Constitution","Security review and negative-path tests confirm this statement: “The data-security recommendation covers access controls.”","Security, Fraud & Compliance deliverable (identifier pending ODR-001)","Threat-control mapping plus passing security/negative-path test evidence.","Pending independent review","Not started"
"REQ-056.12","REQ-056","Part 5","Indexing, Scalability, and Data Security","L2435; L2445","The AI should recommend: || Secret management","d3ab1a875129b07fcf8183da0bb8b6f3e3c9f722a511557f499ed962ad7aeffc","The data-security recommendation covers secret management.","SHOULD","Security","Pre-implementation deliverable","REC","Database","None stated by the Constitution","Security review and negative-path tests confirm this statement: “The data-security recommendation covers secret management.”","Security, Fraud & Compliance deliverable (identifier pending ODR-001)","Threat-control mapping plus passing security/negative-path test evidence.","Pending independent review","Not started"
"REQ-056.13","REQ-056","Part 5","Indexing, Scalability, and Data Security","L2435; L2447","The AI should recommend: || Backup protection","e22a9266e1a682bec0a27bf3627cf3c182cf67aab175a90353203faad5729eb1","The data-security recommendation covers backup protection.","SHOULD","Security","Pre-implementation deliverable","REC","Database","None stated by the Constitution","Security review and negative-path tests confirm this statement: “The data-security recommendation covers backup protection.”","Security, Fraud & Compliance deliverable (identifier pending ODR-001)","Threat-control mapping plus passing security/negative-path test evidence.","Pending independent review","Not started"
"REQ-057.01","REQ-057","Part 5","Reporting and Final Database Deliverables","L2453; L2455","The schema should support reporting for: || User growth","d3c4adaaae9246e9651a884d193f86fc853f9f07f92a53ad56a6e9a0a9981433","The schema supports user-growth reporting.","SHOULD","Data","Pre-implementation deliverable","REC","Database","None stated by the Constitution","Schema, constraint, and data-level tests confirm this statement: “The schema supports user-growth reporting.”","Database Architecture & Data Model deliverable (identifier pending ODR-001)","Schema/migration evidence plus automated integrity tests.","Pending independent review","Not started"
"REQ-057.02","REQ-057","Part 5","Reporting and Final Database Deliverables","L2453; L2457","The schema should support reporting for: || Revenue","08b2bdb07487694e7f89e4de54fe9fc839370c893131d2a050f4a2ee5dd80ea1","The schema supports revenue reporting.","SHOULD","Data","Pre-implementation deliverable","REC","Database","None stated by the Constitution","Schema, constraint, and data-level tests confirm this statement: “The schema supports revenue reporting.”","Database Architecture & Data Model deliverable (identifier pending ODR-001)","Schema/migration evidence plus automated integrity tests.","Pending independent review","Not started"
"REQ-057.03","REQ-057","Part 5","Reporting and Final Database Deliverables","L2453; L2459","The schema should support reporting for: || Withdrawals","d05548a5f46c7f661f932650d7b27793f361d9792eec37a2ffdef476611b55dd","The schema supports withdrawal reporting.","SHOULD","Data","Pre-implementation deliverable","REC","Database","None stated by the Constitution","Schema, constraint, and data-level tests confirm this statement: “The schema supports withdrawal reporting.”","Database Architecture & Data Model deliverable (identifier pending ODR-001)","Schema/migration evidence plus automated integrity tests.","Pending independent review","Not started"
"REQ-057.04","REQ-057","Part 5","Reporting and Final Database Deliverables","L2453; L2461","The schema should support reporting for: || Survey activity","17421832e9eb5da8b0fef74148de84a82b88cc36bb18104b47297d4f6fc6b168","The schema supports survey-activity reporting.","SHOULD","Data","Pre-implementation deliverable","REC","Database","None stated by the Constitution","Schema, constraint, and data-level tests confirm this statement: “The schema supports survey-activity reporting.”","Database Architecture & Data Model deliverable (identifier pending ODR-001)","Schema/migration evidence plus automated integrity tests.","Pending independent review","Not started"
"REQ-057.05","REQ-057","Part 5","Reporting and Final Database Deliverables","L2453; L2463","The schema should support reporting for: || Support performance","cca425d314cdc2c986246ee5242f112805048a0c6f9c1bf54e88cb8b2e6d629e","The schema supports support-performance reporting.","SHOULD","Data","Pre-implementation deliverable","REC","Database","None stated by the Constitution","Schema, constraint, and data-level tests confirm this statement: “The schema supports support-performance reporting.”","Database Architecture & Data Model deliverable (identifier pending ODR-001)","Schema/migration evidence plus automated integrity tests.","Pending independent review","Not started"
"REQ-057.06","REQ-057","Part 5","Reporting and Final Database Deliverables","L2453; L2465","The schema should support reporting for: || Platform health","4d2845817ff813fc01d49a6944987ae1debccbb0ebc3a1ed34133805d8d87752","The schema supports platform-health reporting.","SHOULD","Data","Pre-implementation deliverable","REC","Database","None stated by the Constitution","Schema, constraint, and data-level tests confirm this statement: “The schema supports platform-health reporting.”","Database Architecture & Data Model deliverable (identifier pending ODR-001)","Schema/migration evidence plus automated integrity tests.","Pending independent review","Not started"
"REQ-057.07","REQ-057","Part 5","Reporting and Final Database Deliverables","L2467","Reports should be generated efficiently without negatively impacting operational performance.","e6c7b1b99a75ef345befc11299fb6024db955ac7fc5355245ff553ac789c860e","Reporting does not negatively impact operational performance.","SHOULD","Non-functional","V1","REC","Database","None stated by the Constitution","A defined measurement or design review confirms this statement: “Reporting does not negatively impact operational performance.”","Business/Product/Technical Blueprint (identifier pending ODR-001)","Defined metric/standard plus measured result or documented review.","Pending independent review","Not started"
"REQ-057.08","REQ-057","Part 5","Reporting and Final Database Deliverables","L2473; L2475","Before implementation, generate: || 1\. Database Design Document","45b01888237299df38f63d679487d79e93a6708b819485067bfc449e7193ef2a","Generate a Database Design Document.","SHOULD","Documentation","Pre-implementation deliverable","REC","Database","None stated by the Constitution","The named artifact exists, addresses this statement, and is traceable to the cited lines: “Generate a Database Design Document.”","Phase 0 documentation/roadmap deliverable (identifier pending ODR-001)","Versioned artifact plus reviewer sign-off and citation trace.","Pending independent review","Not started"
"REQ-057.09","REQ-057","Part 5","Reporting and Final Database Deliverables","L2473; L2477","Before implementation, generate: || 2\. ER Diagram","71c70a7bf8672d275b7ac690484730e43e93c18405f91655c531e17922425468","Generate an ER Diagram.","SHOULD","Documentation","Pre-implementation deliverable","REC","Database","None stated by the Constitution","The named artifact exists, addresses this statement, and is traceable to the cited lines: “Generate an ER Diagram.”","Phase 0 documentation/roadmap deliverable (identifier pending ODR-001)","Versioned artifact plus reviewer sign-off and citation trace.","Pending independent review","Not started"
"REQ-057.10","REQ-057","Part 5","Reporting and Final Database Deliverables","L2473; L2479","Before implementation, generate: || 3\. Data Dictionary","57beadc20650389fbd97766d41d2a4ddd88a72755008f995f72732bb1886d574","Generate a Data Dictionary.","SHOULD","Documentation","Pre-implementation deliverable","REC","Database","None stated by the Constitution","The named artifact exists, addresses this statement, and is traceable to the cited lines: “Generate a Data Dictionary.”","Phase 0 documentation/roadmap deliverable (identifier pending ODR-001)","Versioned artifact plus reviewer sign-off and citation trace.","Pending independent review","Not started"
"REQ-057.11","REQ-057","Part 5","Reporting and Final Database Deliverables","L2473; L2481","Before implementation, generate: || 4\. Migration Plan","88f5dc3caa468b932e2f1eb524796de5a7b5a0a60e80b59003f0a3dab7c04cf2","Generate a Migration Plan.","SHOULD","Documentation","Pre-implementation deliverable","REC","Database","None stated by the Constitution","The named artifact exists, addresses this statement, and is traceable to the cited lines: “Generate a Migration Plan.”","Phase 0 documentation/roadmap deliverable (identifier pending ODR-001)","Versioned artifact plus reviewer sign-off and citation trace.","Pending independent review","Not started"
"REQ-057.12","REQ-057","Part 5","Reporting and Final Database Deliverables","L2473; L2483","Before implementation, generate: || 5\. Index Strategy","e88756edeffe83ba13ce8901e9454b7688e1d2e4c3e1502e68e17b6bb5cef7c5","Generate an Index Strategy.","SHOULD","Documentation","Pre-implementation deliverable","REC","Database","None stated by the Constitution","The named artifact exists, addresses this statement, and is traceable to the cited lines: “Generate an Index Strategy.”","Phase 0 documentation/roadmap deliverable (identifier pending ODR-001)","Versioned artifact plus reviewer sign-off and citation trace.","Pending independent review","Not started"
"REQ-057.13","REQ-057","Part 5","Reporting and Final Database Deliverables","L2473; L2485","Before implementation, generate: || 6\. Backup & Recovery Considerations","11d0438bd4a1baf22011fed6b93d628592befc178317546472279c4bde19e74a","Generate Backup and Recovery Considerations.","SHOULD","Documentation","Pre-implementation deliverable","REC","Database","None stated by the Constitution","The named artifact exists, addresses this statement, and is traceable to the cited lines: “Generate Backup and Recovery Considerations.”","Phase 0 documentation/roadmap deliverable (identifier pending ODR-001)","Versioned artifact plus reviewer sign-off and citation trace.","Pending independent review","Not started"
"REQ-057.14","REQ-057","Part 5","Reporting and Final Database Deliverables","L2473; L2487","Before implementation, generate: || 7\. Retention Recommendations","420d74b45c69095f4dba1954b119ac93bcf16f14231f4dc00ebfba00c416147c","Generate Retention Recommendations.","SHOULD","Documentation","Pre-implementation deliverable","REC","Database","None stated by the Constitution","The named artifact exists, addresses this statement, and is traceable to the cited lines: “Generate Retention Recommendations.”","Phase 0 documentation/roadmap deliverable (identifier pending ODR-001)","Versioned artifact plus reviewer sign-off and citation trace.","Pending independent review","Not started"
"REQ-057.15","REQ-057","Part 5","Reporting and Final Database Deliverables","L2473; L2489","Before implementation, generate: || 8\. Performance Review","a844e58c415bd331523e6ece3b6e6e6e22a5c9e1dd8e3d2bf666915a4a77de68","Generate a Database Performance Review.","SHOULD","Documentation","Pre-implementation deliverable","REC","Database","None stated by the Constitution","The named artifact exists, addresses this statement, and is traceable to the cited lines: “Generate a Database Performance Review.”","Phase 0 documentation/roadmap deliverable (identifier pending ODR-001)","Versioned artifact plus reviewer sign-off and citation trace.","Pending independent review","Not started"
"REQ-057.16","REQ-057","Part 5","Reporting and Final Database Deliverables","L2473; L2491","Before implementation, generate: || 9\. Scalability Review","0cd9d63502aeed2966228a0da3b759bc93668bc77fbef557e095ed233591f367","Generate a Database Scalability Review.","SHOULD","Documentation","Pre-implementation deliverable","REC","Database","None stated by the Constitution","The named artifact exists, addresses this statement, and is traceable to the cited lines: “Generate a Database Scalability Review.”","Phase 0 documentation/roadmap deliverable (identifier pending ODR-001)","Versioned artifact plus reviewer sign-off and citation trace.","Pending independent review","Not started"
"REQ-057.17","REQ-057","Part 5","Reporting and Final Database Deliverables","L2473; L2493","Before implementation, generate: || 10\. Security Review","954cec9b24b021195cb9ccdf7eed913ff079d52ae3ffc284ebfc2c7f1926faec","Generate a Database Security Review.","SHOULD","Documentation","Pre-implementation deliverable","REC","Database","None stated by the Constitution","The named artifact exists, addresses this statement, and is traceable to the cited lines: “Generate a Database Security Review.”","Phase 0 documentation/roadmap deliverable (identifier pending ODR-001)","Versioned artifact plus reviewer sign-off and citation trace.","Pending independent review","Not started"
"REQ-057.18","REQ-057","Part 5","Reporting and Final Database Deliverables","L2495","Only after these deliverables are complete should database implementation begin.","897b715088cc81994e4ac0891c4ea2a6ff5ae32eac4f150e33c88302d688dd81","Database implementation does not begin until all final database deliverables are complete.","SHOULD","Governance","Pre-implementation deliverable","REC","Database","None stated by the Constitution","Workflow and audit evidence confirm this statement: “Database implementation does not begin until all final database deliverables are complete.”","Phase 0 documentation/roadmap deliverable (identifier pending ODR-001)","Approval/audit record showing the required gate or workflow was followed.","Pending independent review","Not started"
"REQ-058.01","REQ-058","Part 6","API Philosophy, Objectives, and Standards","L2515; L2517","Every API must be: || Secure","9291ddcfd3cdff9fb9675b7d2fd5a44bf2adb6c530277d0bed019bc9c75e113a","Every API is secure.","MUST","Security","V1","CD","Backend/API","None stated by the Constitution","Security review and negative-path tests confirm this statement: “Every API is secure.”","Security, Fraud & Compliance deliverable (identifier pending ODR-001)","Threat-control mapping plus passing security/negative-path test evidence.","Pending independent review","Not started"
"REQ-058.02","REQ-058","Part 6","API Philosophy, Objectives, and Standards","L2515; L2519","Every API must be: || Consistent","df482b7ee3e5cca5547b1472ba8a4c6e862b6e41cfb983b270d9247afedcb128","Every API is consistent.","MUST","API","V1","CD","Backend/API","None stated by the Constitution","Contract and integration tests confirm this statement: “Every API is consistent.”","API Architecture & Integration deliverable (identifier pending ODR-001)","Versioned API contract plus passing contract/integration tests.","Pending independent review","Not started"
"REQ-058.03","REQ-058","Part 6","API Philosophy, Objectives, and Standards","L2515; L2521","Every API must be: || Predictable","d5f41fef9386fae1a9c63139a85fa7e6e0338d230b0ba50809ed3e181d86a7bb","Every API is predictable.","MUST","API","V1","CD","Backend/API","None stated by the Constitution","Contract and integration tests confirm this statement: “Every API is predictable.”","API Architecture & Integration deliverable (identifier pending ODR-001)","Versioned API contract plus passing contract/integration tests.","Pending independent review","Not started"
"REQ-058.04","REQ-058","Part 6","API Philosophy, Objectives, and Standards","L2515; L2523","Every API must be: || Versioned","632fba246e9ea6646b7939d6e96740aad053919d6f0e516f08e472ec79dec95a","Every API is versioned.","MUST","API","V1","CD","Backend/API","None stated by the Constitution","Contract and integration tests confirm this statement: “Every API is versioned.”","API Architecture & Integration deliverable (identifier pending ODR-001)","Versioned API contract plus passing contract/integration tests.","Pending independent review","Not started"
"REQ-058.05","REQ-058","Part 6","API Philosophy, Objectives, and Standards","L2515; L2525","Every API must be: || Well documented","ba0a233dca85f2ae603f72a077db7a1b5eba1c671b1cedc84f6a798168a3d4d1","Every API is well documented.","MUST","API","Pre-implementation deliverable","CD","Backend/API","None stated by the Constitution","Contract and integration tests confirm this statement: “Every API is well documented.”","API Architecture & Integration deliverable (identifier pending ODR-001)","Versioned API contract plus passing contract/integration tests.","Pending independent review","Not started"
"REQ-058.06","REQ-058","Part 6","API Philosophy, Objectives, and Standards","L2515; L2527","Every API must be: || Easy to maintain","765b2294ca5f7f0bfb6ddc912c8a16ca3383c9611b933c27b579a939e3b85a6a","Every API is easy to maintain.","MUST","Non-functional","V1","CD","Backend/API","None stated by the Constitution","A defined measurement or design review confirms this statement: “Every API is easy to maintain.”","Business/Product/Technical Blueprint (identifier pending ODR-001)","Defined metric/standard plus measured result or documented review.","Pending independent review","Not started"
"REQ-058.07","REQ-058","Part 6","API Philosophy, Objectives, and Standards","L2515; L2529","Every API must be: || Easy to extend","d076cc6f18d08d0189df59b33b59c08808bc5cbb540125cba85c3630697edb05","Every API is easy to extend.","MUST","Non-functional","V1","CD","Backend/API","None stated by the Constitution","A defined measurement or design review confirms this statement: “Every API is easy to extend.”","Business/Product/Technical Blueprint (identifier pending ODR-001)","Defined metric/standard plus measured result or documented review.","Pending independent review","Not started"
"REQ-058.08","REQ-058","Part 6","API Philosophy, Objectives, and Standards","L2531","Every endpoint should solve a clear business problem.","70d3d35c4816455bf6e53d019a0901d658c56cfbd89ddc35e764d39f0eae8757","Every endpoint solves a clear business problem.","SHOULD","API","V1","REC","Backend/API","None stated by the Constitution","Contract and integration tests confirm this statement: “Every endpoint solves a clear business problem.”","API Architecture & Integration deliverable (identifier pending ODR-001)","Versioned API contract plus passing contract/integration tests.","Pending independent review","Not started"
"REQ-058.09","REQ-058","Part 6","API Philosophy, Objectives, and Standards","L2533","Avoid unnecessary endpoints.","66be531a626d08f5d5121d723f9bcccd8d1b0013c28504d77668880b7ae0213f","Unnecessary endpoints are avoided.","SHOULD","API","V1","REC","Backend/API","None stated by the Constitution","Contract and integration tests confirm this statement: “Unnecessary endpoints are avoided.”","API Architecture & Integration deliverable (identifier pending ODR-001)","Versioned API contract plus passing contract/integration tests.","Pending independent review","Not started"
"REQ-058.10","REQ-058","Part 6","API Philosophy, Objectives, and Standards","L2539; L2541","The API architecture must support: || Web Frontend","731aa94c97f3e5305886fd5fa491d58aeb4460273bd4b965f466ab643a881ce2","The API architecture supports the web frontend.","MUST","API","V1","CD","Backend/API","None stated by the Constitution","Contract and integration tests confirm this statement: “The API architecture supports the web frontend.”","API Architecture & Integration deliverable (identifier pending ODR-001)","Versioned API contract plus passing contract/integration tests.","Pending independent review","Not started"
"REQ-058.11","REQ-058","Part 6","API Philosophy, Objectives, and Standards","L2539; L2543","The API architecture must support: || Future Mobile Applications","91a9a168e96c7f53828c26f518598edee0baad7161028864a24ed2c3aef823b8","The API architecture supports future mobile applications.","MUST","API","Future","FRR","Backend/API","None stated by the Constitution","Contract and integration tests confirm this statement: “The API architecture supports future mobile applications.”","API Architecture & Integration deliverable (identifier pending ODR-001)","Versioned API contract plus passing contract/integration tests.","Pending independent review","Not started"
"REQ-058.12","REQ-058","Part 6","API Philosophy, Objectives, and Standards","L2539; L2545","The API architecture must support: || Admin Panel","82816813c0b28ea88f5900b045655b9f63993832ff334df542567b3dbd0ca04f","The API architecture supports the admin panel.","MUST","API","V1","CD","Backend/API","None stated by the Constitution","Contract and integration tests confirm this statement: “The API architecture supports the admin panel.”","API Architecture & Integration deliverable (identifier pending ODR-001)","Versioned API contract plus passing contract/integration tests.","Pending independent review","Not started"
"REQ-058.13","REQ-058","Part 6","API Philosophy, Objectives, and Standards","L2539; L2547","The API architecture must support: || Internal Services","6592580d04d32347d669ec796bb725bd3b4319aa198299310a8e821bce23aae5","The API architecture supports internal services.","MUST","API","V1","CD","Backend/API","None stated by the Constitution","Contract and integration tests confirm this statement: “The API architecture supports internal services.”","API Architecture & Integration deliverable (identifier pending ODR-001)","Versioned API contract plus passing contract/integration tests.","Pending independent review","Not started"
"REQ-058.14","REQ-058","Part 6","API Philosophy, Objectives, and Standards","L2539; L2549","The API architecture must support: || Third-Party Integrations","c4d42841f5c622d23db96cd8c9360e8e06e6a0cd27d507a33e3ea886afde8ef2","The API architecture supports third-party integrations.","MUST","API","V1","CD","Backend/API","None stated by the Constitution","Contract and integration tests confirm this statement: “The API architecture supports third-party integrations.”","API Architecture & Integration deliverable (identifier pending ODR-001)","Versioned API contract plus passing contract/integration tests.","Pending independent review","Not started"
"REQ-058.15","REQ-058","Part 6","API Philosophy, Objectives, and Standards","L2539; L2551","The API architecture must support: || Automation","fecf45d6ba14e7933d22dc0fc1f515d9d47dc2299863cf62d358ce3b2fbbe81c","The API architecture supports automation.","MUST","API","V1","CD","Backend/API","None stated by the Constitution","Contract and integration tests confirm this statement: “The API architecture supports automation.”","API Architecture & Integration deliverable (identifier pending ODR-001)","Versioned API contract plus passing contract/integration tests.","Pending independent review","Not started"
"REQ-058.16","REQ-058","Part 6","API Philosophy, Objectives, and Standards","L2539; L2553","The API architecture must support: || Analytics","0c67bf3b398bfe0c74703bd54805f022c8a0664448f86b5db7200fe07d681ae2","The API architecture supports analytics.","MUST","API","V1","CD","Backend/API","None stated by the Constitution","Contract and integration tests confirm this statement: “The API architecture supports analytics.”","API Architecture & Integration deliverable (identifier pending ODR-001)","Versioned API contract plus passing contract/integration tests.","Pending independent review","Not started"
"REQ-058.17","REQ-058","Part 6","API Philosophy, Objectives, and Standards","L2555","The architecture should allow future expansion without breaking existing clients.","484cde09d261a31aaeb3be0f3233a49111a888d26b2ae609eb90ddbc6111d716","Future expansion does not break existing API clients where practical.","SHOULD","Non-functional","Future","FRR","Backend/API","None stated by the Constitution","A defined measurement or design review confirms this statement: “Future expansion does not break existing API clients where practical.”","Business/Product/Technical Blueprint (identifier pending ODR-001)","Defined metric/standard plus measured result or documented review.","Pending independent review","Not started"
"REQ-058.18","REQ-058","Part 6","API Philosophy, Objectives, and Standards","L2561; L2565","Every API should follow consistent standards. || Consistent naming conventions","8c974ff90a22e35ed01ac0e1d951989e8c1ebc3fad1b01d9cae684ec4e917669","API standards define consistent naming conventions.","SHOULD","Documentation","Pre-implementation deliverable","REC","Backend/API","None stated by the Constitution","The named artifact exists, addresses this statement, and is traceable to the cited lines: “API standards define consistent naming conventions.”","Phase 0 documentation/roadmap deliverable (identifier pending ODR-001)","Versioned artifact plus reviewer sign-off and citation trace.","Pending independent review","Not started"
"REQ-058.19","REQ-058","Part 6","API Philosophy, Objectives, and Standards","L2561; L2567","Every API should follow consistent standards. || Standard request validation","2a41e47490498e11da7094fadf1afbd200b12b99ce58d80958f3d2e4187f43fa","API standards define standard request validation.","SHOULD","Documentation","Pre-implementation deliverable","REC","Backend/API","None stated by the Constitution","The named artifact exists, addresses this statement, and is traceable to the cited lines: “API standards define standard request validation.”","Phase 0 documentation/roadmap deliverable (identifier pending ODR-001)","Versioned artifact plus reviewer sign-off and citation trace.","Pending independent review","Not started"
"REQ-058.20","REQ-058","Part 6","API Philosophy, Objectives, and Standards","L2561; L2569","Every API should follow consistent standards. || Standard response structure","226ff39731f44c610c7b988f9416438e454baafc9dc06610a97f4999051f6a5d","API standards define a standard response structure.","SHOULD","Documentation","Pre-implementation deliverable","REC","Backend/API","None stated by the Constitution","The named artifact exists, addresses this statement, and is traceable to the cited lines: “API standards define a standard response structure.”","Phase 0 documentation/roadmap deliverable (identifier pending ODR-001)","Versioned artifact plus reviewer sign-off and citation trace.","Pending independent review","Not started"
"REQ-058.21","REQ-058","Part 6","API Philosophy, Objectives, and Standards","L2561; L2571","Every API should follow consistent standards. || Meaningful error messages","505edfa02331ac226a242eef1d12576ebcbcfd5df55a241be8d5e615adc4b219","API standards define meaningful error messages.","SHOULD","Documentation","Pre-implementation deliverable","REC","Backend/API","None stated by the Constitution","The named artifact exists, addresses this statement, and is traceable to the cited lines: “API standards define meaningful error messages.”","Phase 0 documentation/roadmap deliverable (identifier pending ODR-001)","Versioned artifact plus reviewer sign-off and citation trace.","Pending independent review","Not started"
"REQ-058.22","REQ-058","Part 6","API Philosophy, Objectives, and Standards","L2561; L2573","Every API should follow consistent standards. || Pagination for large datasets","a367fca53bf75f3db58adbd72deba570246b38b0647d8ddc36cb28e3de894f9d","API standards define pagination for large datasets.","SHOULD","Documentation","Pre-implementation deliverable","REC","Backend/API","None stated by the Constitution","The named artifact exists, addresses this statement, and is traceable to the cited lines: “API standards define pagination for large datasets.”","Phase 0 documentation/roadmap deliverable (identifier pending ODR-001)","Versioned artifact plus reviewer sign-off and citation trace.","Pending independent review","Not started"
"REQ-058.23","REQ-058","Part 6","API Philosophy, Objectives, and Standards","L2561; L2575","Every API should follow consistent standards. || Filtering","ffbc6e0d950798e2b584b86f3b300f85f809852f06cdea7efe23f8819cc7043a","API standards define filtering.","SHOULD","Documentation","Pre-implementation deliverable","REC","Backend/API","None stated by the Constitution","The named artifact exists, addresses this statement, and is traceable to the cited lines: “API standards define filtering.”","Phase 0 documentation/roadmap deliverable (identifier pending ODR-001)","Versioned artifact plus reviewer sign-off and citation trace.","Pending independent review","Not started"
"REQ-058.24","REQ-058","Part 6","API Philosophy, Objectives, and Standards","L2561; L2577","Every API should follow consistent standards. || Sorting","eb522c1d371674fc513925eda23980ee0e10926af6b282102fda72f8a6f60fb9","API standards define sorting.","SHOULD","Documentation","Pre-implementation deliverable","REC","Backend/API","None stated by the Constitution","The named artifact exists, addresses this statement, and is traceable to the cited lines: “API standards define sorting.”","Phase 0 documentation/roadmap deliverable (identifier pending ODR-001)","Versioned artifact plus reviewer sign-off and citation trace.","Pending independent review","Not started"
"REQ-058.25","REQ-058","Part 6","API Philosophy, Objectives, and Standards","L2561; L2579","Every API should follow consistent standards. || Search","d53c1ca7a9b5d28645bd2d9caa50a2dacd6de80128d4d6aa2e8d155731f55755","API standards define search.","SHOULD","Documentation","Pre-implementation deliverable","REC","Backend/API","None stated by the Constitution","The named artifact exists, addresses this statement, and is traceable to the cited lines: “API standards define search.”","Phase 0 documentation/roadmap deliverable (identifier pending ODR-001)","Versioned artifact plus reviewer sign-off and citation trace.","Pending independent review","Not started"
"REQ-058.26","REQ-058","Part 6","API Philosophy, Objectives, and Standards","L2561; L2581","Every API should follow consistent standards. || Versioning","39c21277628af163cf0c78563bfcfb255ec63273b65578eb96874fd7343e5a39","API standards define versioning.","SHOULD","Documentation","Pre-implementation deliverable","REC","Backend/API","None stated by the Constitution","The named artifact exists, addresses this statement, and is traceable to the cited lines: “API standards define versioning.”","Phase 0 documentation/roadmap deliverable (identifier pending ODR-001)","Versioned artifact plus reviewer sign-off and citation trace.","Pending independent review","Not started"
"REQ-058.27","REQ-058","Part 6","API Philosophy, Objectives, and Standards","L2561; L2583","Every API should follow consistent standards. || Rate limiting where appropriate","c5c289d67712616e63fad21ac7616ac4d45b5da77d2c4d9233edca9a8b1ab630","API standards define rate limiting where appropriate.","SHOULD","Documentation","Pre-implementation deliverable","REC","Backend/API","None stated by the Constitution","The named artifact exists, addresses this statement, and is traceable to the cited lines: “API standards define rate limiting where appropriate.”","Phase 0 documentation/roadmap deliverable (identifier pending ODR-001)","Versioned artifact plus reviewer sign-off and citation trace.","Pending independent review","Not started"
"REQ-058.28","REQ-058","Part 6","API Philosophy, Objectives, and Standards","L2585","The AI should recommend and document these standards before implementation.","9f8a7f13b85e61c7a26a659e8cf094e83fb720f85e70a5f2dc6d5525b66b99c0","The API standards are recommended and documented before implementation.","SHOULD","Documentation","Pre-implementation deliverable","REC","Backend/API","None stated by the Constitution","The named artifact exists, addresses this statement, and is traceable to the cited lines: “The API standards are recommended and documented before implementation.”","Phase 0 documentation/roadmap deliverable (identifier pending ODR-001)","Versioned artifact plus reviewer sign-off and citation trace.","Pending independent review","Not started"
"REQ-058.29","REQ-058","Part 6","API Philosophy, Objectives, and Standards","L2589–L2591","API VERSIONING / Design a versioning strategy from the beginning.","dc812e25ce09be191e26202dd9ff7a0fc6c967ca3005b24d11a22e83940a1e4e","An API versioning strategy is designed from the beginning.","SHOULD","API","Pre-implementation deliverable","REC","Backend/API","None stated by the Constitution","Contract and integration tests confirm this statement: “An API versioning strategy is designed from the beginning.”","API Architecture & Integration deliverable (identifier pending ODR-001)","Versioned API contract plus passing contract/integration tests.","Pending independent review","Not started"
"REQ-058.30","REQ-058","Part 6","API Philosophy, Objectives, and Standards","L2593","The platform should be able to introduce future API versions while maintaining backward compatibility whenever practical.","3957eb127d5f7e3dfb2fb3936c566d1142ce862f4fbf81417beab8fa6ce398fa","Future API versions preserve backward compatibility whenever practical.","SHOULD","Non-functional","Future","FRR","Backend/API","None stated by the Constitution","A defined measurement or design review confirms this statement: “Future API versions preserve backward compatibility whenever practical.”","Business/Product/Technical Blueprint (identifier pending ODR-001)","Defined metric/standard plus measured result or documented review.","Pending independent review","Not started"
"REQ-059.01","REQ-059","Part 6","Authentication and User APIs","L2599; L2601","Design APIs for: || Registration","b21ecee58a4f2e9da7ea6459c0511e99ac385a8eb1b9a98a238d8c3c14e67ad3","Authentication APIs support registration.","MUST","API","V1","CD","Backend/API","None stated by the Constitution","Contract and integration tests confirm this statement: “Authentication APIs support registration.”","API Architecture & Integration deliverable (identifier pending ODR-001)","Versioned API contract plus passing contract/integration tests.","Pending independent review","Not started"
"REQ-059.02","REQ-059","Part 6","Authentication and User APIs","L2599; L2603","Design APIs for: || Email Verification","91e068687a2aa01a1cc47c50fccc15651728bf0a12182e192551d35e8f98d435","Authentication APIs support email verification.","MUST","API","V1","CD","Backend/API","None stated by the Constitution","Contract and integration tests confirm this statement: “Authentication APIs support email verification.”","API Architecture & Integration deliverable (identifier pending ODR-001)","Versioned API contract plus passing contract/integration tests.","Pending independent review","Not started"
"REQ-059.03","REQ-059","Part 6","Authentication and User APIs","L2599; L2605","Design APIs for: || Login","525feaaa87e7a797ab76b4f4c89c4d0427ddbe1fdce0e0db4824d896cf6929da","Authentication APIs support login.","MUST","API","V1","CD","Backend/API","None stated by the Constitution","Contract and integration tests confirm this statement: “Authentication APIs support login.”","API Architecture & Integration deliverable (identifier pending ODR-001)","Versioned API contract plus passing contract/integration tests.","Pending independent review","Not started"
"REQ-059.04","REQ-059","Part 6","Authentication and User APIs","L2599; L2607","Design APIs for: || Logout","01d28638c1f7cdb23b90d3490e5e11f0a36bfe49dfae14d25583d55a412c1528","Authentication APIs support logout.","MUST","API","V1","CD","Backend/API","None stated by the Constitution","Contract and integration tests confirm this statement: “Authentication APIs support logout.”","API Architecture & Integration deliverable (identifier pending ODR-001)","Versioned API contract plus passing contract/integration tests.","Pending independent review","Not started"
"REQ-059.05","REQ-059","Part 6","Authentication and User APIs","L2599; L2609","Design APIs for: || Password Reset","e65c966bc17a79ac695b3455c5f54ee237af82f0461b429e529c10b6a5e02c8b","Authentication APIs support password reset.","MUST","API","V1","CD","Backend/API","None stated by the Constitution","Contract and integration tests confirm this statement: “Authentication APIs support password reset.”","API Architecture & Integration deliverable (identifier pending ODR-001)","Versioned API contract plus passing contract/integration tests.","Pending independent review","Not started"
"REQ-059.06","REQ-059","Part 6","Authentication and User APIs","L2599; L2611","Design APIs for: || Session Refresh","f5ba3f86e9cab7397f85352e93c5e20cdf6aee9b90278f559c7769ee18bc58ab","Authentication APIs support session refresh.","MUST","API","V1","CD","Backend/API","None stated by the Constitution","Contract and integration tests confirm this statement: “Authentication APIs support session refresh.”","API Architecture & Integration deliverable (identifier pending ODR-001)","Versioned API contract plus passing contract/integration tests.","Pending independent review","Not started"
"REQ-059.07","REQ-059","Part 6","Authentication and User APIs","L2599; L2613","Design APIs for: || Account Status","ef366cc0aff0bfdd99770004ceadff0dcf8f356897f420f83f6d56049df2f9c4","Authentication APIs support account-status retrieval.","MUST","API","V1","CD","Backend/API","None stated by the Constitution","Contract and integration tests confirm this statement: “Authentication APIs support account-status retrieval.”","API Architecture & Integration deliverable (identifier pending ODR-001)","Versioned API contract plus passing contract/integration tests.","Pending independent review","Not started"
"REQ-059.08","REQ-059","Part 6","Authentication and User APIs","L2599; L2615","Design APIs for: || Security Checks","34b3238bc77562bf4e37edaf5c91d1e0f151e7ea1e24e962d91f579a88be3308","Authentication APIs support security checks.","MUST","API","V1","CD","Backend/API","None stated by the Constitution","Contract and integration tests confirm this statement: “Authentication APIs support security checks.”","API Architecture & Integration deliverable (identifier pending ODR-001)","Versioned API contract plus passing contract/integration tests.","Pending independent review","Not started"
"REQ-059.09","REQ-059","Part 6","Authentication and User APIs","L2617","Authentication should be secure and documented.","891b99227f03f0bfe857fe8eb7fe1578d21b3009d51c55e68d71de35b7709a2b","Authentication APIs are secure.","SHOULD","Security","V1","REC","Backend/API","None stated by the Constitution","Security review and negative-path tests confirm this statement: “Authentication APIs are secure.”","Security, Fraud & Compliance deliverable (identifier pending ODR-001)","Threat-control mapping plus passing security/negative-path test evidence.","Pending independent review","Not started"
"REQ-059.10","REQ-059","Part 6","Authentication and User APIs","L2617","Authentication should be secure and documented.","891b99227f03f0bfe857fe8eb7fe1578d21b3009d51c55e68d71de35b7709a2b","Authentication APIs are documented.","SHOULD","Documentation","Pre-implementation deliverable","REC","Backend/API","None stated by the Constitution","The named artifact exists, addresses this statement, and is traceable to the cited lines: “Authentication APIs are documented.”","Phase 0 documentation/roadmap deliverable (identifier pending ODR-001)","Versioned artifact plus reviewer sign-off and citation trace.","Pending independent review","Not started"
"REQ-059.11","REQ-059","Part 6","Authentication and User APIs","L2623; L2625","Support operations such as: || Profile Retrieval","56d6c471ef8371f61309c00410e82e5dfe4bb29dfe34d1263ce22f0079c40499","User APIs support profile retrieval.","MUST","API","V1","CD","Backend/API","None stated by the Constitution","Contract and integration tests confirm this statement: “User APIs support profile retrieval.”","API Architecture & Integration deliverable (identifier pending ODR-001)","Versioned API contract plus passing contract/integration tests.","Pending independent review","Not started"
"REQ-059.12","REQ-059","Part 6","Authentication and User APIs","L2623; L2627","Support operations such as: || Profile Updates","cb2746655a84d05a98750f461d6a15bc5a352373af0333e5d2f2fc01b10cc065","User APIs support profile updates.","MUST","API","V1","CD","Backend/API","None stated by the Constitution","Contract and integration tests confirm this statement: “User APIs support profile updates.”","API Architecture & Integration deliverable (identifier pending ODR-001)","Versioned API contract plus passing contract/integration tests.","Pending independent review","Not started"
"REQ-059.13","REQ-059","Part 6","Authentication and User APIs","L2623; L2629","Support operations such as: || Notification Preferences","722ad0bb95d7bf0f9888540c0ec7a58b32a3d94a4ee5190c6216c9e3f09eb75f","User APIs support notification preferences.","MUST","API","V1","CD","Backend/API","None stated by the Constitution","Contract and integration tests confirm this statement: “User APIs support notification preferences.”","API Architecture & Integration deliverable (identifier pending ODR-001)","Versioned API contract plus passing contract/integration tests.","Pending independent review","Not started"
"REQ-059.14","REQ-059","Part 6","Authentication and User APIs","L2623; L2631","Support operations such as: || Security Settings","9896dff329759f8cf339cf96d7b1b8cc247a4936968e6e6377e9ff1b9a1bd28d","User APIs support security settings.","MUST","API","V1","CD","Backend/API","None stated by the Constitution","Contract and integration tests confirm this statement: “User APIs support security settings.”","API Architecture & Integration deliverable (identifier pending ODR-001)","Versioned API contract plus passing contract/integration tests.","Pending independent review","Not started"
"REQ-059.15","REQ-059","Part 6","Authentication and User APIs","L2623; L2633","Support operations such as: || Activity History","b219fbfc2d7906547b9cf77eb6e3f60696456aa8abe5b2a110f80675a3af7786","User APIs support activity history.","MUST","API","V1","CD","Backend/API","None stated by the Constitution","Contract and integration tests confirm this statement: “User APIs support activity history.”","API Architecture & Integration deliverable (identifier pending ODR-001)","Versioned API contract plus passing contract/integration tests.","Pending independent review","Not started"
"REQ-059.16","REQ-059","Part 6","Authentication and User APIs","L2635","The AI should ensure users can only access their own data unless explicitly authorized.","c92090bfae62afffcca4158294f07c234dc8f5abd15f332f1cb3f845dccd92a5","A user can access only their own data unless explicitly authorized.","SHOULD","Security","V1","REC","Backend/API","None stated by the Constitution","Security review and negative-path tests confirm this statement: “A user can access only their own data unless explicitly authorized.”","Security, Fraud & Compliance deliverable (identifier pending ODR-001)","Threat-control mapping plus passing security/negative-path test evidence.","Pending independent review","Not started"
"REQ-060.01","REQ-060","Part 6","Wallet and Survey APIs","L2641; L2643","Support: || Wallet Summary","368f2cf9f2e23fc9832667dd055df00a0826e1d72c2471e7306f089b8ba65870","Wallet APIs support wallet summary.","MUST","API","V1","CD","Backend/API","None stated by the Constitution","Contract and integration tests confirm this statement: “Wallet APIs support wallet summary.”","API Architecture & Integration deliverable (identifier pending ODR-001)","Versioned API contract plus passing contract/integration tests.","Pending independent review","Not started"
"REQ-060.02","REQ-060","Part 6","Wallet and Survey APIs","L2641; L2645","Support: || Transaction History","8a9e581247fbd814caf68ef1edaca12011d21030189120ba10fe435830fb218c","Wallet APIs support transaction history.","MUST","API","V1","CD","Backend/API","None stated by the Constitution","Contract and integration tests confirm this statement: “Wallet APIs support transaction history.”","API Architecture & Integration deliverable (identifier pending ODR-001)","Versioned API contract plus passing contract/integration tests.","Pending independent review","Not started"
"REQ-060.03","REQ-060","Part 6","Wallet and Survey APIs","L2641; L2647","Support: || Pending Rewards","6dcced8d9a8ad923621599812db0dc0506c05bdb70a70b39796a337a477d5a6a","Wallet APIs support pending rewards.","MUST","API","V1","CD","Backend/API","None stated by the Constitution","Contract and integration tests confirm this statement: “Wallet APIs support pending rewards.”","API Architecture & Integration deliverable (identifier pending ODR-001)","Versioned API contract plus passing contract/integration tests.","Pending independent review","Not started"
"REQ-060.04","REQ-060","Part 6","Wallet and Survey APIs","L2641; L2649","Support: || Mature Rewards","696443a47b54044d0571f8aa2c90fe2ac71dabac999fb2887ad0f75a7037bfb5","Wallet APIs support mature rewards.","MUST","API","V1","CD","Backend/API","None stated by the Constitution","Contract and integration tests confirm this statement: “Wallet APIs support mature rewards.”","API Architecture & Integration deliverable (identifier pending ODR-001)","Versioned API contract plus passing contract/integration tests.","Pending independent review","Not started"
"REQ-060.05","REQ-060","Part 6","Wallet and Survey APIs","L2641; L2651","Support: || Withdrawable Balance","25d965afb3fc5e583110f047abe99273666108b73607ec81193d35075fe0f4d3","Wallet APIs support withdrawable balance.","MUST","API","V1","CD","Backend/API","None stated by the Constitution","Contract and integration tests confirm this statement: “Wallet APIs support withdrawable balance.”","API Architecture & Integration deliverable (identifier pending ODR-001)","Versioned API contract plus passing contract/integration tests.","Pending independent review","Not started"
"REQ-060.06","REQ-060","Part 6","Wallet and Survey APIs","L2641; L2653","Support: || Reward History","4ae6adffd1dbb0a9530fd3079823f58b2e92cba8d4b0d04eb6a078efefe50fb4","Wallet APIs support reward history.","MUST","API","V1","CD","Backend/API","None stated by the Constitution","Contract and integration tests confirm this statement: “Wallet APIs support reward history.”","API Architecture & Integration deliverable (identifier pending ODR-001)","Versioned API contract plus passing contract/integration tests.","Pending independent review","Not started"
"REQ-060.07","REQ-060","Part 6","Wallet and Survey APIs","L2655","Responses should clearly distinguish between different balance states.","7c716911cdef355d30866f0802c9e4ad585d14027088f2ea87ff27d2ae7c5b6a","Wallet API responses clearly distinguish balance states.","SHOULD","API","V1","REC","Backend/API","None stated by the Constitution","Contract and integration tests confirm this statement: “Wallet API responses clearly distinguish balance states.”","API Architecture & Integration deliverable (identifier pending ODR-001)","Versioned API contract plus passing contract/integration tests.","Pending independent review","Not started"
"REQ-060.08","REQ-060","Part 6","Wallet and Survey APIs","L2659–L2661","SURVEY APIs / Provide a consistent interface for survey interactions.","beda96aa8b53d0c675141facd3c3c669cb95cdb46c8be04e08fb0712b44ffbb6","Survey APIs provide a consistent interface for survey interactions.","MUST","API","V1","CD","Backend/API","None stated by the Constitution","Contract and integration tests confirm this statement: “Survey APIs provide a consistent interface for survey interactions.”","API Architecture & Integration deliverable (identifier pending ODR-001)","Versioned API contract plus passing contract/integration tests.","Pending independent review","Not started"
"REQ-060.09","REQ-060","Part 6","Wallet and Survey APIs","L2663; L2665","Capabilities may include: || Available Surveys","b6d4ebf02884cce09f1c5c76afb652a89c52f2627bff315fc9abb8351c94f0ff","Survey APIs may support available-survey listing.","MAY","API","V1","REC","Backend/API","None stated by the Constitution","Contract and integration tests confirm this statement: “Survey APIs may support available-survey listing.”","API Architecture & Integration deliverable (identifier pending ODR-001)","Versioned API contract plus passing contract/integration tests.","Pending independent review","Not started"
"REQ-060.10","REQ-060","Part 6","Wallet and Survey APIs","L2663; L2667","Capabilities may include: || Survey Details","07b5daa04155fadb9b78fe19d911174e71bf4fab462f9a55495e8247c979b556","Survey APIs may support survey details.","MAY","API","V1","REC","Backend/API","None stated by the Constitution","Contract and integration tests confirm this statement: “Survey APIs may support survey details.”","API Architecture & Integration deliverable (identifier pending ODR-001)","Versioned API contract plus passing contract/integration tests.","Pending independent review","Not started"
"REQ-060.11","REQ-060","Part 6","Wallet and Survey APIs","L2663; L2669","Capabilities may include: || Survey Launch","7675c117f6344cbd26a52013f0447896fe6f224519d01fe89bf364b39c71b0bf","Survey APIs may support survey launch.","MAY","API","V1","REC","Backend/API","None stated by the Constitution","Contract and integration tests confirm this statement: “Survey APIs may support survey launch.”","API Architecture & Integration deliverable (identifier pending ODR-001)","Versioned API contract plus passing contract/integration tests.","Pending independent review","Not started"
"REQ-060.12","REQ-060","Part 6","Wallet and Survey APIs","L2663; L2671","Capabilities may include: || Completion Status","e3cf2b76546cfd9e9d0aedcafebc645e6f79753380931401bb5c334692638131","Survey APIs may support completion status.","MAY","API","V1","REC","Backend/API","None stated by the Constitution","Contract and integration tests confirm this statement: “Survey APIs may support completion status.”","API Architecture & Integration deliverable (identifier pending ODR-001)","Versioned API contract plus passing contract/integration tests.","Pending independent review","Not started"
"REQ-060.13","REQ-060","Part 6","Wallet and Survey APIs","L2663; L2673","Capabilities may include: || Reward Updates","265edfb056ffee2954487fc5d01f46b229497a9af12a753ee0ce02cbaeee4690","Survey APIs may support reward updates.","MAY","API","V1","REC","Backend/API","None stated by the Constitution","Contract and integration tests confirm this statement: “Survey APIs may support reward updates.”","API Architecture & Integration deliverable (identifier pending ODR-001)","Versioned API contract plus passing contract/integration tests.","Pending independent review","Not started"
"REQ-060.14","REQ-060","Part 6","Wallet and Survey APIs","L2663; L2675","Capabilities may include: || Survey History","4ad13869bafadafcaa3079ef9929b7dd7f84b0c2fca556cee87a20481cf20044","Survey APIs may support survey history.","MAY","API","V1","REC","Backend/API","None stated by the Constitution","Contract and integration tests confirm this statement: “Survey APIs may support survey history.”","API Architecture & Integration deliverable (identifier pending ODR-001)","Versioned API contract plus passing contract/integration tests.","Pending independent review","Not started"
"REQ-060.15","REQ-060","Part 6","Wallet and Survey APIs","L2677","Provider-specific logic should remain isolated behind integration layers where possible.","50a4411737006aa236782c3e1ae6533e977e4f696d7bd0844eaf15e82bec3c0c","Provider-specific survey logic remains isolated behind integration layers where possible.","SHOULD","API","V1","REC","Backend/API","None stated by the Constitution","Contract and integration tests confirm this statement: “Provider-specific survey logic remains isolated behind integration layers where possible.”","API Architecture & Integration deliverable (identifier pending ODR-001)","Versioned API contract plus passing contract/integration tests.","Pending independent review","Not started"
"REQ-061.01","REQ-061","Part 6","Withdrawal, Leaderboard, and Notification APIs","L2683; L2685","Support: || Available Methods","810457f4037a2e11857557ad6d4d4ffbb8f8beb65bc80f8527beef96091c4348","Withdrawal APIs support available-method retrieval.","MUST","API","V1","CD","Backend/API","None stated by the Constitution","Contract and integration tests confirm this statement: “Withdrawal APIs support available-method retrieval.”","API Architecture & Integration deliverable (identifier pending ODR-001)","Versioned API contract plus passing contract/integration tests.","Pending independent review","Not started"
"REQ-061.02","REQ-061","Part 6","Withdrawal, Leaderboard, and Notification APIs","L2683; L2687","Support: || Withdrawal Request","13ad6cc91ad7c29f7fa7272642f514514565bfc8db860d8a9282ed46345e63fd","Withdrawal APIs support withdrawal requests.","MUST","API","V1","CD","Backend/API","None stated by the Constitution","Contract and integration tests confirm this statement: “Withdrawal APIs support withdrawal requests.”","API Architecture & Integration deliverable (identifier pending ODR-001)","Versioned API contract plus passing contract/integration tests.","Pending independent review","Not started"
"REQ-061.03","REQ-061","Part 6","Withdrawal, Leaderboard, and Notification APIs","L2683; L2689","Support: || Withdrawal Status","ba0b230af9fe9e1b831d7009d54c4928285f2afe8bf3b94e68f2fc5e0c36712f","Withdrawal APIs support withdrawal-status retrieval.","MUST","API","V1","CD","Backend/API","None stated by the Constitution","Contract and integration tests confirm this statement: “Withdrawal APIs support withdrawal-status retrieval.”","API Architecture & Integration deliverable (identifier pending ODR-001)","Versioned API contract plus passing contract/integration tests.","Pending independent review","Not started"
"REQ-061.04","REQ-061","Part 6","Withdrawal, Leaderboard, and Notification APIs","L2683; L2691","Support: || Withdrawal History","86e7d14824adb92d4e188130f3ec83e6856d95416e05e2da929903895328e90a","Withdrawal APIs support withdrawal history.","MUST","API","V1","CD","Backend/API","None stated by the Constitution","Contract and integration tests confirm this statement: “Withdrawal APIs support withdrawal history.”","API Architecture & Integration deliverable (identifier pending ODR-001)","Versioned API contract plus passing contract/integration tests.","Pending independent review","Not started"
"REQ-061.05","REQ-061","Part 6","Withdrawal, Leaderboard, and Notification APIs","L2683; L2693","Support: || Validation","89c81162f767b8840432c0af551af7d308af297243436c1c66261f35bad29337","Withdrawal APIs support validation.","MUST","API","V1","CD","Backend/API","None stated by the Constitution","Contract and integration tests confirm this statement: “Withdrawal APIs support validation.”","API Architecture & Integration deliverable (identifier pending ODR-001)","Versioned API contract plus passing contract/integration tests.","Pending independent review","Not started"
"REQ-061.06","REQ-061","Part 6","Withdrawal, Leaderboard, and Notification APIs","L2695","The system should validate requests before processing.","76a3fa551450d947e62a93b058976ba03db0c40dff3051b71d032f2acdfa7cdd","Withdrawal requests are validated before processing.","SHOULD","Business Rule","V1","CBR","Backend/API","None stated by the Constitution","An acceptance test confirms this statement: “Withdrawal requests are validated before processing.”","Business/Product/Technical Blueprint (identifier pending ODR-001)","Passing business-rule test using controlled fixtures and expected outcomes.","Pending independent review","Not started"
"REQ-061.07","REQ-061","Part 6","Withdrawal, Leaderboard, and Notification APIs","L2701; L2703","Support: || Weekly Rankings","98621f8c2b8b7dc06a07a9a4ee7dd68f2f8e3955c5bc1280b0eb5d6f87022dbd","Leaderboard APIs support weekly rankings.","MUST","API","V1","CD","Backend/API","None stated by the Constitution","Contract and integration tests confirm this statement: “Leaderboard APIs support weekly rankings.”","API Architecture & Integration deliverable (identifier pending ODR-001)","Versioned API contract plus passing contract/integration tests.","Pending independent review","Not started"
"REQ-061.08","REQ-061","Part 6","Withdrawal, Leaderboard, and Notification APIs","L2701; L2705","Support: || Monthly Rankings","368bea16e4da52f9dfec96431e231868fba9b8dc22aa7fb7dfa145f6f5b4321e","Leaderboard APIs support monthly rankings.","MUST","API","V1","CD","Backend/API","None stated by the Constitution","Contract and integration tests confirm this statement: “Leaderboard APIs support monthly rankings.”","API Architecture & Integration deliverable (identifier pending ODR-001)","Versioned API contract plus passing contract/integration tests.","Pending independent review","Not started"
"REQ-061.09","REQ-061","Part 6","Withdrawal, Leaderboard, and Notification APIs","L2701; L2707","Support: || User Position","d7fd59d9a1de2c8084ca393f638e83d65ccb0dfa428b11292da7cd8d1963b27a","Leaderboard APIs support user position.","MUST","API","V1","CD","Backend/API","None stated by the Constitution","Contract and integration tests confirm this statement: “Leaderboard APIs support user position.”","API Architecture & Integration deliverable (identifier pending ODR-001)","Versioned API contract plus passing contract/integration tests.","Pending independent review","Not started"
"REQ-061.10","REQ-061","Part 6","Withdrawal, Leaderboard, and Notification APIs","L2701; L2709","Support: || Historical Rankings","7dcb5537cc47260e16451de002d4a33fdde0a69abb8e06fbd8fc0a537ef729da","Leaderboard APIs support historical rankings.","MUST","API","V1","CD","Backend/API","None stated by the Constitution","Contract and integration tests confirm this statement: “Leaderboard APIs support historical rankings.”","API Architecture & Integration deliverable (identifier pending ODR-001)","Versioned API contract plus passing contract/integration tests.","Pending independent review","Not started"
"REQ-061.11","REQ-061","Part 6","Withdrawal, Leaderboard, and Notification APIs","L2711","Leaderboard calculations should be transparent and configurable.","a21d9e0ec327d1cd52249b2a90957b509c016b50b598759c3f5dada4c71b9a0b","Leaderboard calculations are transparent.","SHOULD","Business Rule","V1","CBR","Backend/API","None stated by the Constitution","An acceptance test confirms this statement: “Leaderboard calculations are transparent.”","Business/Product/Technical Blueprint (identifier pending ODR-001)","Passing business-rule test using controlled fixtures and expected outcomes.","Pending independent review","Not started"
"REQ-061.12","REQ-061","Part 6","Withdrawal, Leaderboard, and Notification APIs","L2711","Leaderboard calculations should be transparent and configurable.","a21d9e0ec327d1cd52249b2a90957b509c016b50b598759c3f5dada4c71b9a0b","Leaderboard API behavior uses configurable calculation rules.","SHOULD","Business Rule","V1","CBR","Backend/API","None stated by the Constitution","An acceptance test confirms this statement: “Leaderboard API behavior uses configurable calculation rules.”","Business/Product/Technical Blueprint (identifier pending ODR-001)","Passing business-rule test using controlled fixtures and expected outcomes.","Pending independent review","Not started"
"REQ-061.13","REQ-061","Part 6","Withdrawal, Leaderboard, and Notification APIs","L2717; L2719","Support: || Notification List","419e050995cb6e082f259d792ee1e144a72f3ec89070cf3eeb59f6d42fd88441","Notification APIs support notification listing.","MUST","API","V1","CD","Backend/API","None stated by the Constitution","Contract and integration tests confirm this statement: “Notification APIs support notification listing.”","API Architecture & Integration deliverable (identifier pending ODR-001)","Versioned API contract plus passing contract/integration tests.","Pending independent review","Not started"
"REQ-061.14","REQ-061","Part 6","Withdrawal, Leaderboard, and Notification APIs","L2717; L2721","Support: || Read Status","35c27980804fd5389071e6eb8db710f0264c61c1bd7ae84fd46d4369f8d4e14f","Notification APIs support read-status updates.","MUST","API","V1","CD","Backend/API","None stated by the Constitution","Contract and integration tests confirm this statement: “Notification APIs support read-status updates.”","API Architecture & Integration deliverable (identifier pending ODR-001)","Versioned API contract plus passing contract/integration tests.","Pending independent review","Not started"
"REQ-061.15","REQ-061","Part 6","Withdrawal, Leaderboard, and Notification APIs","L2717; L2723","Support: || Archive","aa1eb9dc10fa6b2a8b9f34ac15d7962c526784345133dadd2613269c24819c82","Notification APIs support archiving.","MUST","API","V1","CD","Backend/API","None stated by the Constitution","Contract and integration tests confirm this statement: “Notification APIs support archiving.”","API Architecture & Integration deliverable (identifier pending ODR-001)","Versioned API contract plus passing contract/integration tests.","Pending independent review","Not started"
"REQ-061.16","REQ-061","Part 6","Withdrawal, Leaderboard, and Notification APIs","L2717; L2725","Support: || Delete","0f4ba36a2ce2d03c99791850b8a12245ad8e15f776a5061b060e74bcdfd1a782","Notification APIs support deletion.","MUST","API","V1","CD","Backend/API","None stated by the Constitution","Contract and integration tests confirm this statement: “Notification APIs support deletion.”","API Architecture & Integration deliverable (identifier pending ODR-001)","Versioned API contract plus passing contract/integration tests.","Pending independent review","Not started"
"REQ-061.17","REQ-061","Part 6","Withdrawal, Leaderboard, and Notification APIs","L2717; L2727","Support: || Preferences","47bc6c122e8965e3e0d055ed54792eda2929dc0332337c119b12fab5c5d3de33","Notification APIs support preferences.","MUST","API","V1","CD","Backend/API","None stated by the Constitution","Contract and integration tests confirm this statement: “Notification APIs support preferences.”","API Architecture & Integration deliverable (identifier pending ODR-001)","Versioned API contract plus passing contract/integration tests.","Pending independent review","Not started"
"REQ-061.18","REQ-061","Part 6","Withdrawal, Leaderboard, and Notification APIs","L2729","Future push notification support should fit naturally into this architecture.","74b575a3ced96bfd1735024df7a41ceb6a0611dddedfea76ce82359f8481ee4e","Future push notifications fit naturally into the notification API architecture.","SHOULD","Non-functional","Future","FRR","Backend/API","None stated by the Constitution","A defined measurement or design review confirms this statement: “Future push notifications fit naturally into the notification API architecture.”","Business/Product/Technical Blueprint (identifier pending ODR-001)","Defined metric/standard plus measured result or documented review.","Pending independent review","Not started"
"REQ-062.01","REQ-062","Part 6","Support, CMS, and Admin APIs","L2735; L2737","Support: || Ticket Creation","01b67b733ecfa45898418f1c03b522897a8a7672e67bcbb186d3ceb9b18beef1","Support APIs support ticket creation.","MUST","API","V1","CD","Backend/API","None stated by the Constitution","Contract and integration tests confirm this statement: “Support APIs support ticket creation.”","API Architecture & Integration deliverable (identifier pending ODR-001)","Versioned API contract plus passing contract/integration tests.","Pending independent review","Not started"
"REQ-062.02","REQ-062","Part 6","Support, CMS, and Admin APIs","L2735; L2739","Support: || Ticket Updates","22567a825f1ba25d5fe476182505740a5a74e21c8c5a1c5d00ba8d6287094cc5","Support APIs support ticket updates.","MUST","API","V1","CD","Backend/API","None stated by the Constitution","Contract and integration tests confirm this statement: “Support APIs support ticket updates.”","API Architecture & Integration deliverable (identifier pending ODR-001)","Versioned API contract plus passing contract/integration tests.","Pending independent review","Not started"
"REQ-062.03","REQ-062","Part 6","Support, CMS, and Admin APIs","L2735; L2741","Support: || Conversation History","06f63614409c2398bd4ebe01bf4c9c2e328ebec15683f83c159cd3a97e440415","Support APIs support conversation history.","MUST","API","V1","CD","Backend/API","None stated by the Constitution","Contract and integration tests confirm this statement: “Support APIs support conversation history.”","API Architecture & Integration deliverable (identifier pending ODR-001)","Versioned API contract plus passing contract/integration tests.","Pending independent review","Not started"
"REQ-062.04","REQ-062","Part 6","Support, CMS, and Admin APIs","L2735; L2743","Support: || Attachments","6229af7f985986258604b60097494af332a527f269a27be68121ba2b853c96ae","Support APIs support attachments.","MUST","API","V1","CD","Backend/API","None stated by the Constitution","Contract and integration tests confirm this statement: “Support APIs support attachments.”","API Architecture & Integration deliverable (identifier pending ODR-001)","Versioned API contract plus passing contract/integration tests.","Pending independent review","Not started"
"REQ-062.05","REQ-062","Part 6","Support, CMS, and Admin APIs","L2735; L2745","Support: || Status Tracking","f02c9ba129c7e995ebe3a5e90996ce0ded9ae47ba77dcfdc0579f3b4e65a6752","Support APIs support status tracking.","MUST","API","V1","CD","Backend/API","None stated by the Constitution","Contract and integration tests confirm this statement: “Support APIs support status tracking.”","API Architecture & Integration deliverable (identifier pending ODR-001)","Versioned API contract plus passing contract/integration tests.","Pending independent review","Not started"
"REQ-062.06","REQ-062","Part 6","Support, CMS, and Admin APIs","L2747","The API should provide a complete support experience.","153b7a9f19e4a22d55f919441d81be8ad6c144f9a8037fa39e658b8013d9055d","Support APIs provide a complete support experience.","SHOULD","Non-functional","V1","REC","Backend/API","None stated by the Constitution","A defined measurement or design review confirms this statement: “Support APIs provide a complete support experience.”","Business/Product/Technical Blueprint (identifier pending ODR-001)","Defined metric/standard plus measured result or documented review.","Pending independent review","Not started"
"REQ-062.07","REQ-062","Part 6","Support, CMS, and Admin APIs","L2753; L2755","Support content retrieval for: || Homepage","3f21f2718510143b235cd9bc94b7f6a77911b8caaa90a86099b66a8f49defe59","CMS APIs support homepage-content retrieval.","MUST","API","V1","CD","Backend/API","None stated by the Constitution","Contract and integration tests confirm this statement: “CMS APIs support homepage-content retrieval.”","API Architecture & Integration deliverable (identifier pending ODR-001)","Versioned API contract plus passing contract/integration tests.","Pending independent review","Not started"
"REQ-062.08","REQ-062","Part 6","Support, CMS, and Admin APIs","L2753; L2757","Support content retrieval for: || Blog","aab887f94d614688cbf59bdf15e756ecaa7d6766999a65934201e5be16f27288","CMS APIs support blog-content retrieval.","MUST","API","V1","CD","Backend/API","None stated by the Constitution","Contract and integration tests confirm this statement: “CMS APIs support blog-content retrieval.”","API Architecture & Integration deliverable (identifier pending ODR-001)","Versioned API contract plus passing contract/integration tests.","Pending independent review","Not started"
"REQ-062.09","REQ-062","Part 6","Support, CMS, and Admin APIs","L2753; L2759","Support content retrieval for: || Static Pages","514bd0b33b3ee4396bcb6c1563f1b3da5d39b7edb39dddf9cd5d21484afefe15","CMS APIs support static-page retrieval.","MUST","API","V1","CD","Backend/API","None stated by the Constitution","Contract and integration tests confirm this statement: “CMS APIs support static-page retrieval.”","API Architecture & Integration deliverable (identifier pending ODR-001)","Versioned API contract plus passing contract/integration tests.","Pending independent review","Not started"
"REQ-062.10","REQ-062","Part 6","Support, CMS, and Admin APIs","L2753; L2761","Support content retrieval for: || FAQs","a8829af72c745f77ef8d5da2d34594c37bd2750f47a2ee167233646396c0ce87","CMS APIs support FAQ retrieval.","MUST","API","V1","CD","Backend/API","None stated by the Constitution","Contract and integration tests confirm this statement: “CMS APIs support FAQ retrieval.”","API Architecture & Integration deliverable (identifier pending ODR-001)","Versioned API contract plus passing contract/integration tests.","Pending independent review","Not started"
"REQ-062.11","REQ-062","Part 6","Support, CMS, and Admin APIs","L2753; L2763","Support content retrieval for: || Announcements","2fe0653169525889fc79e4f131d19273a8dfbc62f8fa674615718bb279b51756","CMS APIs support announcement retrieval.","MUST","API","V1","CD","Backend/API","None stated by the Constitution","Contract and integration tests confirm this statement: “CMS APIs support announcement retrieval.”","API Architecture & Integration deliverable (identifier pending ODR-001)","Versioned API contract plus passing contract/integration tests.","Pending independent review","Not started"
"REQ-062.12","REQ-062","Part 6","Support, CMS, and Admin APIs","L2765","Administrative content management should use appropriate authorization controls.","241c8ebedbabff3f6a3e1631185ab7d310a47ba4faa23af468c715f48dfa3dc5","Administrative content-management APIs use appropriate authorization controls.","SHOULD","Security","V1","REC","Backend/API","None stated by the Constitution","Security review and negative-path tests confirm this statement: “Administrative content-management APIs use appropriate authorization controls.”","Security, Fraud & Compliance deliverable (identifier pending ODR-001)","Threat-control mapping plus passing security/negative-path test evidence.","Pending independent review","Not started"
"REQ-062.13","REQ-062","Part 6","Support, CMS, and Admin APIs","L2771; L2773","Design secure administrative APIs for: || User Management","c3b9e5a718c780cdd168eaa4466a7ab9e119e68ddcbb5c1d393a3e1b4f2e443a","Secure admin APIs support user management.","MUST","Security","V1","CD","Backend/API","None stated by the Constitution","Security review and negative-path tests confirm this statement: “Secure admin APIs support user management.”","Security, Fraud & Compliance deliverable (identifier pending ODR-001)","Threat-control mapping plus passing security/negative-path test evidence.","Pending independent review","Not started"
"REQ-062.14","REQ-062","Part 6","Support, CMS, and Admin APIs","L2771; L2775","Design secure administrative APIs for: || Platform Settings","93bd95e02efe93089e1d42e31d65873fa849a000287b187a6e6d0ea977d6fc90","Secure admin APIs support platform settings.","MUST","Security","V1","CD","Backend/API","None stated by the Constitution","Security review and negative-path tests confirm this statement: “Secure admin APIs support platform settings.”","Security, Fraud & Compliance deliverable (identifier pending ODR-001)","Threat-control mapping plus passing security/negative-path test evidence.","Pending independent review","Not started"
"REQ-062.15","REQ-062","Part 6","Support, CMS, and Admin APIs","L2771; L2777","Design secure administrative APIs for: || Wallet Adjustments","418c7ff008dda0a8ea2c1811c74f580936edbed59dc19e5db04217adc0633926","Secure admin APIs support wallet adjustments.","MUST","Security","V1","CD","Backend/API","None stated by the Constitution","Security review and negative-path tests confirm this statement: “Secure admin APIs support wallet adjustments.”","Security, Fraud & Compliance deliverable (identifier pending ODR-001)","Threat-control mapping plus passing security/negative-path test evidence.","Pending independent review","Not started"
"REQ-062.16","REQ-062","Part 6","Support, CMS, and Admin APIs","L2771; L2779","Design secure administrative APIs for: || Withdrawal Management","cdc9d323be6ff915569f2284cafb967d0fa559c44fd9f352d01e7c8b6b259238","Secure admin APIs support withdrawal management.","MUST","Security","V1","CD","Backend/API","None stated by the Constitution","Security review and negative-path tests confirm this statement: “Secure admin APIs support withdrawal management.”","Security, Fraud & Compliance deliverable (identifier pending ODR-001)","Threat-control mapping plus passing security/negative-path test evidence.","Pending independent review","Not started"
"REQ-062.17","REQ-062","Part 6","Support, CMS, and Admin APIs","L2771; L2781","Design secure administrative APIs for: || CMS Management","a18643d4ebf6c5f6114df6f5c53f56693caf2a6517b53ad3d7cad02b83ccfeaa","Secure admin APIs support CMS management.","MUST","Security","V1","CD","Backend/API","None stated by the Constitution","Security review and negative-path tests confirm this statement: “Secure admin APIs support CMS management.”","Security, Fraud & Compliance deliverable (identifier pending ODR-001)","Threat-control mapping plus passing security/negative-path test evidence.","Pending independent review","Not started"
"REQ-062.18","REQ-062","Part 6","Support, CMS, and Admin APIs","L2771; L2783","Design secure administrative APIs for: || Analytics","318e5ed995cf3a41f1e14755c5eb998fb33300f7fccd94fe2d9a5fd546a59eb2","Secure admin APIs support analytics.","MUST","Security","V1","CD","Backend/API","None stated by the Constitution","Security review and negative-path tests confirm this statement: “Secure admin APIs support analytics.”","Security, Fraud & Compliance deliverable (identifier pending ODR-001)","Threat-control mapping plus passing security/negative-path test evidence.","Pending independent review","Not started"
"REQ-062.19","REQ-062","Part 6","Support, CMS, and Admin APIs","L2771; L2785","Design secure administrative APIs for: || Audit Logs","b5ae24604011d28257e9c7edc18980da8551ef69dd8417cad560ea63e1dc86bd","Secure admin APIs support audit-log access.","MUST","Security","V1","CD","Backend/API","None stated by the Constitution","Security review and negative-path tests confirm this statement: “Secure admin APIs support audit-log access.”","Security, Fraud & Compliance deliverable (identifier pending ODR-001)","Threat-control mapping plus passing security/negative-path test evidence.","Pending independent review","Not started"
"REQ-062.20","REQ-062","Part 6","Support, CMS, and Admin APIs","L2771; L2787","Design secure administrative APIs for: || Notifications","e7afe384edd58856394454fdbd492ebdc4300621d548edf84de910600ff6c840","Secure admin APIs support notifications.","MUST","Security","V1","CD","Backend/API","None stated by the Constitution","Security review and negative-path tests confirm this statement: “Secure admin APIs support notifications.”","Security, Fraud & Compliance deliverable (identifier pending ODR-001)","Threat-control mapping plus passing security/negative-path test evidence.","Pending independent review","Not started"
"REQ-062.21","REQ-062","Part 6","Support, CMS, and Admin APIs","L2771; L2789","Design secure administrative APIs for: || Moderation","44b855dd38df0bb04b1b1718706de3b36ca1d5b8eb74b2d8548653dda5b9a723","Secure admin APIs support moderation.","MUST","Security","V1","CD","Backend/API","None stated by the Constitution","Security review and negative-path tests confirm this statement: “Secure admin APIs support moderation.”","Security, Fraud & Compliance deliverable (identifier pending ODR-001)","Threat-control mapping plus passing security/negative-path test evidence.","Pending independent review","Not started"
"REQ-062.22","REQ-062","Part 6","Support, CMS, and Admin APIs","L2791","Administrative operations should require appropriate permissions.","67c1e350e5678b45451f1cc86a24065c0cde539d4fd8057f5a7d5bae7c08494a","Administrative API operations require appropriate permissions.","SHOULD","Security","V1","REC","Backend/API","None stated by the Constitution","Security review and negative-path tests confirm this statement: “Administrative API operations require appropriate permissions.”","Security, Fraud & Compliance deliverable (identifier pending ODR-001)","Threat-control mapping plus passing security/negative-path test evidence.","Pending independent review","Not started"
"REQ-063.01","REQ-063","Part 6","Provider Integration and Webhooks","L2795–L2797","PROVIDER INTEGRATION LAYER / Create an abstraction layer for external providers.","a2a74b01836bd90ea4977570a4476f1b7e466b61467613c1c17812e5e006d986","The platform has an abstraction layer for external providers.","MUST","API","V1","CD","Backend/Integration","None stated by the Constitution","Contract and integration tests confirm this statement: “The platform has an abstraction layer for external providers.”","API Architecture & Integration deliverable (identifier pending ODR-001)","Versioned API contract plus passing contract/integration tests.","Pending independent review","Not started"
"REQ-063.02","REQ-063","Part 6","Provider Integration and Webhooks","L2799","The AI should design a provider interface that minimizes provider-specific code throughout the application.","2e402dd994db5ee7a015dec4cd1960ce2ae49678ede00cdfa027ba9a77e4da8e","The provider interface minimizes provider-specific code outside integration modules.","SHOULD","API","V1","REC","Backend/Integration","None stated by the Constitution","Contract and integration tests confirm this statement: “The provider interface minimizes provider-specific code outside integration modules.”","API Architecture & Integration deliverable (identifier pending ODR-001)","Versioned API contract plus passing contract/integration tests.","Pending independent review","Not started"
"REQ-063.03","REQ-063","Part 6","Provider Integration and Webhooks","L2801","When adding a new provider, implementation should primarily involve creating a new integration module rather than modifying core business logic.","005e4700daf370c610817ac38c75383073458e9f01811ec5124c2d9cc990885d","Adding a provider primarily creates a new integration module rather than modifying core business logic.","SHOULD","API","V1","REC","Backend/Integration","None stated by the Constitution","Contract and integration tests confirm this statement: “Adding a provider primarily creates a new integration module rather than modifying core business logic.”","API Architecture & Integration deliverable (identifier pending ODR-001)","Versioned API contract plus passing contract/integration tests.","Pending independent review","Not started"
"REQ-063.04","REQ-063","Part 6","Provider Integration and Webhooks","L2803","Integrations should comply with each provider's published requirements and agreements.","efd159883e8a0f7f1c61c2d6fa383eab11aec36f7670f804ea2ab0137f3facd2","Integrations comply with each provider’s published requirements and agreements.","SHOULD","Compliance","V1","REC","Backend/Integration","EFE-001","An acceptance test confirms this statement: “Integrations comply with each provider’s published requirements and agreements.”","Security, Fraud & Compliance deliverable (identifier pending ODR-001)","Control mapping, authoritative evidence, and review record.","Pending independent review","Not started"
"REQ-063.05","REQ-063","Part 6","Provider Integration and Webhooks","L2807–L2809","WEBHOOK ARCHITECTURE / Where supported by providers, design a secure webhook handling system.","b0dcf5352c0f0ac8661ed5df6c76ad8d2b701c152bdf43323292edd7b1f810de","A secure webhook handling system is designed where providers support webhooks.","SHOULD","API","V1","REC","Backend/Integration","EFE-001","Contract and integration tests confirm this statement: “A secure webhook handling system is designed where providers support webhooks.”","API Architecture & Integration deliverable (identifier pending ODR-001)","Versioned API contract plus passing contract/integration tests.","Pending independent review","Not started"
"REQ-063.06","REQ-063","Part 6","Provider Integration and Webhooks","L2811; L2813","Requirements include: || Verification of incoming requests","c4c1d2d5b6324fbc192b0b3d313d154d3725a6f944a65c8f54f3b9571149107e","Webhook handling verifies incoming requests.","SHOULD","Security","V1","REC","Backend/Integration","None stated by the Constitution","Security review and negative-path tests confirm this statement: “Webhook handling verifies incoming requests.”","Security, Fraud & Compliance deliverable (identifier pending ODR-001)","Threat-control mapping plus passing security/negative-path test evidence.","Pending independent review","Not started"
"REQ-063.07","REQ-063","Part 6","Provider Integration and Webhooks","L2811; L2815","Requirements include: || Logging","5776e6a2b628a809547aaded8e1025ca51999802b7e1347fbefcceed84582261","Webhook handling records logs.","SHOULD","Operational","V1","REC","Backend/Integration","None stated by the Constitution","Operational execution or recovery evidence confirms this statement: “Webhook handling records logs.”","Infrastructure, DevOps & Operations deliverable (identifier pending ODR-001)","Runbook/configuration plus execution, monitoring, or recovery evidence.","Pending independent review","Not started"
"REQ-063.08","REQ-063","Part 6","Provider Integration and Webhooks","L2811; L2817","Requirements include: || Retry handling","8962d3a019a5310c941c973a372704bf5ef93c18a331cb82205bbc21a4bd6d2c","Webhook handling supports retry processing.","SHOULD","Operational","V1","REC","Backend/Integration","None stated by the Constitution","Operational execution or recovery evidence confirms this statement: “Webhook handling supports retry processing.”","Infrastructure, DevOps & Operations deliverable (identifier pending ODR-001)","Runbook/configuration plus execution, monitoring, or recovery evidence.","Pending independent review","Not started"
"REQ-063.09","REQ-063","Part 6","Provider Integration and Webhooks","L2811; L2819","Requirements include: || Idempotency","8cf2033951e25dfd698aad1e2c76633234b8518577428d80b1223de4389a12b7","Webhook handling is idempotent.","SHOULD","API","V1","REC","Backend/Integration","None stated by the Constitution","Contract and integration tests confirm this statement: “Webhook handling is idempotent.”","API Architecture & Integration deliverable (identifier pending ODR-001)","Versioned API contract plus passing contract/integration tests.","Pending independent review","Not started"
"REQ-063.10","REQ-063","Part 6","Provider Integration and Webhooks","L2811; L2821","Requirements include: || Error reporting","0dcfcc120340e8891386ac7a688e126d9d33a01ef99a8ecca27b252a278f2cc5","Webhook handling reports errors.","SHOULD","Operational","V1","REC","Backend/Integration","None stated by the Constitution","Operational execution or recovery evidence confirms this statement: “Webhook handling reports errors.”","Infrastructure, DevOps & Operations deliverable (identifier pending ODR-001)","Runbook/configuration plus execution, monitoring, or recovery evidence.","Pending independent review","Not started"
"REQ-063.11","REQ-063","Part 6","Provider Integration and Webhooks","L2811; L2823","Requirements include: || Monitoring","4a5bb778e7e0428d2ee61384f339c16ffc02931c87d87ab4accb09be190c83b6","Webhook handling is monitored.","SHOULD","Operational","V1","REC","Backend/Integration","None stated by the Constitution","Operational execution or recovery evidence confirms this statement: “Webhook handling is monitored.”","Infrastructure, DevOps & Operations deliverable (identifier pending ODR-001)","Runbook/configuration plus execution, monitoring, or recovery evidence.","Pending independent review","Not started"
"REQ-063.12","REQ-063","Part 6","Provider Integration and Webhooks","L2825","Webhook processing should be resilient and auditable.","9952bb8f8425b6c851925e452e3b34d96818403b765bb8e11cb4d23d5d4f640a","Webhook processing is resilient.","SHOULD","Non-functional","V1","REC","Backend/Integration","None stated by the Constitution","A defined measurement or design review confirms this statement: “Webhook processing is resilient.”","Business/Product/Technical Blueprint (identifier pending ODR-001)","Defined metric/standard plus measured result or documented review.","Pending independent review","Not started"
"REQ-063.13","REQ-063","Part 6","Provider Integration and Webhooks","L2825","Webhook processing should be resilient and auditable.","9952bb8f8425b6c851925e452e3b34d96818403b765bb8e11cb4d23d5d4f640a","Webhook processing is auditable.","SHOULD","Governance","V1","REC","Backend/Integration","None stated by the Constitution","Workflow and audit evidence confirm this statement: “Webhook processing is auditable.”","Phase 0 documentation/roadmap deliverable (identifier pending ODR-001)","Approval/audit record showing the required gate or workflow was followed.","Pending independent review","Not started"
"REQ-064.01","REQ-064","Part 6","API Background Processing and Error Handling","L2829–L2831","BACKGROUND PROCESSING / Long-running API operations should be processed asynchronously where appropriate.","25e1a6e0d2d25e12554ce61fd744c42b4c15c53eafce8c5d2c71f6558c58413b","Long-running API operations are processed asynchronously where appropriate.","SHOULD","Operational","V1","REC","Backend/API","None stated by the Constitution","Operational execution or recovery evidence confirms this statement: “Long-running API operations are processed asynchronously where appropriate.”","Infrastructure, DevOps & Operations deliverable (identifier pending ODR-001)","Runbook/configuration plus execution, monitoring, or recovery evidence.","Pending independent review","Not started"
"REQ-064.02","REQ-064","Part 6","API Background Processing and Error Handling","L2833–L2843","Examples include: / Email delivery / Notification delivery / Synchronization / Scheduled maintenance / Reporting","bb44e0ed600263873c727950edcdf566da533945c3e4a2db08ae182c5f3b015d","The asynchronous-processing design covers email, notifications, synchronization, maintenance, and reporting workloads.","SHOULD","Operational","V1","REC","Backend/API","None stated by the Constitution","Operational execution or recovery evidence confirms this statement: “The asynchronous-processing design covers email, notifications, synchronization, maintenance, and reporting workloads.”","Infrastructure, DevOps & Operations deliverable (identifier pending ODR-001)","Runbook/configuration plus execution, monitoring, or recovery evidence.","Pending independent review","Not started"
"REQ-064.03","REQ-064","Part 6","API Background Processing and Error Handling","L2845","The AI should recommend the most suitable job processing approach based on the selected infrastructure.","dc14ac22f8218c2c6d1aadeaf970decd2c191249f395fe3b0e9582ba83ecbe11","The job-processing approach is justified against the selected infrastructure.","SHOULD","Documentation","Pre-implementation deliverable","REC","Backend/API","None stated by the Constitution","The named artifact exists, addresses this statement, and is traceable to the cited lines: “The job-processing approach is justified against the selected infrastructure.”","Phase 0 documentation/roadmap deliverable (identifier pending ODR-001)","Versioned artifact plus reviewer sign-off and citation trace.","Pending independent review","Not started"
"REQ-064.04","REQ-064","Part 6","API Background Processing and Error Handling","L2849–L2851","ERROR HANDLING / Every API should return structured responses.","1ab9cd98a6dbf8398a381640d512b6fac625b3af46b3cea7c1de6a83f94bfed3","Every API returns structured responses.","SHOULD","Operational","V1","REC","Backend/API","None stated by the Constitution","Operational execution or recovery evidence confirms this statement: “Every API returns structured responses.”","Infrastructure, DevOps & Operations deliverable (identifier pending ODR-001)","Runbook/configuration plus execution, monitoring, or recovery evidence.","Pending independent review","Not started"
"REQ-064.05","REQ-064","Part 6","API Background Processing and Error Handling","L2853; L2855","Errors should: || Be understandable","7ee0c960c9dd6fb52750eba84322459ae63120dd87a1ceef6165d2e6a0e034c0","API errors are understandable.","SHOULD","Operational","V1","REC","Shared","None stated by the Constitution","Operational execution or recovery evidence confirms this statement: “API errors are understandable.”","Infrastructure, DevOps & Operations deliverable (identifier pending ODR-001)","Runbook/configuration plus execution, monitoring, or recovery evidence.","Pending independent review","Not started"
"REQ-064.06","REQ-064","Part 6","API Background Processing and Error Handling","L2853; L2857","Errors should: || Avoid exposing sensitive implementation details","b67536e8e7fe7e8cf27b139bfc31ba65c2bf6259dd57cc2fc6091ec88a55164b","API errors do not expose sensitive implementation details.","SHOULD","Security","V1","REC","Backend/API","None stated by the Constitution","Security review and negative-path tests confirm this statement: “API errors do not expose sensitive implementation details.”","Security, Fraud & Compliance deliverable (identifier pending ODR-001)","Threat-control mapping plus passing security/negative-path test evidence.","Pending independent review","Not started"
"REQ-064.07","REQ-064","Part 6","API Background Processing and Error Handling","L2853; L2859","Errors should: || Include appropriate status information","9e44755424f32109f66d774a2cb4ad8a8e3481f646253e725bbfcf935a66a78d","API errors include appropriate status information.","SHOULD","Operational","V1","REC","Backend/API","None stated by the Constitution","Operational execution or recovery evidence confirms this statement: “API errors include appropriate status information.”","Infrastructure, DevOps & Operations deliverable (identifier pending ODR-001)","Runbook/configuration plus execution, monitoring, or recovery evidence.","Pending independent review","Not started"
"REQ-064.08","REQ-064","Part 6","API Background Processing and Error Handling","L2853; L2861","Errors should: || Be logged for diagnostics","c234efeae4b5661ca967298a96e1f7eb29747c647d56b540e15623793b39da5c","API errors are logged for diagnostics.","SHOULD","Operational","V1","REC","Backend/API","None stated by the Constitution","Operational execution or recovery evidence confirms this statement: “API errors are logged for diagnostics.”","Infrastructure, DevOps & Operations deliverable (identifier pending ODR-001)","Runbook/configuration plus execution, monitoring, or recovery evidence.","Pending independent review","Not started"
"REQ-064.09","REQ-064","Part 6","API Background Processing and Error Handling","L2863","A consistent error format should be documented and used throughout the platform.","ce9788fedc3ce245a4ed9ff1fc770edb03c1d3f0ba51af1889ce347e6bb2b892","A consistent API error format is documented.","SHOULD","Documentation","Pre-implementation deliverable","REC","Backend/API","None stated by the Constitution","The named artifact exists, addresses this statement, and is traceable to the cited lines: “A consistent API error format is documented.”","Phase 0 documentation/roadmap deliverable (identifier pending ODR-001)","Versioned artifact plus reviewer sign-off and citation trace.","Pending independent review","Not started"
"REQ-064.10","REQ-064","Part 6","API Background Processing and Error Handling","L2863","A consistent error format should be documented and used throughout the platform.","ce9788fedc3ce245a4ed9ff1fc770edb03c1d3f0ba51af1889ce347e6bb2b892","The documented API error format is used across the platform.","SHOULD","Operational","V1","REC","Backend/API","None stated by the Constitution","Operational execution or recovery evidence confirms this statement: “The documented API error format is used across the platform.”","Infrastructure, DevOps & Operations deliverable (identifier pending ODR-001)","Runbook/configuration plus execution, monitoring, or recovery evidence.","Pending independent review","Not started"
"REQ-065.01","REQ-065","Part 6","API Security, Documentation, Testing, and Observability","L2869; L2871","The API architecture should include recommendations for: || Authentication","1b2404cbf66f77570920ad5c6b2ec7d4810e32c13ad6c7d65ade8eafc231f9ba","The API security design covers authentication.","SHOULD","Security","Pre-implementation deliverable","REC","Backend/API","None stated by the Constitution","Security review and negative-path tests confirm this statement: “The API security design covers authentication.”","Security, Fraud & Compliance deliverable (identifier pending ODR-001)","Threat-control mapping plus passing security/negative-path test evidence.","Pending independent review","Not started"
"REQ-065.02","REQ-065","Part 6","API Security, Documentation, Testing, and Observability","L2869; L2873","The API architecture should include recommendations for: || Authorization","79483fc6ab3d00770c85ca4870b99ef3369b18e3aad31f175bde218707d9f4f3","The API security design covers authorization.","SHOULD","Security","Pre-implementation deliverable","REC","Backend/API","None stated by the Constitution","Security review and negative-path tests confirm this statement: “The API security design covers authorization.”","Security, Fraud & Compliance deliverable (identifier pending ODR-001)","Threat-control mapping plus passing security/negative-path test evidence.","Pending independent review","Not started"
"REQ-065.03","REQ-065","Part 6","API Security, Documentation, Testing, and Observability","L2869; L2875","The API architecture should include recommendations for: || Rate limiting","9ff7c86206998113770ec57456bde3709e99c55eabadd85f6a4fc71161de846e","The API security design covers rate limiting.","SHOULD","Security","Pre-implementation deliverable","REC","Backend/API","None stated by the Constitution","Security review and negative-path tests confirm this statement: “The API security design covers rate limiting.”","Security, Fraud & Compliance deliverable (identifier pending ODR-001)","Threat-control mapping plus passing security/negative-path test evidence.","Pending independent review","Not started"
"REQ-065.04","REQ-065","Part 6","API Security, Documentation, Testing, and Observability","L2869; L2877","The API architecture should include recommendations for: || Input validation","2fb65a78045b8ddb7c9d7cb9284ef722e1381fd121875e25b0e0abd901b85777","The API security design covers input validation.","SHOULD","Security","Pre-implementation deliverable","REC","Backend/API","None stated by the Constitution","Security review and negative-path tests confirm this statement: “The API security design covers input validation.”","Security, Fraud & Compliance deliverable (identifier pending ODR-001)","Threat-control mapping plus passing security/negative-path test evidence.","Pending independent review","Not started"
"REQ-065.05","REQ-065","Part 6","API Security, Documentation, Testing, and Observability","L2869; L2879","The API architecture should include recommendations for: || Output encoding","d4062f55ad641cfa838f4427e3dfacc56eb8c60f424ba9a02154bffe6dffff7c","The API security design covers output encoding.","SHOULD","Security","Pre-implementation deliverable","REC","Backend/API","None stated by the Constitution","Security review and negative-path tests confirm this statement: “The API security design covers output encoding.”","Security, Fraud & Compliance deliverable (identifier pending ODR-001)","Threat-control mapping plus passing security/negative-path test evidence.","Pending independent review","Not started"
"REQ-065.06","REQ-065","Part 6","API Security, Documentation, Testing, and Observability","L2869; L2881","The API architecture should include recommendations for: || Request logging","3c6aace3259b547e258221a2576ab1600fbf20ab451be84cc12d320c1c711c46","The API security design covers request logging.","SHOULD","Security","Pre-implementation deliverable","REC","Backend/API","None stated by the Constitution","Security review and negative-path tests confirm this statement: “The API security design covers request logging.”","Security, Fraud & Compliance deliverable (identifier pending ODR-001)","Threat-control mapping plus passing security/negative-path test evidence.","Pending independent review","Not started"
"REQ-065.07","REQ-065","Part 6","API Security, Documentation, Testing, and Observability","L2869; L2883","The API architecture should include recommendations for: || Abuse detection","2417964822321c2e7d18548cb26b4fcb77a35b840e596534e7e063cf0db6aa86","The API security design covers abuse detection.","SHOULD","Security","Pre-implementation deliverable","REC","Backend/API","None stated by the Constitution","Security review and negative-path tests confirm this statement: “The API security design covers abuse detection.”","Security, Fraud & Compliance deliverable (identifier pending ODR-001)","Threat-control mapping plus passing security/negative-path test evidence.","Pending independent review","Not started"
"REQ-065.08","REQ-065","Part 6","API Security, Documentation, Testing, and Observability","L2869; L2885","The API architecture should include recommendations for: || Session security","95fbc5e1a8cadf0f34ed8703394c2cc9e286b2dd01d371d0922d5aa752db8449","The API security design covers session security.","SHOULD","Security","Pre-implementation deliverable","REC","Backend/API","None stated by the Constitution","Security review and negative-path tests confirm this statement: “The API security design covers session security.”","Security, Fraud & Compliance deliverable (identifier pending ODR-001)","Threat-control mapping plus passing security/negative-path test evidence.","Pending independent review","Not started"
"REQ-065.09","REQ-065","Part 6","API Security, Documentation, Testing, and Observability","L2869; L2887","The API architecture should include recommendations for: || Secret management","249eb210076e22801217ee86a51b226da2ab6b7f11b0602a2be2d5deb8044de1","The API security design covers secret management.","SHOULD","Security","Pre-implementation deliverable","REC","Backend/API","None stated by the Constitution","Security review and negative-path tests confirm this statement: “The API security design covers secret management.”","Security, Fraud & Compliance deliverable (identifier pending ODR-001)","Threat-control mapping plus passing security/negative-path test evidence.","Pending independent review","Not started"
"REQ-065.10","REQ-065","Part 6","API Security, Documentation, Testing, and Observability","L2889","Security should be considered throughout the design rather than added afterward.","5ca43471598011f675fe5b7374f24bcb86d6c7b87b46bc11087023d26bdac503","API security is addressed throughout design rather than added afterward.","SHOULD","Governance","Pre-implementation deliverable","REC","Backend/API","None stated by the Constitution","Workflow and audit evidence confirm this statement: “API security is addressed throughout design rather than added afterward.”","Phase 0 documentation/roadmap deliverable (identifier pending ODR-001)","Approval/audit record showing the required gate or workflow was followed.","Pending independent review","Not started"
"REQ-065.11","REQ-065","Part 6","API Security, Documentation, Testing, and Observability","L2893–L2895","API DOCUMENTATION / Generate comprehensive API documentation.","4df49a48934461a20311708b6262090f088f33b12dc54e13acf98941bc463117","Generate comprehensive API documentation.","SHOULD","Documentation","Pre-implementation deliverable","REC","Backend/API","None stated by the Constitution","The named artifact exists, addresses this statement, and is traceable to the cited lines: “Generate comprehensive API documentation.”","Phase 0 documentation/roadmap deliverable (identifier pending ODR-001)","Versioned artifact plus reviewer sign-off and citation trace.","Pending independent review","Not started"
"REQ-065.12","REQ-065","Part 6","API Security, Documentation, Testing, and Observability","L2897; L2899","Include: || Authentication flow","e7b2d3a8f4410b721048c761f3a65730bfed446bd5f49b3a6f2997ea5fcde1b4","API documentation includes the authentication flow.","SHOULD","Documentation","Pre-implementation deliverable","REC","Backend/API","None stated by the Constitution","The named artifact exists, addresses this statement, and is traceable to the cited lines: “API documentation includes the authentication flow.”","Phase 0 documentation/roadmap deliverable (identifier pending ODR-001)","Versioned artifact plus reviewer sign-off and citation trace.","Pending independent review","Not started"
"REQ-065.13","REQ-065","Part 6","API Security, Documentation, Testing, and Observability","L2897; L2901","Include: || Endpoint descriptions","29b30770fbf44566722dbf412438e352bebdcdb8696b394919bd58ab58f0d298","API documentation includes endpoint descriptions.","SHOULD","Documentation","Pre-implementation deliverable","REC","Backend/API","None stated by the Constitution","The named artifact exists, addresses this statement, and is traceable to the cited lines: “API documentation includes endpoint descriptions.”","Phase 0 documentation/roadmap deliverable (identifier pending ODR-001)","Versioned artifact plus reviewer sign-off and citation trace.","Pending independent review","Not started"
"REQ-065.14","REQ-065","Part 6","API Security, Documentation, Testing, and Observability","L2897; L2903","Include: || Request examples","289a2e981b125c3d10178ec9bc1d95f30f6fe4034973cabfb01304209b87bb1e","API documentation includes request examples.","SHOULD","Documentation","Pre-implementation deliverable","REC","Backend/API","None stated by the Constitution","The named artifact exists, addresses this statement, and is traceable to the cited lines: “API documentation includes request examples.”","Phase 0 documentation/roadmap deliverable (identifier pending ODR-001)","Versioned artifact plus reviewer sign-off and citation trace.","Pending independent review","Not started"
"REQ-065.15","REQ-065","Part 6","API Security, Documentation, Testing, and Observability","L2897; L2905","Include: || Response examples","7dff7cdbeecb9cd6199ff59b19a2d9c93ede45bb4a3642778e9a5d3163f6a9eb","API documentation includes response examples.","SHOULD","Documentation","Pre-implementation deliverable","REC","Backend/API","None stated by the Constitution","The named artifact exists, addresses this statement, and is traceable to the cited lines: “API documentation includes response examples.”","Phase 0 documentation/roadmap deliverable (identifier pending ODR-001)","Versioned artifact plus reviewer sign-off and citation trace.","Pending independent review","Not started"
"REQ-065.16","REQ-065","Part 6","API Security, Documentation, Testing, and Observability","L2897; L2907","Include: || Error documentation","b48b2e1a45f7bfa38954430489edfc4277db6c8551bc90ac1cf1e93018651754","API documentation includes error documentation.","SHOULD","Documentation","Pre-implementation deliverable","REC","Backend/API","None stated by the Constitution","The named artifact exists, addresses this statement, and is traceable to the cited lines: “API documentation includes error documentation.”","Phase 0 documentation/roadmap deliverable (identifier pending ODR-001)","Versioned artifact plus reviewer sign-off and citation trace.","Pending independent review","Not started"
"REQ-065.17","REQ-065","Part 6","API Security, Documentation, Testing, and Observability","L2897; L2909","Include: || Version history","aa224fd2a432fe4b35f0fa66d9291ffb3fa26af2eeb2f2ac06ed22816c330a2c","API documentation includes version history.","SHOULD","Documentation","Pre-implementation deliverable","REC","Backend/API","None stated by the Constitution","The named artifact exists, addresses this statement, and is traceable to the cited lines: “API documentation includes version history.”","Phase 0 documentation/roadmap deliverable (identifier pending ODR-001)","Versioned artifact plus reviewer sign-off and citation trace.","Pending independent review","Not started"
"REQ-065.18","REQ-065","Part 6","API Security, Documentation, Testing, and Observability","L2897; L2911","Include: || Integration guidance","55f2425c2a36fd6f7c7ee0e42a2289966b1ef8d0186f101f6987b8b3520b2a77","API documentation includes integration guidance.","SHOULD","Documentation","Pre-implementation deliverable","REC","Backend/API","None stated by the Constitution","The named artifact exists, addresses this statement, and is traceable to the cited lines: “API documentation includes integration guidance.”","Phase 0 documentation/roadmap deliverable (identifier pending ODR-001)","Versioned artifact plus reviewer sign-off and citation trace.","Pending independent review","Not started"
"REQ-065.19","REQ-065","Part 6","API Security, Documentation, Testing, and Observability","L2913","Documentation should remain synchronized with implementation.","8b35f9c87a566b982941b57d7456f2053b76bb87f41864f0af6db6075e03bfe4","API documentation remains synchronized with implementation.","SHOULD","Governance","V1","REC","Backend/API","None stated by the Constitution","Workflow and audit evidence confirm this statement: “API documentation remains synchronized with implementation.”","Phase 0 documentation/roadmap deliverable (identifier pending ODR-001)","Approval/audit record showing the required gate or workflow was followed.","Pending independent review","Not started"
"REQ-065.20","REQ-065","Part 6","API Security, Documentation, Testing, and Observability","L2919; L2921","Design an API testing strategy that includes: || Functional testing","77e59c1ba99c0691fea1ac55110436719966c8b8be8e99e654c002fcd1a06084","The API test strategy includes functional testing.","SHOULD","Documentation","Pre-implementation deliverable","REC","Backend/API","None stated by the Constitution","The named artifact exists, addresses this statement, and is traceable to the cited lines: “The API test strategy includes functional testing.”","Phase 0 documentation/roadmap deliverable (identifier pending ODR-001)","Versioned artifact plus reviewer sign-off and citation trace.","Pending independent review","Not started"
"REQ-065.21","REQ-065","Part 6","API Security, Documentation, Testing, and Observability","L2919; L2923","Design an API testing strategy that includes: || Integration testing","126aa4990b6e4e69092cd5c48d0b33913e4b956341e80d3f3030a24e58363e2f","The API test strategy includes integration testing.","SHOULD","Documentation","Pre-implementation deliverable","REC","Backend/API","None stated by the Constitution","The named artifact exists, addresses this statement, and is traceable to the cited lines: “The API test strategy includes integration testing.”","Phase 0 documentation/roadmap deliverable (identifier pending ODR-001)","Versioned artifact plus reviewer sign-off and citation trace.","Pending independent review","Not started"
"REQ-065.22","REQ-065","Part 6","API Security, Documentation, Testing, and Observability","L2919; L2925","Design an API testing strategy that includes: || Security testing","486f344a5063be5f916d0efdec4a6117b033ac3857b0c3ed203e67a85f493ede","The API test strategy includes security testing.","SHOULD","Documentation","Pre-implementation deliverable","REC","Backend/API","None stated by the Constitution","The named artifact exists, addresses this statement, and is traceable to the cited lines: “The API test strategy includes security testing.”","Phase 0 documentation/roadmap deliverable (identifier pending ODR-001)","Versioned artifact plus reviewer sign-off and citation trace.","Pending independent review","Not started"
"REQ-065.23","REQ-065","Part 6","API Security, Documentation, Testing, and Observability","L2919; L2927","Design an API testing strategy that includes: || Performance testing","a5827e294ddc5c7a7c876b0a09d1ed99dbe1f0f5d33fd447b0ea5e628f940ea2","The API test strategy includes performance testing.","SHOULD","Documentation","Pre-implementation deliverable","REC","Backend/API","None stated by the Constitution","The named artifact exists, addresses this statement, and is traceable to the cited lines: “The API test strategy includes performance testing.”","Phase 0 documentation/roadmap deliverable (identifier pending ODR-001)","Versioned artifact plus reviewer sign-off and citation trace.","Pending independent review","Not started"
"REQ-065.24","REQ-065","Part 6","API Security, Documentation, Testing, and Observability","L2919; L2929","Design an API testing strategy that includes: || Regression testing","de494ec9ff07c672a2caf9b3eb225d7cf5c04ec926c69c5c0b7ae038cb11398c","The API test strategy includes regression testing.","SHOULD","Documentation","Pre-implementation deliverable","REC","Backend/API","None stated by the Constitution","The named artifact exists, addresses this statement, and is traceable to the cited lines: “The API test strategy includes regression testing.”","Phase 0 documentation/roadmap deliverable (identifier pending ODR-001)","Versioned artifact plus reviewer sign-off and citation trace.","Pending independent review","Not started"
"REQ-065.25","REQ-065","Part 6","API Security, Documentation, Testing, and Observability","L2931","Automated testing should be encouraged wherever practical.","cf4ee62d089b51b53c078a84a33a5b8ad45e7ea278c82e1c6dd9cbe651449309","API testing is automated wherever practical.","SHOULD","Documentation","Pre-implementation deliverable","REC","Backend/API","None stated by the Constitution","The named artifact exists, addresses this statement, and is traceable to the cited lines: “API testing is automated wherever practical.”","Phase 0 documentation/roadmap deliverable (identifier pending ODR-001)","Versioned artifact plus reviewer sign-off and citation trace.","Pending independent review","Not started"
"REQ-065.26","REQ-065","Part 6","API Security, Documentation, Testing, and Observability","L2935–L2937","OBSERVABILITY / Design the API layer to support operational visibility.","b9ee48abc8d05f8df69a326e177a12543788fe510cce97ce310290f3ea18b253","The API layer supports operational visibility.","SHOULD","Operational","V1","REC","Backend/API","None stated by the Constitution","Operational execution or recovery evidence confirms this statement: “The API layer supports operational visibility.”","Infrastructure, DevOps & Operations deliverable (identifier pending ODR-001)","Runbook/configuration plus execution, monitoring, or recovery evidence.","Pending independent review","Not started"
"REQ-065.27","REQ-065","Part 6","API Security, Documentation, Testing, and Observability","L2939; L2941","Consider: || Structured logging","fed27707873e382862d854e00b840fa7dc0fa30effad3360e21250d08e4212d9","The API observability design considers structured logging.","SHOULD","Operational","Pre-implementation deliverable","REC","Backend/API","None stated by the Constitution","Operational execution or recovery evidence confirms this statement: “The API observability design considers structured logging.”","Infrastructure, DevOps & Operations deliverable (identifier pending ODR-001)","Runbook/configuration plus execution, monitoring, or recovery evidence.","Pending independent review","Not started"
"REQ-065.28","REQ-065","Part 6","API Security, Documentation, Testing, and Observability","L2939; L2943","Consider: || Metrics","b43f8fca4e8447fa06ba5c3a3ceafe83d40fa9160530ea3183e5f25e50118a48","The API observability design considers metrics.","SHOULD","Operational","Pre-implementation deliverable","REC","Backend/API","None stated by the Constitution","Operational execution or recovery evidence confirms this statement: “The API observability design considers metrics.”","Infrastructure, DevOps & Operations deliverable (identifier pending ODR-001)","Runbook/configuration plus execution, monitoring, or recovery evidence.","Pending independent review","Not started"
"REQ-065.29","REQ-065","Part 6","API Security, Documentation, Testing, and Observability","L2939; L2945","Consider: || Request tracing","4f5ad261541818a683d5bea7e3a553684916f7c0119f510f70c87719ff6ebfb3","The API observability design considers request tracing.","SHOULD","Operational","Pre-implementation deliverable","REC","Backend/API","None stated by the Constitution","Operational execution or recovery evidence confirms this statement: “The API observability design considers request tracing.”","Infrastructure, DevOps & Operations deliverable (identifier pending ODR-001)","Runbook/configuration plus execution, monitoring, or recovery evidence.","Pending independent review","Not started"
"REQ-065.30","REQ-065","Part 6","API Security, Documentation, Testing, and Observability","L2939; L2947","Consider: || Health checks","eaa26f61800beb8b919b676c154d897be849773a54318ffe91e4e5b404b46829","The API observability design considers health checks.","SHOULD","Operational","Pre-implementation deliverable","REC","Backend/API","None stated by the Constitution","Operational execution or recovery evidence confirms this statement: “The API observability design considers health checks.”","Infrastructure, DevOps & Operations deliverable (identifier pending ODR-001)","Runbook/configuration plus execution, monitoring, or recovery evidence.","Pending independent review","Not started"
"REQ-065.31","REQ-065","Part 6","API Security, Documentation, Testing, and Observability","L2939; L2949","Consider: || Error monitoring","727c4c66b0dbd4551a66d7167fd862b564c79fde1116d81719e1aa1ec2aaee8b","The API observability design considers error monitoring.","SHOULD","Operational","Pre-implementation deliverable","REC","Backend/API","None stated by the Constitution","Operational execution or recovery evidence confirms this statement: “The API observability design considers error monitoring.”","Infrastructure, DevOps & Operations deliverable (identifier pending ODR-001)","Runbook/configuration plus execution, monitoring, or recovery evidence.","Pending independent review","Not started"
"REQ-065.32","REQ-065","Part 6","API Security, Documentation, Testing, and Observability","L2939; L2951","Consider: || Performance monitoring","07cb00970214c139257bb51653914190304c326a8f3e883afd8f56bc18363d9f","The API observability design considers performance monitoring.","SHOULD","Operational","Pre-implementation deliverable","REC","Backend/API","None stated by the Constitution","Operational execution or recovery evidence confirms this statement: “The API observability design considers performance monitoring.”","Infrastructure, DevOps & Operations deliverable (identifier pending ODR-001)","Runbook/configuration plus execution, monitoring, or recovery evidence.","Pending independent review","Not started"
"REQ-065.33","REQ-065","Part 6","API Security, Documentation, Testing, and Observability","L2953","The AI should recommend tools and architecture appropriate for the chosen technology stack.","323d0c3901daef6e01b163b657ace82ec2ccf171f39d28d32cc7c7d0afd2eed4","API observability tools and architecture are appropriate to the selected stack.","SHOULD","Documentation","Pre-implementation deliverable","REC","Backend/API","ODR-002; EFE-004","The named artifact exists, addresses this statement, and is traceable to the cited lines: “API observability tools and architecture are appropriate to the selected stack.”","Phase 0 documentation/roadmap deliverable (identifier pending ODR-001)","Versioned artifact plus reviewer sign-off and citation trace.","Pending independent review","Not started"
"REQ-066.01","REQ-066","Part 6","Final API Deliverables","L2959; L2961","Before implementation, generate: || 1\. API Architecture Document","d94849f36c47995ddb9434f68db59bc1e4924c50a3b9a53889aa21591c7f5af0","Generate an API Architecture Document.","MUST","Documentation","Pre-implementation deliverable","CD","Backend/API","None stated by the Constitution","The named artifact exists, addresses this statement, and is traceable to the cited lines: “Generate an API Architecture Document.”","Phase 0 documentation/roadmap deliverable (identifier pending ODR-001)","Versioned artifact plus reviewer sign-off and citation trace.","Pending independent review","Not started"
"REQ-066.02","REQ-066","Part 6","Final API Deliverables","L2959; L2963","Before implementation, generate: || 2\. Authentication Flow Documentation","6baad0d3260b912ff44b891036998e7fff92cb3ae2a3e260a5981c67bfbfea1d","Generate Authentication Flow Documentation.","MUST","Documentation","Pre-implementation deliverable","CD","Backend/API","None stated by the Constitution","The named artifact exists, addresses this statement, and is traceable to the cited lines: “Generate Authentication Flow Documentation.”","Phase 0 documentation/roadmap deliverable (identifier pending ODR-001)","Versioned artifact plus reviewer sign-off and citation trace.","Pending independent review","Not started"
"REQ-066.03","REQ-066","Part 6","Final API Deliverables","L2959; L2965","Before implementation, generate: || 3\. API Standards Guide","70df7f3a50cabad3e24223e4373a3cdc0e585230cf5d24ec6d8344f9a190384d","Generate an API Standards Guide.","MUST","Documentation","Pre-implementation deliverable","CD","Backend/API","None stated by the Constitution","The named artifact exists, addresses this statement, and is traceable to the cited lines: “Generate an API Standards Guide.”","Phase 0 documentation/roadmap deliverable (identifier pending ODR-001)","Versioned artifact plus reviewer sign-off and citation trace.","Pending independent review","Not started"
"REQ-066.04","REQ-066","Part 6","Final API Deliverables","L2959; L2967","Before implementation, generate: || 4\. Provider Integration Guide","317da6636427a6d63cae826c7baf3397577927afd39ce01bd83aec1c8d8ac2f0","Generate a Provider Integration Guide.","MUST","Documentation","Pre-implementation deliverable","CD","Backend/API","None stated by the Constitution","The named artifact exists, addresses this statement, and is traceable to the cited lines: “Generate a Provider Integration Guide.”","Phase 0 documentation/roadmap deliverable (identifier pending ODR-001)","Versioned artifact plus reviewer sign-off and citation trace.","Pending independent review","Not started"
"REQ-066.05","REQ-066","Part 6","Final API Deliverables","L2959; L2969","Before implementation, generate: || 5\. Webhook Design Guide","4d879076d3ecfdd074acbe324fef13acbf567879e25ca9a7534d504d45d52b3c","Generate a Webhook Design Guide.","MUST","Documentation","Pre-implementation deliverable","CD","Backend/API","None stated by the Constitution","The named artifact exists, addresses this statement, and is traceable to the cited lines: “Generate a Webhook Design Guide.”","Phase 0 documentation/roadmap deliverable (identifier pending ODR-001)","Versioned artifact plus reviewer sign-off and citation trace.","Pending independent review","Not started"
"REQ-066.06","REQ-066","Part 6","Final API Deliverables","L2959; L2971","Before implementation, generate: || 6\. Error Handling Standards","52061d9b22be46c1e7e917b6626df7489bbf421e96b24edddb25b85f82fb283d","Generate Error Handling Standards.","MUST","Documentation","Pre-implementation deliverable","CD","Backend/API","None stated by the Constitution","The named artifact exists, addresses this statement, and is traceable to the cited lines: “Generate Error Handling Standards.”","Phase 0 documentation/roadmap deliverable (identifier pending ODR-001)","Versioned artifact plus reviewer sign-off and citation trace.","Pending independent review","Not started"
"REQ-066.07","REQ-066","Part 6","Final API Deliverables","L2959; L2973","Before implementation, generate: || 7\. Security Review","deceb9426f497edea06aecef8e6398ae8c899a8987006580e06f24535a16c4a5","Generate an API Security Review.","MUST","Documentation","Pre-implementation deliverable","CD","Backend/API","None stated by the Constitution","The named artifact exists, addresses this statement, and is traceable to the cited lines: “Generate an API Security Review.”","Phase 0 documentation/roadmap deliverable (identifier pending ODR-001)","Versioned artifact plus reviewer sign-off and citation trace.","Pending independent review","Not started"
"REQ-066.08","REQ-066","Part 6","Final API Deliverables","L2959; L2975","Before implementation, generate: || 8\. Testing Strategy","1c09f580b061c0d7e3ddff8a31930c40bbbbbd6c71246bf486f596b77d8011ba","Generate an API Testing Strategy.","MUST","Documentation","Pre-implementation deliverable","CD","Backend/API","None stated by the Constitution","The named artifact exists, addresses this statement, and is traceable to the cited lines: “Generate an API Testing Strategy.”","Phase 0 documentation/roadmap deliverable (identifier pending ODR-001)","Versioned artifact plus reviewer sign-off and citation trace.","Pending independent review","Not started"
"REQ-066.09","REQ-066","Part 6","Final API Deliverables","L2959; L2977","Before implementation, generate: || 9\. API Documentation","b45d120718f120f5ec27c53ffe35ad18e859afbe46f50eb7a87386da503c495f","The final API deliverables include API Documentation.","MUST","Documentation","Pre-implementation deliverable","CD","Backend/API","None stated by the Constitution","The named artifact exists, addresses this statement, and is traceable to the cited lines: “The final API deliverables include API Documentation.”","Phase 0 documentation/roadmap deliverable (identifier pending ODR-001)","Versioned artifact plus reviewer sign-off and citation trace.","Pending independent review","Not started"
"REQ-066.10","REQ-066","Part 6","Final API Deliverables","L2959; L2979","Before implementation, generate: || 10\. Implementation Roadmap","9c133a2633c7c7713dee3f533a57a5ce4fde58b8f7f295305d70fee5ef078f41","Generate an API Implementation Roadmap.","MUST","Documentation","Pre-implementation deliverable","CD","Backend/API","None stated by the Constitution","The named artifact exists, addresses this statement, and is traceable to the cited lines: “Generate an API Implementation Roadmap.”","Phase 0 documentation/roadmap deliverable (identifier pending ODR-001)","Versioned artifact plus reviewer sign-off and citation trace.","Pending independent review","Not started"
"REQ-066.11","REQ-066","Part 6","Final API Deliverables","L2981","Only after these deliverables are complete should API implementation begin.","9b69d3e5bf30e25a62b7abb836c67c2ea1796b0d57866209977ecbb0c3af0d0e","API implementation does not begin until all final API deliverables are complete.","SHOULD","Governance","Pre-implementation deliverable","REC","Backend/API","None stated by the Constitution","Workflow and audit evidence confirm this statement: “API implementation does not begin until all final API deliverables are complete.”","Phase 0 documentation/roadmap deliverable (identifier pending ODR-001)","Approval/audit record showing the required gate or workflow was followed.","Pending independent review","Not started"
"REQ-067.01","REQ-067","Part 7","Design Philosophy and Language","L2997–L3013","DESIGN PHILOSOPHY / The EarnPearls interface should make users feel: / Professionalism / Trust / Simplicity / Transparency / Speed / Security / Modernity","036e9d484704d796d6010ba709e9b558d80ca93fb87374106b8409bc10960263","The interface communicates professionalism, trust, simplicity, transparency, speed, security, and modernity.","SHOULD","Non-functional","V1","REC","Frontend handoff","None stated by the Constitution","A defined measurement or design review confirms this statement: “The interface communicates professionalism, trust, simplicity, transparency, speed, security, and modernity.”","Frontend Product/Design Blueprint (frontend-owned; identifier pending ODR-001)","Defined metric/standard plus measured result or documented review.","Pending independent review","Not started"
"REQ-067.02","REQ-067","Part 7","Design Philosophy and Language","L3015–L3019","Every screen should answer one question: / \> Can a first-time user understand this within 5 seconds? / If not, redesign it.","9a24db0275ffa948475e9151c4f643b48b61887a28799578126a869cbecd6c82","A first-time user can understand each screen within approximately five seconds; otherwise it is redesigned.","SHOULD","Non-functional","V1","REC","Frontend handoff","None stated by the Constitution","A defined measurement or design review confirms this statement: “A first-time user can understand each screen within approximately five seconds; otherwise it is redesigned.”","Frontend Product/Design Blueprint (frontend-owned; identifier pending ODR-001)","Defined metric/standard plus measured result or documented review.","Pending independent review","Not started"
"REQ-067.03","REQ-067","Part 7","Design Philosophy and Language","L3023–L3025","DESIGN LANGUAGE / The platform should follow a modern SaaS design language.","ed0ba8a6b467101bf98b5e707b05445c9ed77512d454b1864305a1fecbf83834","The platform uses a modern SaaS design language.","SHOULD","Non-functional","V1","REC","Frontend handoff","None stated by the Constitution","A defined measurement or design review confirms this statement: “The platform uses a modern SaaS design language.”","Frontend Product/Design Blueprint (frontend-owned; identifier pending ODR-001)","Defined metric/standard plus measured result or documented review.","Pending independent review","Not started"
"REQ-067.04","REQ-067","Part 7","Design Philosophy and Language","L3027–L3043","Characteristics: / Clean / Spacious / Elegant / Minimal / Premium / Responsive / Fast / Mobile First","1606eed623cdf72b557aee410e890cc94bc59076261c841e02d7ed8d7bea1409","The design language is clean, spacious, elegant, minimal, premium, responsive, fast, and mobile-first.","SHOULD","Non-functional","V1","REC","Frontend handoff","None stated by the Constitution","A defined measurement or design review confirms this statement: “The design language is clean, spacious, elegant, minimal, premium, responsive, fast, and mobile-first.”","Frontend Product/Design Blueprint (frontend-owned; identifier pending ODR-001)","Defined metric/standard plus measured result or documented review.","Pending independent review","Not started"
"REQ-067.05","REQ-067","Part 7","Design Philosophy and Language","L3045–L3057","Avoid: / Clutter / Popups everywhere / Distracting animations / Heavy gradients / Flashy colors / Confusing layouts","79b6fbebbe533411897bafb1eb26c36557d2381922895f1be6ff950793a1618a","The interface avoids clutter, excessive popups, distracting animations, heavy gradients, flashy colors, and confusing layouts.","SHOULD","Non-functional","V1","REC","Frontend handoff","None stated by the Constitution","A defined measurement or design review confirms this statement: “The interface avoids clutter, excessive popups, distracting animations, heavy gradients, flashy colors, and confusing layouts.”","Frontend Product/Design Blueprint (frontend-owned; identifier pending ODR-001)","Defined metric/standard plus measured result or documented review.","Pending independent review","Not started"
"REQ-067.06","REQ-067","Part 7","Design Philosophy and Language","L3061–L3079","DESIGN PRINCIPLES / Every page should follow: / Consistent spacing / Consistent typography / Consistent buttons / Consistent icons / Consistent forms / Consistent colors / Consistent cards / Consistent navigation","f7b4e8da9566ab7c11275501a567c2436523ff536014197196074317ab6fcbcf","Pages use consistent spacing, typography, buttons, icons, forms, colors, cards, and navigation.","SHOULD","Non-functional","V1","REC","Frontend handoff","None stated by the Constitution","A defined measurement or design review confirms this statement: “Pages use consistent spacing, typography, buttons, icons, forms, colors, cards, and navigation.”","Frontend Product/Design Blueprint (frontend-owned; identifier pending ODR-001)","Defined metric/standard plus measured result or documented review.","Pending independent review","Not started"
"REQ-067.07","REQ-067","Part 7","Design Philosophy and Language","L3081","Everything should feel like one product.","cc353b13c0a69039266bc6c05bb8b9f487aed5618439ee6a9a66ebafbf9d3966","The interface feels like one coherent product.","SHOULD","Non-functional","V1","REC","Frontend handoff","None stated by the Constitution","A defined measurement or design review confirms this statement: “The interface feels like one coherent product.”","Frontend Product/Design Blueprint (frontend-owned; identifier pending ODR-001)","Defined metric/standard plus measured result or documented review.","Pending independent review","Not started"
"REQ-068.01","REQ-068","Part 7","Brand, Color, Typography, Grid, and Icons","L3085–L3093","BRAND IDENTITY / Brand Name: / EarnPearls / Tagline: / Your Time. Your Rewards.","b182797689c06b630534b88200866ceec24cb98ee96739acd1121a907d85a684","The product uses the EarnPearls name and “Your Time. Your Rewards.” tagline.","SHOULD","Documentation","Pre-implementation deliverable","REC","Frontend handoff","None stated by the Constitution","The named artifact exists, addresses this statement, and is traceable to the cited lines: “The product uses the EarnPearls name and “Your Time. Your Rewards.” tagline.”","Frontend Product/Design Blueprint (frontend-owned; identifier pending ODR-001)","Versioned artifact plus reviewer sign-off and citation trace.","Pending independent review","Not started"
"REQ-068.02","REQ-068","Part 7","Brand, Color, Typography, Grid, and Icons","L3095–L3105","Logo should communicate: / Reward / Value / Growth / Premium Quality / Trust","46fd27b33e524782783fc97591f8e587b122a8aeee6fcfc3e824de4f71de1fe7","The logo communicates reward, value, growth, premium quality, and trust.","SHOULD","Documentation","Pre-implementation deliverable","REC","Frontend handoff","None stated by the Constitution","The named artifact exists, addresses this statement, and is traceable to the cited lines: “The logo communicates reward, value, growth, premium quality, and trust.”","Frontend Product/Design Blueprint (frontend-owned; identifier pending ODR-001)","Versioned artifact plus reviewer sign-off and citation trace.","Pending independent review","Not started"
"REQ-068.03","REQ-068","Part 7","Brand, Color, Typography, Grid, and Icons","L3107","The pearl should represent earned value rather than luxury alone.","346ff8a09c8e1a4c2a97d05497eab123758a4f2e71c3bff3ae4fc4e371906971","The pearl represents earned value rather than luxury alone.","SHOULD","Documentation","Pre-implementation deliverable","REC","Frontend handoff","None stated by the Constitution","The named artifact exists, addresses this statement, and is traceable to the cited lines: “The pearl represents earned value rather than luxury alone.”","Frontend Product/Design Blueprint (frontend-owned; identifier pending ODR-001)","Versioned artifact plus reviewer sign-off and citation trace.","Pending independent review","Not started"
"REQ-068.04","REQ-068","Part 7","Brand, Color, Typography, Grid, and Icons","L3111–L3113","COLOR SYSTEM / The AI should recommend a professional color palette.","977f8e00eca2667087f986e049ea6f1e2f3bff30ff8daeeaaff31e0f388cc2e2","A professional color palette is recommended.","SHOULD","Documentation","Pre-implementation deliverable","REC","Frontend handoff","None stated by the Constitution","The named artifact exists, addresses this statement, and is traceable to the cited lines: “A professional color palette is recommended.”","Frontend Product/Design Blueprint (frontend-owned; identifier pending ODR-001)","Versioned artifact plus reviewer sign-off and citation trace.","Pending independent review","Not started"
"REQ-068.05","REQ-068","Part 7","Brand, Color, Typography, Grid, and Icons","L3115–L3143","Suggested direction: / Primary Color / Deep Blue / Secondary / Emerald Green / Success / Green / Warning / Amber / Danger / Red / Neutral / White / Light Gray / Dark Gray","6abbae14293f7a31b15e03886d87193a8d0e0fa34583d349f56d00636a3158c6","The palette evaluates the suggested deep-blue, emerald-green, success, warning, danger, and neutral directions without treating them as pre-approved selections.","MAY","Documentation","Pre-implementation deliverable","REC","Frontend handoff","ODR-004","The named artifact exists, addresses this statement, and is traceable to the cited lines: “The palette evaluates the suggested deep-blue, emerald-green, success, warning, danger, and neutral directions without treating them as pre-approved selections.”","Frontend Product/Design Blueprint (frontend-owned; identifier pending ODR-001)","Versioned artifact plus reviewer sign-off and citation trace.","Pending independent review","Not started"
"REQ-068.06","REQ-068","Part 7","Brand, Color, Typography, Grid, and Icons","L3145","Avoid using too many colors.","fe6e812e1db12491b373a2dbc395a75d639c2f361c3802eedb26658a398083f2","The palette avoids excessive color variety.","SHOULD","Documentation","Pre-implementation deliverable","REC","Frontend handoff","None stated by the Constitution","The named artifact exists, addresses this statement, and is traceable to the cited lines: “The palette avoids excessive color variety.”","Frontend Product/Design Blueprint (frontend-owned; identifier pending ODR-001)","Versioned artifact plus reviewer sign-off and citation trace.","Pending independent review","Not started"
"REQ-068.07","REQ-068","Part 7","Brand, Color, Typography, Grid, and Icons","L3149–L3161","TYPOGRAPHY / Use modern readable fonts. / Priority: / Readability / Accessibility / Professional appearance / Mobile readability","bc003aefd51470d4927f62d047314330a91c3b42fadc4759b168c8865ef6a698","Typography uses modern readable fonts and prioritizes readability, accessibility, professionalism, and mobile readability.","SHOULD","Documentation","Pre-implementation deliverable","REC","Frontend handoff","None stated by the Constitution","The named artifact exists, addresses this statement, and is traceable to the cited lines: “Typography uses modern readable fonts and prioritizes readability, accessibility, professionalism, and mobile readability.”","Frontend Product/Design Blueprint (frontend-owned; identifier pending ODR-001)","Versioned artifact plus reviewer sign-off and citation trace.","Pending independent review","Not started"
"REQ-068.08","REQ-068","Part 7","Brand, Color, Typography, Grid, and Icons","L3163","Maintain a clear hierarchy for headings, body text, labels, and helper text.","a21c66adcab19a2108cf5777b4f3a8e79890e08028e397b21db87743d49beea3","Typography defines a hierarchy for headings, body text, labels, and helper text.","SHOULD","Documentation","Pre-implementation deliverable","REC","Frontend handoff","None stated by the Constitution","The named artifact exists, addresses this statement, and is traceable to the cited lines: “Typography defines a hierarchy for headings, body text, labels, and helper text.”","Frontend Product/Design Blueprint (frontend-owned; identifier pending ODR-001)","Versioned artifact plus reviewer sign-off and citation trace.","Pending independent review","Not started"
"REQ-068.09","REQ-068","Part 7","Brand, Color, Typography, Grid, and Icons","L3167–L3171","GRID SYSTEM / Use a consistent spacing system. / Components should align cleanly.","bed5b75b8dcb3fd7c95e71d5d81d3711cf7ddfca5a8b2cc8f34e2d693f19b149","The interface uses a consistent spacing grid and aligned components.","SHOULD","Documentation","Pre-implementation deliverable","REC","Frontend handoff","None stated by the Constitution","The named artifact exists, addresses this statement, and is traceable to the cited lines: “The interface uses a consistent spacing grid and aligned components.”","Frontend Product/Design Blueprint (frontend-owned; identifier pending ODR-001)","Versioned artifact plus reviewer sign-off and citation trace.","Pending independent review","Not started"
"REQ-068.10","REQ-068","Part 7","Brand, Color, Typography, Grid, and Icons","L3173–L3183","Responsive breakpoints should be planned for: / Mobile / Tablet / Laptop / Desktop / Large Desktop","9976eb321456be3c6666fe6d7debe933d7c4390b7275cb7a8ebae5e5b369d597","Responsive breakpoints are planned for mobile, tablet, laptop, desktop, and large desktop.","SHOULD","Documentation","Pre-implementation deliverable","REC","Frontend handoff","None stated by the Constitution","The named artifact exists, addresses this statement, and is traceable to the cited lines: “Responsive breakpoints are planned for mobile, tablet, laptop, desktop, and large desktop.”","Frontend Product/Design Blueprint (frontend-owned; identifier pending ODR-001)","Versioned artifact plus reviewer sign-off and citation trace.","Pending independent review","Not started"
"REQ-068.11","REQ-068","Part 7","Brand, Color, Typography, Grid, and Icons","L3187–L3197","ICONOGRAPHY / Icons should be: / Simple / Modern / Consistent / Recognizable","5c508b852ef322d57e0afed8b0126a32465af7e23553e20a0a7f6c66793927fa","Icons are simple, modern, consistent, and recognizable.","SHOULD","Documentation","Pre-implementation deliverable","REC","Frontend handoff","None stated by the Constitution","The named artifact exists, addresses this statement, and is traceable to the cited lines: “Icons are simple, modern, consistent, and recognizable.”","Frontend Product/Design Blueprint (frontend-owned; identifier pending ODR-001)","Versioned artifact plus reviewer sign-off and citation trace.","Pending independent review","Not started"
"REQ-068.12","REQ-068","Part 7","Brand, Color, Typography, Grid, and Icons","L3199","Do not mix multiple icon styles.","c7fc548850a7309b3f21d89d0aed9ef3e0bd1b6bae845a4b4db8b087f589a4c1","The product does not mix multiple icon styles.","MUST","Documentation","Pre-implementation deliverable","CD","Frontend handoff","None stated by the Constitution","The named artifact exists, addresses this statement, and is traceable to the cited lines: “The product does not mix multiple icon styles.”","Frontend Product/Design Blueprint (frontend-owned; identifier pending ODR-001)","Versioned artifact plus reviewer sign-off and citation trace.","Pending independent review","Not started"
"REQ-069.01","REQ-069","Part 7","Buttons, Forms, and Cards","L3203–L3219","BUTTON SYSTEM / Standardize: / Primary Button / Secondary Button / Outline Button / Danger Button / Text Button / Disabled State / Loading State","a5941fe460fc559c6588553f0f88af64c2a1522164778aa21a26f89dcf91db64","The design system standardizes primary, secondary, outline, danger, text, disabled, and loading button variants.","SHOULD","Functional","V1","CBR","Frontend handoff","None stated by the Constitution","An acceptance test confirms this statement: “The design system standardizes primary, secondary, outline, danger, text, disabled, and loading button variants.”","Frontend Product/Design Blueprint (frontend-owned; identifier pending ODR-001)","Passing functional test and relevant audit/event record where applicable.","Pending independent review","Not started"
"REQ-069.02","REQ-069","Part 7","Buttons, Forms, and Cards","L3221–L3233","Every button should have: / Hover / Focus / Active / Disabled / Loading / States.","fbd05db0280b08b97ddc33ecb2b13bdeeaea20062ee19e81d2400badd35c99c8","Every button defines hover, focus, active, disabled, and loading states.","SHOULD","Functional","V1","CBR","Frontend handoff","None stated by the Constitution","An acceptance test confirms this statement: “Every button defines hover, focus, active, disabled, and loading states.”","Frontend Product/Design Blueprint (frontend-owned; identifier pending ODR-001)","Passing functional test and relevant audit/event record where applicable.","Pending independent review","Not started"
"REQ-069.03","REQ-069","Part 7","Buttons, Forms, and Cards","L3239; L3241","Every form should include: || Real-time validation","5a1477ebe76f8a4b124d7b0559afd1321acbca2236733f5dc6f872ae76aa1fc2","Every form provides real-time validation.","SHOULD","Functional","V1","CBR","Frontend handoff","None stated by the Constitution","An acceptance test confirms this statement: “Every form provides real-time validation.”","Frontend Product/Design Blueprint (frontend-owned; identifier pending ODR-001)","Passing functional test and relevant audit/event record where applicable.","Pending independent review","Not started"
"REQ-069.04","REQ-069","Part 7","Buttons, Forms, and Cards","L3239; L3243","Every form should include: || Helpful error messages","03e2c89ef3d8b187aef63cd1d4b569b3163d736c8621e4d8fba2b8b7a7ebab64","Every form provides helpful error messages.","SHOULD","Functional","V1","CBR","Frontend handoff","None stated by the Constitution","An acceptance test confirms this statement: “Every form provides helpful error messages.”","Frontend Product/Design Blueprint (frontend-owned; identifier pending ODR-001)","Passing functional test and relevant audit/event record where applicable.","Pending independent review","Not started"
"REQ-069.05","REQ-069","Part 7","Buttons, Forms, and Cards","L3239; L3245","Every form should include: || Clear placeholders","41e966a93a42508c7514aa4fb642b88864aa29728ed491144015d8a09afdb230","Every form provides clear placeholders.","SHOULD","Functional","V1","CBR","Frontend handoff","None stated by the Constitution","An acceptance test confirms this statement: “Every form provides clear placeholders.”","Frontend Product/Design Blueprint (frontend-owned; identifier pending ODR-001)","Passing functional test and relevant audit/event record where applicable.","Pending independent review","Not started"
"REQ-069.06","REQ-069","Part 7","Buttons, Forms, and Cards","L3239; L3247","Every form should include: || Consistent spacing","f3e14752dbcf69c92d9da998ce0da17147b5c5334e1b11c10954c1406ae3216d","Every form uses consistent spacing.","SHOULD","Functional","V1","CBR","Frontend handoff","None stated by the Constitution","An acceptance test confirms this statement: “Every form uses consistent spacing.”","Frontend Product/Design Blueprint (frontend-owned; identifier pending ODR-001)","Passing functional test and relevant audit/event record where applicable.","Pending independent review","Not started"
"REQ-069.07","REQ-069","Part 7","Buttons, Forms, and Cards","L3239; L3249","Every form should include: || Accessible labels","51b23fef83a41c8564ea77ca446c9b3b13022f84369965ec6e8b44739d1d8fb4","Every form provides accessible labels.","SHOULD","Functional","V1","CBR","Frontend handoff","None stated by the Constitution","An acceptance test confirms this statement: “Every form provides accessible labels.”","Frontend Product/Design Blueprint (frontend-owned; identifier pending ODR-001)","Passing functional test and relevant audit/event record where applicable.","Pending independent review","Not started"
"REQ-069.08","REQ-069","Part 7","Buttons, Forms, and Cards","L3239; L3251","Every form should include: || Keyboard navigation","4cee7af1a8605029ea5406431c28b05567b7e45a4d3b23d4092ff4316c05a547","Every form supports keyboard navigation.","SHOULD","Functional","V1","CBR","Frontend handoff","None stated by the Constitution","An acceptance test confirms this statement: “Every form supports keyboard navigation.”","Frontend Product/Design Blueprint (frontend-owned; identifier pending ODR-001)","Passing functional test and relevant audit/event record where applicable.","Pending independent review","Not started"
"REQ-069.09","REQ-069","Part 7","Buttons, Forms, and Cards","L3239; L3253","Every form should include: || Progress indicators for multi-step forms","bb363c4fb59e205f1c5e47ecd8e18b91a2bfbc4170588ac28f87b8335a78c172","Every multi-step form provides progress indicators.","SHOULD","Functional","V1","CBR","Frontend handoff","None stated by the Constitution","An acceptance test confirms this statement: “Every multi-step form provides progress indicators.”","Frontend Product/Design Blueprint (frontend-owned; identifier pending ODR-001)","Passing functional test and relevant audit/event record where applicable.","Pending independent review","Not started"
"REQ-069.10","REQ-069","Part 7","Buttons, Forms, and Cards","L3257–L3269","CARD SYSTEM / Cards should have consistent: / Padding / Borders / Corner radius / Shadow / Hover behavior","050f4673dabbddfb9d566c5ed41ca986bd36348083ca37341d0aa1de670a2f14","Cards use consistent padding, borders, corner radius, shadow, and hover behavior.","SHOULD","Functional","V1","CBR","Frontend handoff","None stated by the Constitution","An acceptance test confirms this statement: “Cards use consistent padding, borders, corner radius, shadow, and hover behavior.”","Frontend Product/Design Blueprint (frontend-owned; identifier pending ODR-001)","Passing functional test and relevant audit/event record where applicable.","Pending independent review","Not started"
"REQ-069.11","REQ-069","Part 7","Buttons, Forms, and Cards","L3271–L3285","Cards will be widely used for: / Surveys / Wallet / Transactions / Blog / Statistics / Leaderboard / Admin Widgets","4c0076be6678120e6858df0033a4c3715b4abe416dd0c8236a381191d813f383","The shared card system supports survey, wallet, transaction, blog, statistic, leaderboard, and admin-widget contexts.","SHOULD","Functional","V1","CBR","Frontend handoff","None stated by the Constitution","An acceptance test confirms this statement: “The shared card system supports survey, wallet, transaction, blog, statistic, leaderboard, and admin-widget contexts.”","Frontend Product/Design Blueprint (frontend-owned; identifier pending ODR-001)","Passing functional test and relevant audit/event record where applicable.","Pending independent review","Not started"
"REQ-070.01","REQ-070","Part 7","Dashboard, Survey, Wallet, Leaderboard, and Profile UX","L3289–L3309","DASHBOARD UX / The dashboard should prioritize the most important information. / Suggested order: / 1\. Wallet Summary / 2\. Available Surveys / 3\. Pending Rewards / 4\. Mature Rewards / 5\. Weekly Leaderboard / 6\. Recent Activity / 7\. Notifications / 8\. Announcements","62f06c370aa258f4a079eec924df64f19c7de01d976c15c9cb4fb7c3025cf52f","The dashboard prioritizes wallet summary, available surveys, pending rewards, mature rewards, weekly leaderboard, recent activity, notifications, and announcements in the suggested order unless an approved design justifies a change.","SHOULD","Functional","V1","CBR","Frontend handoff","None stated by the Constitution","An acceptance test confirms this statement: “The dashboard prioritizes wallet summary, available surveys, pending rewards, mature rewards, weekly leaderboard, recent activity, notifications, and announcements in the suggested order unless an approved design justifies a change.”","Frontend Product/Design Blueprint (frontend-owned; identifier pending ODR-001)","Passing functional test and relevant audit/event record where applicable.","Pending independent review","Not started"
"REQ-070.02","REQ-070","Part 7","Dashboard, Survey, Wallet, Leaderboard, and Profile UX","L3311","The user should immediately understand their current status.","e8cb76a5fb6fd1cd8b35f3cb76cb3c707b5cf2cc0b16f10d1b04c51415525f86","A user immediately understands their current dashboard status.","SHOULD","Functional","V1","CBR","Frontend handoff","None stated by the Constitution","An acceptance test confirms this statement: “A user immediately understands their current dashboard status.”","Frontend Product/Design Blueprint (frontend-owned; identifier pending ODR-001)","Passing functional test and relevant audit/event record where applicable.","Pending independent review","Not started"
"REQ-070.03","REQ-070","Part 7","Dashboard, Survey, Wallet, Leaderboard, and Profile UX","L3317; L3319","Survey cards should clearly display: || Reward","50976be705bcb41256db98e1958b1bc085ef1cf3891d3522d58932a929f0b12f","Survey cards clearly display reward.","SHOULD","Functional","V1","CBR","Frontend handoff","None stated by the Constitution","An acceptance test confirms this statement: “Survey cards clearly display reward.”","Frontend Product/Design Blueprint (frontend-owned; identifier pending ODR-001)","Passing functional test and relevant audit/event record where applicable.","Pending independent review","Not started"
"REQ-070.04","REQ-070","Part 7","Dashboard, Survey, Wallet, Leaderboard, and Profile UX","L3317; L3321","Survey cards should clearly display: || Estimated Time","da6dd65d7cd69b9ebd0e7d45187132b5faa92f93b18968f44e3149c6233d5994","Survey cards clearly display estimated time.","SHOULD","Functional","V1","CBR","Frontend handoff","None stated by the Constitution","An acceptance test confirms this statement: “Survey cards clearly display estimated time.”","Frontend Product/Design Blueprint (frontend-owned; identifier pending ODR-001)","Passing functional test and relevant audit/event record where applicable.","Pending independent review","Not started"
"REQ-070.05","REQ-070","Part 7","Dashboard, Survey, Wallet, Leaderboard, and Profile UX","L3317; L3323","Survey cards should clearly display: || Points","6f3175609c3a0cfca8ef06fef30724ba2a7b4c5853bdc4d13ea70d9264aec3a7","Survey cards clearly display points.","SHOULD","Functional","V1","CBR","Frontend handoff","None stated by the Constitution","An acceptance test confirms this statement: “Survey cards clearly display points.”","Frontend Product/Design Blueprint (frontend-owned; identifier pending ODR-001)","Passing functional test and relevant audit/event record where applicable.","Pending independent review","Not started"
"REQ-070.06","REQ-070","Part 7","Dashboard, Survey, Wallet, Leaderboard, and Profile UX","L3317; L3325","Survey cards should clearly display: || USD Equivalent","f58d508a79c79e9cd7fd49084785684e4b141780535d963b09c75dcad234135f","Survey cards clearly display the USD equivalent.","SHOULD","Functional","V1","CBR","Frontend handoff","None stated by the Constitution","An acceptance test confirms this statement: “Survey cards clearly display the USD equivalent.”","Frontend Product/Design Blueprint (frontend-owned; identifier pending ODR-001)","Passing functional test and relevant audit/event record where applicable.","Pending independent review","Not started"
"REQ-070.07","REQ-070","Part 7","Dashboard, Survey, Wallet, Leaderboard, and Profile UX","L3317; L3327","Survey cards should clearly display: || Local Currency Estimate","b7d17dcd0f11a6ce95f8fab52672730502afbd014f56518ebd13fddf916541c0","Survey cards clearly display the local-currency estimate.","SHOULD","Functional","V1","CBR","Frontend handoff","None stated by the Constitution","An acceptance test confirms this statement: “Survey cards clearly display the local-currency estimate.”","Frontend Product/Design Blueprint (frontend-owned; identifier pending ODR-001)","Passing functional test and relevant audit/event record where applicable.","Pending independent review","Not started"
"REQ-070.08","REQ-070","Part 7","Dashboard, Survey, Wallet, Leaderboard, and Profile UX","L3317; L3329","Survey cards should clearly display: || Status","0ae3d9e725113e5b15d1f04ea03dc0327348f65b90e46ee7d464eb5f0c35bf33","Survey cards clearly display status.","SHOULD","Functional","V1","CBR","Frontend handoff","None stated by the Constitution","An acceptance test confirms this statement: “Survey cards clearly display status.”","Frontend Product/Design Blueprint (frontend-owned; identifier pending ODR-001)","Passing functional test and relevant audit/event record where applicable.","Pending independent review","Not started"
"REQ-070.09","REQ-070","Part 7","Dashboard, Survey, Wallet, Leaderboard, and Profile UX","L3317; L3331","Survey cards should clearly display: || Availability","1db90366715657fee43f5061ad21f7c2f66168790c36333c51ba32178131d87e","Survey cards clearly display availability.","SHOULD","Functional","V1","CBR","Frontend handoff","None stated by the Constitution","An acceptance test confirms this statement: “Survey cards clearly display availability.”","Frontend Product/Design Blueprint (frontend-owned; identifier pending ODR-001)","Passing functional test and relevant audit/event record where applicable.","Pending independent review","Not started"
"REQ-070.10","REQ-070","Part 7","Dashboard, Survey, Wallet, Leaderboard, and Profile UX","L3317; L3333","Survey cards should clearly display: || Provider Requirements (where appropriate)","be810e8865945ca1d7a304274694e41dfec6ef84420fdd57cdba6cd049446fa6","Survey cards clearly display provider requirements where appropriate.","SHOULD","Functional","V1","CBR","Frontend handoff","None stated by the Constitution","An acceptance test confirms this statement: “Survey cards clearly display provider requirements where appropriate.”","Frontend Product/Design Blueprint (frontend-owned; identifier pending ODR-001)","Passing functional test and relevant audit/event record where applicable.","Pending independent review","Not started"
"REQ-070.11","REQ-070","Part 7","Dashboard, Survey, Wallet, Leaderboard, and Profile UX","L3335","The call-to-action should be obvious.","7b9cc9d64960a0227c14592daf258502dda57f3a2d431c3df005c83433c3c0c3","Survey-card calls to action are obvious.","SHOULD","Functional","V1","CBR","Frontend handoff","None stated by the Constitution","An acceptance test confirms this statement: “Survey-card calls to action are obvious.”","Frontend Product/Design Blueprint (frontend-owned; identifier pending ODR-001)","Passing functional test and relevant audit/event record where applicable.","Pending independent review","Not started"
"REQ-070.12","REQ-070","Part 7","Dashboard, Survey, Wallet, Leaderboard, and Profile UX","L3339–L3341","WALLET EXPERIENCE / The wallet should resemble a fintech application.","59462f7fd6dec6ce2522831434a520cce59e9f10975f448c418a36ecdf6d2031","The wallet resembles a fintech application.","SHOULD","Functional","V1","CBR","Frontend handoff","None stated by the Constitution","An acceptance test confirms this statement: “The wallet resembles a fintech application.”","Frontend Product/Design Blueprint (frontend-owned; identifier pending ODR-001)","Passing functional test and relevant audit/event record where applicable.","Pending independent review","Not started"
"REQ-070.13","REQ-070","Part 7","Dashboard, Survey, Wallet, Leaderboard, and Profile UX","L3343; L3345","Display: || Points","b58b9f25aecf3163b2122c562d915e90d68b1d0644a7e89595fd167901121cc5","The wallet experience displays points.","MUST","Functional","V1","CBR","Frontend handoff","None stated by the Constitution","An acceptance test confirms this statement: “The wallet experience displays points.”","Frontend Product/Design Blueprint (frontend-owned; identifier pending ODR-001)","Passing functional test and relevant audit/event record where applicable.","Pending independent review","Not started"
"REQ-070.14","REQ-070","Part 7","Dashboard, Survey, Wallet, Leaderboard, and Profile UX","L3343; L3347","Display: || USD","4088482b9ec9c31751ea3ae54f8b1798d8c257ebbfe694e6e890ad6f639d853c","The wallet experience displays USD.","MUST","Functional","V1","CBR","Frontend handoff","None stated by the Constitution","An acceptance test confirms this statement: “The wallet experience displays USD.”","Frontend Product/Design Blueprint (frontend-owned; identifier pending ODR-001)","Passing functional test and relevant audit/event record where applicable.","Pending independent review","Not started"
"REQ-070.15","REQ-070","Part 7","Dashboard, Survey, Wallet, Leaderboard, and Profile UX","L3343; L3349","Display: || Local Currency","0ebd4333b94b5fcf5c4d9624b0b3eeea9e46fead6e5f39b1c1a30c2bd255cdc4","The wallet experience displays local currency.","MUST","Functional","V1","CBR","Frontend handoff","None stated by the Constitution","An acceptance test confirms this statement: “The wallet experience displays local currency.”","Frontend Product/Design Blueprint (frontend-owned; identifier pending ODR-001)","Passing functional test and relevant audit/event record where applicable.","Pending independent review","Not started"
"REQ-070.16","REQ-070","Part 7","Dashboard, Survey, Wallet, Leaderboard, and Profile UX","L3343; L3351","Display: || Pending","07f80e2844330b40f0f53c7981017f1d607d6bd6e9f538f482588ced95200ef2","The wallet experience displays pending balance.","MUST","Functional","V1","CBR","Frontend handoff","None stated by the Constitution","An acceptance test confirms this statement: “The wallet experience displays pending balance.”","Frontend Product/Design Blueprint (frontend-owned; identifier pending ODR-001)","Passing functional test and relevant audit/event record where applicable.","Pending independent review","Not started"
"REQ-070.17","REQ-070","Part 7","Dashboard, Survey, Wallet, Leaderboard, and Profile UX","L3343; L3353","Display: || Validated","d82264c847211ad42a8a83541bd5e473df89374e0d9d1a25eb08233787a6cdda","The wallet experience displays validated balance.","MUST","Functional","V1","CBR","Frontend handoff","None stated by the Constitution","An acceptance test confirms this statement: “The wallet experience displays validated balance.”","Frontend Product/Design Blueprint (frontend-owned; identifier pending ODR-001)","Passing functional test and relevant audit/event record where applicable.","Pending independent review","Not started"
"REQ-070.18","REQ-070","Part 7","Dashboard, Survey, Wallet, Leaderboard, and Profile UX","L3343; L3355","Display: || Mature","817d3bc4025605a29ec0a8553d9ceaebdac2dcef16b92173e896442d4f2b59d3","The wallet experience displays mature balance.","MUST","Functional","V1","CBR","Frontend handoff","None stated by the Constitution","An acceptance test confirms this statement: “The wallet experience displays mature balance.”","Frontend Product/Design Blueprint (frontend-owned; identifier pending ODR-001)","Passing functional test and relevant audit/event record where applicable.","Pending independent review","Not started"
"REQ-070.19","REQ-070","Part 7","Dashboard, Survey, Wallet, Leaderboard, and Profile UX","L3343; L3357","Display: || Withdrawable","6a449f1f6a00db6cda9f73f108c092a9b4b02e7935e2ef46321857f43adc3de9","The wallet experience displays withdrawable balance.","MUST","Functional","V1","CBR","Frontend handoff","None stated by the Constitution","An acceptance test confirms this statement: “The wallet experience displays withdrawable balance.”","Frontend Product/Design Blueprint (frontend-owned; identifier pending ODR-001)","Passing functional test and relevant audit/event record where applicable.","Pending independent review","Not started"
"REQ-070.20","REQ-070","Part 7","Dashboard, Survey, Wallet, Leaderboard, and Profile UX","L3343; L3359","Display: || Transaction History","0814308566074bf9ce5ec2d65063c07846dd7e55fb2de9a236940f8732168c41","The wallet experience displays transaction history.","MUST","Functional","V1","CBR","Frontend handoff","None stated by the Constitution","An acceptance test confirms this statement: “The wallet experience displays transaction history.”","Frontend Product/Design Blueprint (frontend-owned; identifier pending ODR-001)","Passing functional test and relevant audit/event record where applicable.","Pending independent review","Not started"
"REQ-070.21","REQ-070","Part 7","Dashboard, Survey, Wallet, Leaderboard, and Profile UX","L3343; L3361","Display: || Estimated Processing Times","28ca774ca405ebcefe23b5bdbfdfa0f37bdf3c53db2d26846c1c9c46bed9699f","The wallet experience displays estimated processing times.","MUST","Functional","V1","CBR","Frontend handoff","None stated by the Constitution","An acceptance test confirms this statement: “The wallet experience displays estimated processing times.”","Frontend Product/Design Blueprint (frontend-owned; identifier pending ODR-001)","Passing functional test and relevant audit/event record where applicable.","Pending independent review","Not started"
"REQ-070.22","REQ-070","Part 7","Dashboard, Survey, Wallet, Leaderboard, and Profile UX","L3363","Transparency is essential.","550f697fed68221812093b8008daf484aa3d5f90a9ce64fd30a4bece48bbbb60","Wallet presentation prioritizes transparency.","SHOULD","Functional","V1","CBR","Frontend handoff","None stated by the Constitution","An acceptance test confirms this statement: “Wallet presentation prioritizes transparency.”","Frontend Product/Design Blueprint (frontend-owned; identifier pending ODR-001)","Passing functional test and relevant audit/event record where applicable.","Pending independent review","Not started"
"REQ-070.23","REQ-070","Part 7","Dashboard, Survey, Wallet, Leaderboard, and Profile UX","L3367–L3377","LEADERBOARD EXPERIENCE / Weekly leaderboard should include: / Rank / Display Name / Points Earned / Surveys Completed","58c3c71be28b197b4df898afcee986a1192cffeb9a05262c0938dea65a666032","The weekly leaderboard displays rank, display name, points earned, and surveys completed.","SHOULD","Functional","V1","CBR","Frontend handoff","None stated by the Constitution","An acceptance test confirms this statement: “The weekly leaderboard displays rank, display name, points earned, and surveys completed.”","Frontend Product/Design Blueprint (frontend-owned; identifier pending ODR-001)","Passing functional test and relevant audit/event record where applicable.","Pending independent review","Not started"
"REQ-070.24","REQ-070","Part 7","Dashboard, Survey, Wallet, Leaderboard, and Profile UX","L3379","Achievement Badges (future)","091d43a5dffc3715d19f08affe449e360e0cb46a599b85bd8e55ff48a8fe3bb5","Achievement badges are a future leaderboard option.","MAY","Functional","Future","FRR","Frontend handoff","None stated by the Constitution","An acceptance test confirms this statement: “Achievement badges are a future leaderboard option.”","Frontend Product/Design Blueprint (frontend-owned; identifier pending ODR-001)","Passing functional test and relevant audit/event record where applicable.","Pending independent review","Not started"
"REQ-070.25","REQ-070","Part 7","Dashboard, Survey, Wallet, Leaderboard, and Profile UX","L3381","The design should encourage participation without promoting unhealthy competition.","14656b726d7560ce20316b0964fcd08e1f88200b855212a48434dd42103ec92a","Leaderboard design encourages participation without unhealthy competition.","SHOULD","Non-functional","V1","REC","Frontend handoff","None stated by the Constitution","A defined measurement or design review confirms this statement: “Leaderboard design encourages participation without unhealthy competition.”","Frontend Product/Design Blueprint (frontend-owned; identifier pending ODR-001)","Defined metric/standard plus measured result or documented review.","Pending independent review","Not started"
"REQ-070.26","REQ-070","Part 7","Dashboard, Survey, Wallet, Leaderboard, and Profile UX","L3387; L3389","Users should manage: || Profile Information","525a40239b256793c48e8e7e9010f875876a188889336ee883e431678be87eef","The profile page lets users manage profile information.","SHOULD","Functional","V1","CBR","Frontend handoff","None stated by the Constitution","An acceptance test confirms this statement: “The profile page lets users manage profile information.”","Frontend Product/Design Blueprint (frontend-owned; identifier pending ODR-001)","Passing functional test and relevant audit/event record where applicable.","Pending independent review","Not started"
"REQ-070.27","REQ-070","Part 7","Dashboard, Survey, Wallet, Leaderboard, and Profile UX","L3387; L3391","Users should manage: || Password","484818558ba1909ec7e13514789cb5422b97e498805179397f8ec2bfc420c5cb","The profile page lets users manage password.","SHOULD","Functional","V1","CBR","Frontend handoff","None stated by the Constitution","An acceptance test confirms this statement: “The profile page lets users manage password.”","Frontend Product/Design Blueprint (frontend-owned; identifier pending ODR-001)","Passing functional test and relevant audit/event record where applicable.","Pending independent review","Not started"
"REQ-070.28","REQ-070","Part 7","Dashboard, Survey, Wallet, Leaderboard, and Profile UX","L3387; L3393","Users should manage: || Email Verification Status","5a7e4d5ab46c917be250c0d12e6454cd417e108b25be54e3622293af4d9ea743","The profile page shows email-verification status.","SHOULD","Functional","V1","CBR","Frontend handoff","None stated by the Constitution","An acceptance test confirms this statement: “The profile page shows email-verification status.”","Frontend Product/Design Blueprint (frontend-owned; identifier pending ODR-001)","Passing functional test and relevant audit/event record where applicable.","Pending independent review","Not started"
"REQ-070.29","REQ-070","Part 7","Dashboard, Survey, Wallet, Leaderboard, and Profile UX","L3387; L3395","Users should manage: || Notification Preferences","1bfbc2e0c69262b64400b81e443fa54edab4f73ce88eaceb9f7f2ed5de10e4c6","The profile page lets users manage notification preferences.","SHOULD","Functional","V1","CBR","Frontend handoff","None stated by the Constitution","An acceptance test confirms this statement: “The profile page lets users manage notification preferences.”","Frontend Product/Design Blueprint (frontend-owned; identifier pending ODR-001)","Passing functional test and relevant audit/event record where applicable.","Pending independent review","Not started"
"REQ-070.30","REQ-070","Part 7","Dashboard, Survey, Wallet, Leaderboard, and Profile UX","L3387; L3397","Users should manage: || Withdrawal Methods","0e5f639f1bb259147733f4b9275fb5c496f7e4dcc7425bd664179936b3d407e7","The profile page lets users manage withdrawal methods.","SHOULD","Functional","V1","CBR","Frontend handoff","None stated by the Constitution","An acceptance test confirms this statement: “The profile page lets users manage withdrawal methods.”","Frontend Product/Design Blueprint (frontend-owned; identifier pending ODR-001)","Passing functional test and relevant audit/event record where applicable.","Pending independent review","Not started"
"REQ-070.31","REQ-070","Part 7","Dashboard, Survey, Wallet, Leaderboard, and Profile UX","L3387; L3399","Users should manage: || Security Settings","15ba7d7f3d47ee29f78b28f4da9c2dcad8199bd6d831a678a6eb239a662421f3","The profile page lets users manage security settings.","SHOULD","Functional","V1","CBR","Frontend handoff","None stated by the Constitution","An acceptance test confirms this statement: “The profile page lets users manage security settings.”","Frontend Product/Design Blueprint (frontend-owned; identifier pending ODR-001)","Passing functional test and relevant audit/event record where applicable.","Pending independent review","Not started"
"REQ-070.32","REQ-070","Part 7","Dashboard, Survey, Wallet, Leaderboard, and Profile UX","L3387; L3401","Users should manage: || Activity History","cc10f46e947181f44b5ace3b3f613696352f161292f3a7b0597aa5e1486f23e9","The profile page lets users access activity history.","SHOULD","Functional","V1","CBR","Frontend handoff","None stated by the Constitution","An acceptance test confirms this statement: “The profile page lets users access activity history.”","Frontend Product/Design Blueprint (frontend-owned; identifier pending ODR-001)","Passing functional test and relevant audit/event record where applicable.","Pending independent review","Not started"
"REQ-070.33","REQ-070","Part 7","Dashboard, Survey, Wallet, Leaderboard, and Profile UX","L3403","The interface should remain simple.","0903fb1b3605eeef849f1f11196ce4f5af7a018921f676ae8720fc94efbc26ac","The profile interface remains simple.","SHOULD","Non-functional","V1","REC","Frontend handoff","None stated by the Constitution","A defined measurement or design review confirms this statement: “The profile interface remains simple.”","Frontend Product/Design Blueprint (frontend-owned; identifier pending ODR-001)","Defined metric/standard plus measured result or documented review.","Pending independent review","Not started"
"REQ-071.01","REQ-071","Part 7","Support and Admin UX","L3407–L3409","SUPPORT EXPERIENCE / Support should feel conversational.","52f75c7ea002a7f862da9e2b6613e22ef5562bfffe445ea9781195e59906a260","The support experience feels conversational.","SHOULD","Non-functional","V1","REC","Frontend handoff","None stated by the Constitution","A defined measurement or design review confirms this statement: “The support experience feels conversational.”","Frontend Product/Design Blueprint (frontend-owned; identifier pending ODR-001)","Defined metric/standard plus measured result or documented review.","Pending independent review","Not started"
"REQ-071.02","REQ-071","Part 7","Support and Admin UX","L3411; L3413","Include: || Knowledge Base","423c6a11ad62c3d16947fc1f6e5d41b030563cd914b2850e330b5add8322fead","Support UX includes a knowledge base.","MUST","Functional","V1","CBR","Frontend handoff","None stated by the Constitution","An acceptance test confirms this statement: “Support UX includes a knowledge base.”","Frontend Product/Design Blueprint (frontend-owned; identifier pending ODR-001)","Passing functional test and relevant audit/event record where applicable.","Pending independent review","Not started"
"REQ-071.03","REQ-071","Part 7","Support and Admin UX","L3411; L3415","Include: || Search","d8645c05ecdb92a90a0e4eabac9fa0798e856ee8c5c5a710e543f3e22ff6591d","Support UX includes search.","MUST","Functional","V1","CBR","Frontend handoff","None stated by the Constitution","An acceptance test confirms this statement: “Support UX includes search.”","Frontend Product/Design Blueprint (frontend-owned; identifier pending ODR-001)","Passing functional test and relevant audit/event record where applicable.","Pending independent review","Not started"
"REQ-071.04","REQ-071","Part 7","Support and Admin UX","L3411; L3417","Include: || Support Tickets","29d64c6ce7199793ac1edc51325c561ac5b7738ac45b0bda7d3ce6dc275f659c","Support UX includes support tickets.","MUST","Functional","V1","CBR","Frontend handoff","None stated by the Constitution","An acceptance test confirms this statement: “Support UX includes support tickets.”","Frontend Product/Design Blueprint (frontend-owned; identifier pending ODR-001)","Passing functional test and relevant audit/event record where applicable.","Pending independent review","Not started"
"REQ-071.05","REQ-071","Part 7","Support and Admin UX","L3411; L3419","Include: || Ticket Timeline","03191e1cc208982fabfba7a4888455cd403c6c508181a619e32bf569f383d932","Support UX includes a ticket timeline.","MUST","Functional","V1","CBR","Frontend handoff","None stated by the Constitution","An acceptance test confirms this statement: “Support UX includes a ticket timeline.”","Frontend Product/Design Blueprint (frontend-owned; identifier pending ODR-001)","Passing functional test and relevant audit/event record where applicable.","Pending independent review","Not started"
"REQ-071.06","REQ-071","Part 7","Support and Admin UX","L3411; L3421","Include: || Attachments","b3156a8572d3fbbfcb91cd5d00452a2281db7231fc5e2bd4df575d28d29ca372","Support UX includes attachments.","MUST","Functional","V1","CBR","Frontend handoff","None stated by the Constitution","An acceptance test confirms this statement: “Support UX includes attachments.”","Frontend Product/Design Blueprint (frontend-owned; identifier pending ODR-001)","Passing functional test and relevant audit/event record where applicable.","Pending independent review","Not started"
"REQ-071.07","REQ-071","Part 7","Support and Admin UX","L3411; L3423","Include: || Status Updates","555d9a5c8a5d7f9e2abadd586e8323f5a3f7960e20ed2d122df3d5f51e1cf776","Support UX includes status updates.","MUST","Functional","V1","CBR","Frontend handoff","None stated by the Constitution","An acceptance test confirms this statement: “Support UX includes status updates.”","Frontend Product/Design Blueprint (frontend-owned; identifier pending ODR-001)","Passing functional test and relevant audit/event record where applicable.","Pending independent review","Not started"
"REQ-071.08","REQ-071","Part 7","Support and Admin UX","L3411; L3425","Include: || Estimated Response Time","e7007dceda49d7f43f7201923f77cb1b71757a8a333ed03ebd09e81c5470288d","Support UX includes estimated response time.","MUST","Functional","V1","CBR","Frontend handoff","None stated by the Constitution","An acceptance test confirms this statement: “Support UX includes estimated response time.”","Frontend Product/Design Blueprint (frontend-owned; identifier pending ODR-001)","Passing functional test and relevant audit/event record where applicable.","Pending independent review","Not started"
"REQ-071.09","REQ-071","Part 7","Support and Admin UX","L3429–L3431","ADMIN DESIGN / The Super Admin Panel should prioritize efficiency.","e88eb64865d97a41fc127224715811854dc725b258e94c4ca11b67a71601a818","The Super Admin interface prioritizes efficiency.","SHOULD","Non-functional","V1","REC","Frontend handoff","None stated by the Constitution","A defined measurement or design review confirms this statement: “The Super Admin interface prioritizes efficiency.”","Frontend Product/Design Blueprint (frontend-owned; identifier pending ODR-001)","Defined metric/standard plus measured result or documented review.","Pending independent review","Not started"
"REQ-071.10","REQ-071","Part 7","Support and Admin UX","L3433; L3435","Design goals: || Fast navigation","58c80d6c2f1fcca752daa0f7e4a70e2d651144e0230c78f090e5ac502faf5d9f","Admin UX provides fast navigation.","SHOULD","Functional","V1","CBR","Frontend handoff","None stated by the Constitution","An acceptance test confirms this statement: “Admin UX provides fast navigation.”","Frontend Product/Design Blueprint (frontend-owned; identifier pending ODR-001)","Passing functional test and relevant audit/event record where applicable.","Pending independent review","Not started"
"REQ-071.11","REQ-071","Part 7","Support and Admin UX","L3433; L3437","Design goals: || Powerful filtering","662d5be0175825ce9d24b83bafc33cc211c21867de695d4c5eb8ba9091c12694","Admin UX provides powerful filtering.","SHOULD","Functional","V1","CBR","Frontend handoff","None stated by the Constitution","An acceptance test confirms this statement: “Admin UX provides powerful filtering.”","Frontend Product/Design Blueprint (frontend-owned; identifier pending ODR-001)","Passing functional test and relevant audit/event record where applicable.","Pending independent review","Not started"
"REQ-071.12","REQ-071","Part 7","Support and Admin UX","L3433; L3439","Design goals: || Bulk actions","0514022cc627230ea5b507e5cde864eb9f16d4af6c425177306c6ed4f04fc3b2","Admin UX provides bulk actions.","SHOULD","Functional","V1","CBR","Frontend handoff","None stated by the Constitution","An acceptance test confirms this statement: “Admin UX provides bulk actions.”","Frontend Product/Design Blueprint (frontend-owned; identifier pending ODR-001)","Passing functional test and relevant audit/event record where applicable.","Pending independent review","Not started"
"REQ-071.13","REQ-071","Part 7","Support and Admin UX","L3433; L3441","Design goals: || Quick search","d8e3d3a02013da8e958d9df250df9da01c294cc621a577f56c3c797241eae6b4","Admin UX provides quick search.","SHOULD","Functional","V1","CBR","Frontend handoff","None stated by the Constitution","An acceptance test confirms this statement: “Admin UX provides quick search.”","Frontend Product/Design Blueprint (frontend-owned; identifier pending ODR-001)","Passing functional test and relevant audit/event record where applicable.","Pending independent review","Not started"
"REQ-071.14","REQ-071","Part 7","Support and Admin UX","L3433; L3443","Design goals: || Keyboard shortcuts where practical","97401fdec31fafba0de4895ef75ee5596f7f1c314a5f957f5eee3cd43c75ac67","Admin UX provides keyboard shortcuts where practical.","SHOULD","Functional","V1","CBR","Frontend handoff","None stated by the Constitution","An acceptance test confirms this statement: “Admin UX provides keyboard shortcuts where practical.”","Frontend Product/Design Blueprint (frontend-owned; identifier pending ODR-001)","Passing functional test and relevant audit/event record where applicable.","Pending independent review","Not started"
"REQ-071.15","REQ-071","Part 7","Support and Admin UX","L3433; L3445","Design goals: || Dashboard customization","d01f708f4be722bb979c295642c77d51adeed013a2f5dd2f64fb39c306c2e68c","Admin UX provides dashboard customization.","SHOULD","Functional","V1","CBR","Frontend handoff","None stated by the Constitution","An acceptance test confirms this statement: “Admin UX provides dashboard customization.”","Frontend Product/Design Blueprint (frontend-owned; identifier pending ODR-001)","Passing functional test and relevant audit/event record where applicable.","Pending independent review","Not started"
"REQ-071.16","REQ-071","Part 7","Support and Admin UX","L3433; L3447","Design goals: || Dark mode (optional)","c033052d9ee0b227785e6bb973eeb0791fc1dd8e8979ecc185cf49012c804461","Admin UX may provide dark mode.","MAY","Functional","V1","REC","Frontend handoff","None stated by the Constitution","An acceptance test confirms this statement: “Admin UX may provide dark mode.”","Frontend Product/Design Blueprint (frontend-owned; identifier pending ODR-001)","Passing functional test and relevant audit/event record where applicable.","Pending independent review","Not started"
"REQ-071.17","REQ-071","Part 7","Support and Admin UX","L3433; L3449","Design goals: || Responsive layout","cdca56c5878465e8a4e3071148f625040679d3aa7deb3a60cc09eaa7c24bb014","Admin UX provides a responsive layout.","SHOULD","Functional","V1","CBR","Frontend handoff","None stated by the Constitution","An acceptance test confirms this statement: “Admin UX provides a responsive layout.”","Frontend Product/Design Blueprint (frontend-owned; identifier pending ODR-001)","Passing functional test and relevant audit/event record where applicable.","Pending independent review","Not started"
"REQ-072.01","REQ-072","Part 7","Accessibility, Microinteractions, Empty States, and Error Pages","L3453–L3455","DESIGN ACCESSIBILITY / Follow accessibility best practices.","bf3309bec504f0a52589065e487a8b23ac52abd0bca89fc14b9a10bbb03489ea","The design follows accessibility best practices.","SHOULD","Functional","V1","CBR","Frontend handoff","EFE-008","An acceptance test confirms this statement: “The design follows accessibility best practices.”","Frontend Product/Design Blueprint (frontend-owned; identifier pending ODR-001)","Passing functional test and relevant audit/event record where applicable.","Pending independent review","Not started"
"REQ-072.02","REQ-072","Part 7","Accessibility, Microinteractions, Empty States, and Error Pages","L3457; L3459","Support: || Keyboard navigation","47c3dc0e77a91541f2e030244b2ce348baecfb9a9a9cef9a8b49fdd275b29279","The design supports keyboard navigation.","MUST","Functional","V1","CBR","Frontend handoff","EFE-008","An acceptance test confirms this statement: “The design supports keyboard navigation.”","Frontend Product/Design Blueprint (frontend-owned; identifier pending ODR-001)","Passing functional test and relevant audit/event record where applicable.","Pending independent review","Not started"
"REQ-072.03","REQ-072","Part 7","Accessibility, Microinteractions, Empty States, and Error Pages","L3457; L3461","Support: || Visible focus states","105bd0992f139f5df24637a86952278c8afb165ee0ab645c3313b629e22f8d5a","The design supports visible focus states.","MUST","Functional","V1","CBR","Frontend handoff","EFE-008","An acceptance test confirms this statement: “The design supports visible focus states.”","Frontend Product/Design Blueprint (frontend-owned; identifier pending ODR-001)","Passing functional test and relevant audit/event record where applicable.","Pending independent review","Not started"
"REQ-072.04","REQ-072","Part 7","Accessibility, Microinteractions, Empty States, and Error Pages","L3457; L3463","Support: || Readable contrast","3f322a8614079b5800cdcf86f81b98e6c021ec392547e8a237a52431d1effd65","The design supports readable contrast.","MUST","Functional","V1","CBR","Frontend handoff","EFE-008","An acceptance test confirms this statement: “The design supports readable contrast.”","Frontend Product/Design Blueprint (frontend-owned; identifier pending ODR-001)","Passing functional test and relevant audit/event record where applicable.","Pending independent review","Not started"
"REQ-072.05","REQ-072","Part 7","Accessibility, Microinteractions, Empty States, and Error Pages","L3457; L3465","Support: || Scalable text","096d53bfb540b21fe4201cb202ab0f94a62ef203ee2e2d1a60b442c1e15db77e","The design supports scalable text.","MUST","Functional","V1","CBR","Frontend handoff","EFE-008","An acceptance test confirms this statement: “The design supports scalable text.”","Frontend Product/Design Blueprint (frontend-owned; identifier pending ODR-001)","Passing functional test and relevant audit/event record where applicable.","Pending independent review","Not started"
"REQ-072.06","REQ-072","Part 7","Accessibility, Microinteractions, Empty States, and Error Pages","L3457; L3467","Support: || Screen reader compatibility where practical","153ad7d1e400d002a56d68ad3bc104e7e169e22d22bdb925d184ffdefba40c99","The design supports screen-reader compatibility where practical.","MUST","Functional","V1","CBR","Frontend handoff","EFE-008","An acceptance test confirms this statement: “The design supports screen-reader compatibility where practical.”","Frontend Product/Design Blueprint (frontend-owned; identifier pending ODR-001)","Passing functional test and relevant audit/event record where applicable.","Pending independent review","Not started"
"REQ-072.07","REQ-072","Part 7","Accessibility, Microinteractions, Empty States, and Error Pages","L3469","Avoid relying solely on color to communicate meaning.","289ad753f05cc7075d8130084ba98308673136dcf651daa8414648cfecb61f20","The interface does not rely solely on color to communicate meaning.","MUST","Functional","V1","CBR","Frontend handoff","EFE-008","An acceptance test confirms this statement: “The interface does not rely solely on color to communicate meaning.”","Frontend Product/Design Blueprint (frontend-owned; identifier pending ODR-001)","Passing functional test and relevant audit/event record where applicable.","Pending independent review","Not started"
"REQ-072.08","REQ-072","Part 7","Accessibility, Microinteractions, Empty States, and Error Pages","L3473–L3489","MICROINTERACTIONS / Use subtle animations. / Examples: / Button hover / Success confirmation / Loading indicators / Smooth page transitions / Notification appearance / Avoid excessive animation.","ee355198d37ca059dd924d320689568e1775001b9b814a07b8610ef85516f084","Animations are subtle and not excessive.","SHOULD","Functional","V1","CBR","Frontend handoff","None stated by the Constitution","An acceptance test confirms this statement: “Animations are subtle and not excessive.”","Frontend Product/Design Blueprint (frontend-owned; identifier pending ODR-001)","Passing functional test and relevant audit/event record where applicable.","Pending independent review","Not started"
"REQ-072.09","REQ-072","Part 7","Accessibility, Microinteractions, Empty States, and Error Pages","L3493–L3497","EMPTY STATES / Every empty screen should include: / Helpful explanation","04b4e4a97be6de110a32a4fd6ace9ce95fcdde34f3f639dd1ef1015e18eaf3b5","Every empty screen provides a helpful explanation.","SHOULD","Functional","V1","CBR","Frontend handoff","None stated by the Constitution","An acceptance test confirms this statement: “Every empty screen provides a helpful explanation.”","Frontend Product/Design Blueprint (frontend-owned; identifier pending ODR-001)","Passing functional test and relevant audit/event record where applicable.","Pending independent review","Not started"
"REQ-072.10","REQ-072","Part 7","Accessibility, Microinteractions, Empty States, and Error Pages","L3493; L3499","EMPTY STATES || Suggested action","60afe7bbc57322099741ec850e348b7d8c2d4afb2c16bf96bfe6cf6510e21518","Every empty screen provides a suggested action.","SHOULD","Functional","V1","CBR","Frontend handoff","None stated by the Constitution","An acceptance test confirms this statement: “Every empty screen provides a suggested action.”","Frontend Product/Design Blueprint (frontend-owned; identifier pending ODR-001)","Passing functional test and relevant audit/event record where applicable.","Pending independent review","Not started"
"REQ-072.11","REQ-072","Part 7","Accessibility, Microinteractions, Empty States, and Error Pages","L3493; L3501","EMPTY STATES || Clear CTA","335bd501e07adc560939a16b7f5723ebcd101553c0d5bf85c7a62d310fac04e0","Every empty screen provides a clear call to action.","SHOULD","Functional","V1","CBR","Frontend handoff","None stated by the Constitution","An acceptance test confirms this statement: “Every empty screen provides a clear call to action.”","Frontend Product/Design Blueprint (frontend-owned; identifier pending ODR-001)","Passing functional test and relevant audit/event record where applicable.","Pending independent review","Not started"
"REQ-072.12","REQ-072","Part 7","Accessibility, Microinteractions, Empty States, and Error Pages","L3503","Never leave blank pages.","5b58b7a746bde6e740445600929a81ce120145b6e0e6ae195448f6f8183bb0ff","The product does not leave blank pages.","MUST","Functional","V1","CBR","Frontend handoff","None stated by the Constitution","An acceptance test confirms this statement: “The product does not leave blank pages.”","Frontend Product/Design Blueprint (frontend-owned; identifier pending ODR-001)","Passing functional test and relevant audit/event record where applicable.","Pending independent review","Not started"
"REQ-072.13","REQ-072","Part 7","Accessibility, Microinteractions, Empty States, and Error Pages","L3507–L3525","ERROR PAGES / Create professional: / 401 / 403 / 404 / 429 / 500 / Maintenance / Offline / Pages.","43ec2837f8aa2ff7483863c564c028ebc1798b74fba9c4ae224287119c440d7d","Professional 401, 403, 404, 429, 500, maintenance, and offline pages are created.","MUST","Functional","V1","CBR","Frontend handoff","None stated by the Constitution","An acceptance test confirms this statement: “Professional 401, 403, 404, 429, 500, maintenance, and offline pages are created.”","Frontend Product/Design Blueprint (frontend-owned; identifier pending ODR-001)","Passing functional test and relevant audit/event record where applicable.","Pending independent review","Not started"
"REQ-072.14","REQ-072","Part 7","Accessibility, Microinteractions, Empty States, and Error Pages","L3527","Each should guide users back to useful actions.","994d17f5c26c0c39c683bb2987a00a61f07011ce04210e6ab50f393307b1cc56","Every error page guides the user to a useful action.","SHOULD","Functional","V1","CBR","Frontend handoff","None stated by the Constitution","An acceptance test confirms this statement: “Every error page guides the user to a useful action.”","Frontend Product/Design Blueprint (frontend-owned; identifier pending ODR-001)","Passing functional test and relevant audit/event record where applicable.","Pending independent review","Not started"
"REQ-073.01","REQ-073","Part 7","Final UI Deliverables and Approval Gate","L3533; L3535","Generate: || Complete Design System","41d5ac7aa152437af4e67a5d2d5d0bd030afe9209e1b4d779c022c3537ab3871","Generate a Complete Design System.","MUST","Documentation","Pre-implementation deliverable","CD","Frontend handoff","None stated by the Constitution","The named artifact exists, addresses this statement, and is traceable to the cited lines: “Generate a Complete Design System.”","Frontend Product/Design Blueprint (frontend-owned; identifier pending ODR-001)","Versioned artifact plus reviewer sign-off and citation trace.","Pending independent review","Not started"
"REQ-073.02","REQ-073","Part 7","Final UI Deliverables and Approval Gate","L3533; L3537","Generate: || Component Library","338fa7d1671ea1ec9698b98e826c71d1fb80701d863f3a874f7b091d5d352928","Generate a Component Library.","MUST","Documentation","Pre-implementation deliverable","CD","Frontend handoff","None stated by the Constitution","The named artifact exists, addresses this statement, and is traceable to the cited lines: “Generate a Component Library.”","Frontend Product/Design Blueprint (frontend-owned; identifier pending ODR-001)","Versioned artifact plus reviewer sign-off and citation trace.","Pending independent review","Not started"
"REQ-073.03","REQ-073","Part 7","Final UI Deliverables and Approval Gate","L3533; L3539","Generate: || Design Tokens","561bc70343d095d6ee8b431bb66f069abf67599f592b8ebc814fb15c5ccde846","Generate Design Tokens.","MUST","Documentation","Pre-implementation deliverable","CD","Frontend handoff","None stated by the Constitution","The named artifact exists, addresses this statement, and is traceable to the cited lines: “Generate Design Tokens.”","Frontend Product/Design Blueprint (frontend-owned; identifier pending ODR-001)","Versioned artifact plus reviewer sign-off and citation trace.","Pending independent review","Not started"
"REQ-073.04","REQ-073","Part 7","Final UI Deliverables and Approval Gate","L3533; L3541","Generate: || Typography Guide","5f64fd2c73e055a7c25568fca2ee46e4c09ae327173184faa10a68a8d1c5c5df","Generate a Typography Guide.","MUST","Documentation","Pre-implementation deliverable","CD","Frontend handoff","None stated by the Constitution","The named artifact exists, addresses this statement, and is traceable to the cited lines: “Generate a Typography Guide.”","Frontend Product/Design Blueprint (frontend-owned; identifier pending ODR-001)","Versioned artifact plus reviewer sign-off and citation trace.","Pending independent review","Not started"
"REQ-073.05","REQ-073","Part 7","Final UI Deliverables and Approval Gate","L3533; L3543","Generate: || Color Guide","a697a015f4d68a71e37f8df8af7e4b5aff30253a041e741b03a96906ffe3b20e","Generate a Color Guide.","MUST","Documentation","Pre-implementation deliverable","CD","Frontend handoff","None stated by the Constitution","The named artifact exists, addresses this statement, and is traceable to the cited lines: “Generate a Color Guide.”","Frontend Product/Design Blueprint (frontend-owned; identifier pending ODR-001)","Versioned artifact plus reviewer sign-off and citation trace.","Pending independent review","Not started"
"REQ-073.06","REQ-073","Part 7","Final UI Deliverables and Approval Gate","L3533; L3545","Generate: || Responsive Guidelines","faf23539417f57fe95e36af487bbd6cb6f75120769e14ab7c4e07b1be743bcdb","Generate Responsive Guidelines.","MUST","Documentation","Pre-implementation deliverable","CD","Frontend handoff","None stated by the Constitution","The named artifact exists, addresses this statement, and is traceable to the cited lines: “Generate Responsive Guidelines.”","Frontend Product/Design Blueprint (frontend-owned; identifier pending ODR-001)","Versioned artifact plus reviewer sign-off and citation trace.","Pending independent review","Not started"
"REQ-073.07","REQ-073","Part 7","Final UI Deliverables and Approval Gate","L3533; L3547","Generate: || Accessibility Review","21e90947d3090a1a048d1f1d437cb2e3b5398e99667e76df5ee9903037e86091","Generate an Accessibility Review.","MUST","Documentation","Pre-implementation deliverable","CD","Frontend handoff","None stated by the Constitution","The named artifact exists, addresses this statement, and is traceable to the cited lines: “Generate an Accessibility Review.”","Frontend Product/Design Blueprint (frontend-owned; identifier pending ODR-001)","Versioned artifact plus reviewer sign-off and citation trace.","Pending independent review","Not started"
"REQ-073.08","REQ-073","Part 7","Final UI Deliverables and Approval Gate","L3533; L3549","Generate: || UX Documentation","237768e10f7fc0a76750ce5c72bd44f509015a5199035a8302f3cd2bca155a85","Generate UX Documentation.","MUST","Documentation","Pre-implementation deliverable","CD","Frontend handoff","None stated by the Constitution","The named artifact exists, addresses this statement, and is traceable to the cited lines: “Generate UX Documentation.”","Frontend Product/Design Blueprint (frontend-owned; identifier pending ODR-001)","Versioned artifact plus reviewer sign-off and citation trace.","Pending independent review","Not started"
"REQ-073.09","REQ-073","Part 7","Final UI Deliverables and Approval Gate","L3533; L3551","Generate: || Wireframes","56b5f1e654b4c6570e46fb43fc790ab77a712d38589b8d346c8cde4a7be4ee7b","Generate Wireframes.","MUST","Documentation","Pre-implementation deliverable","CD","Frontend handoff","None stated by the Constitution","The named artifact exists, addresses this statement, and is traceable to the cited lines: “Generate Wireframes.”","Frontend Product/Design Blueprint (frontend-owned; identifier pending ODR-001)","Versioned artifact plus reviewer sign-off and citation trace.","Pending independent review","Not started"
"REQ-073.10","REQ-073","Part 7","Final UI Deliverables and Approval Gate","L3533; L3553","Generate: || High-Fidelity Mockups","f5464279c9cc853406266408cb6bfe1019102b8b2a4d070c790dfe367230850e","Generate High-Fidelity Mockups.","MUST","Documentation","Pre-implementation deliverable","CD","Frontend handoff","None stated by the Constitution","The named artifact exists, addresses this statement, and is traceable to the cited lines: “Generate High-Fidelity Mockups.”","Frontend Product/Design Blueprint (frontend-owned; identifier pending ODR-001)","Versioned artifact plus reviewer sign-off and citation trace.","Pending independent review","Not started"
"REQ-073.11","REQ-073","Part 7","Final UI Deliverables and Approval Gate","L3533; L3555","Generate: || Design QA Checklist","b163099662b31076f54a2d4a77f15eaa5c75358db0c75aa940bf746d1a01afff","Generate a Design QA Checklist.","MUST","Documentation","Pre-implementation deliverable","CD","Frontend handoff","None stated by the Constitution","The named artifact exists, addresses this statement, and is traceable to the cited lines: “Generate a Design QA Checklist.”","Frontend Product/Design Blueprint (frontend-owned; identifier pending ODR-001)","Versioned artifact plus reviewer sign-off and citation trace.","Pending independent review","Not started"
"REQ-073.12","REQ-073","Part 7","Final UI Deliverables and Approval Gate","L3557","Only after approval should UI implementation begin.","1d943e528cb42242029b573e304faa4d11bbe30dc4ab0431b2b05863f586c457","UI implementation begins only after the UI deliverables are approved.","SHOULD","Governance","Pre-implementation deliverable","REC","Frontend handoff","None stated by the Constitution","Workflow and audit evidence confirm this statement: “UI implementation begins only after the UI deliverables are approved.”","Frontend Product/Design Blueprint (frontend-owned; identifier pending ODR-001)","Approval/audit record showing the required gate or workflow was followed.","Pending independent review","Not started"
"REQ-074.01","REQ-074","Part 8","Growth and Brand Positioning","L3569–L3571","GROWTH PHILOSOPHY / EarnPearls must not depend only on paid advertising.","7c1adc4b1b22e75ab7468415929c9e05a94c0646da71ee5962dfcff1206a9560","EarnPearls does not depend solely on paid advertising.","MUST","Compliance","Pre-implementation deliverable","CD","Marketing/Shared","None stated by the Constitution","An acceptance test confirms this statement: “EarnPearls does not depend solely on paid advertising.”","Security, Fraud & Compliance deliverable (identifier pending ODR-001)","Control mapping, authoritative evidence, and review record.","Pending independent review","Not started"
"REQ-074.02","REQ-074","Part 8","Growth and Brand Positioning","L3573–L3589","The long-term growth strategy should be built around: / Trust / Content / Community / Organic Search / Social Media Presence / User Retention / Referral Growth / Brand Authority","bf888413532cbe7483ea6c26b462ad42fc4d39df96a7d43c285f821bffe64e7c","Long-term growth planning centers on trust, content, community, organic search, social presence, retention, referrals, and brand authority.","SHOULD","Documentation","Pre-implementation deliverable","REC","Marketing/Shared","None stated by the Constitution","The named artifact exists, addresses this statement, and is traceable to the cited lines: “Long-term growth planning centers on trust, content, community, organic search, social presence, retention, referrals, and brand authority.”","Phase 0 documentation/roadmap deliverable (identifier pending ODR-001)","Versioned artifact plus reviewer sign-off and citation trace.","Pending independent review","Not started"
"REQ-074.03","REQ-074","Part 8","Growth and Brand Positioning","L3595–L3599","BRAND POSITIONING / EarnPearls should be positioned as: / \> A trusted global rewards platform where users can earn rewards by sharing their time and opinions through surveys and participating in approved reward opportunities.","bd0aedddb1970bac03b9761454f5a9c05eb978e598936b6fb4a95abbceafab3b","Brand positioning describes EarnPearls as a trusted global rewards platform for surveys and approved reward opportunities.","SHOULD","Compliance","Pre-implementation deliverable","REC","Marketing/Shared","None stated by the Constitution","An acceptance test confirms this statement: “Brand positioning describes EarnPearls as a trusted global rewards platform for surveys and approved reward opportunities.”","Security, Fraud & Compliance deliverable (identifier pending ODR-001)","Control mapping, authoritative evidence, and review record.","Pending independent review","Not started"
"REQ-074.04","REQ-074","Part 8","Growth and Brand Positioning","L3601–L3613","The messaging should focus on: / Respect for user time / Transparency / Fair rewards / Simple experience / Reliable withdrawals / User empowerment","a500debd56974f5954ea19c19e31d61fd0f5750e6f05b3c6a838c8a73d7a537d","Brand messaging emphasizes respect for user time, transparency, fair rewards, simplicity, reliable withdrawals, and user empowerment.","SHOULD","Compliance","Pre-implementation deliverable","REC","Marketing/Shared","None stated by the Constitution","An acceptance test confirms this statement: “Brand messaging emphasizes respect for user time, transparency, fair rewards, simplicity, reliable withdrawals, and user empowerment.”","Security, Fraud & Compliance deliverable (identifier pending ODR-001)","Control mapping, authoritative evidence, and review record.","Pending independent review","Not started"
"REQ-074.05","REQ-074","Part 8","Growth and Brand Positioning","L3615–L3621","Avoid unrealistic claims such as: / ""Get rich quickly"" / ""Guaranteed income"" / ""Easy money without effort""","722e9ed5505aecc15a512f5dcaa77f145ff6494da20de09d870c39eaf2683da6","Marketing avoids get-rich-quick, guaranteed-income, and effortless-money claims.","MUST","Compliance","Pre-implementation deliverable","CD","Marketing/Shared","None stated by the Constitution","An acceptance test confirms this statement: “Marketing avoids get-rich-quick, guaranteed-income, and effortless-money claims.”","Security, Fraud & Compliance deliverable (identifier pending ODR-001)","Control mapping, authoritative evidence, and review record.","Pending independent review","Not started"
"REQ-074.06","REQ-074","Part 8","Growth and Brand Positioning","L3623","The brand must remain trustworthy.","87d1c3c9b0e78deeee98bc4ed7bee5280b1f946aaf0df842aac273b6804cfae7","Brand communications remain trustworthy.","MUST","Compliance","Pre-implementation deliverable","CD","Marketing/Shared","None stated by the Constitution","An acceptance test confirms this statement: “Brand communications remain trustworthy.”","Security, Fraud & Compliance deliverable (identifier pending ODR-001)","Control mapping, authoritative evidence, and review record.","Pending independent review","Not started"
"REQ-074.07","REQ-074","Part 8","Growth and Brand Positioning","L3627–L3655","TARGET AUDIENCE / Primary audiences: / United States / United Kingdom / Canada / Australia / Ireland / Germany / Selected European Markets / GCC Countries: / Saudi Arabia / UAE / Qatar / Oman / Bahrain","7647d0a0f3793101657872c5b184e43cfb25693cb03a632ff2d32bf8f0552baf","The target-audience plan covers the stated US, UK, Canadian, Australian, Irish, German, selected-European, and GCC markets.","SHOULD","Documentation","Pre-implementation deliverable","REC","Marketing/Shared","None stated by the Constitution","The named artifact exists, addresses this statement, and is traceable to the cited lines: “The target-audience plan covers the stated US, UK, Canadian, Australian, Irish, German, selected-European, and GCC markets.”","Phase 0 documentation/roadmap deliverable (identifier pending ODR-001)","Versioned artifact plus reviewer sign-off and citation trace.","Pending independent review","Not started"
"REQ-074.08","REQ-074","Part 8","Growth and Brand Positioning","L3657–L3667","Marketing campaigns should be adapted based on: / Country / Culture / Language behavior / Internet habits / Reward preferences","d1278dc6119d943191db82c1b66c999351260ed9ef7d93d85b5eff56991d71b9","Campaign planning adapts to country, culture, language behavior, internet habits, and reward preferences.","SHOULD","Compliance","Pre-implementation deliverable","REC","Marketing/Shared","EFE-003","An acceptance test confirms this statement: “Campaign planning adapts to country, culture, language behavior, internet habits, and reward preferences.”","Security, Fraud & Compliance deliverable (identifier pending ODR-001)","Control mapping, authoritative evidence, and review record.","Pending independent review","Not started"
"REQ-075.01","REQ-075","Part 8","Launch and Content Engine","L3671–L3673","LAUNCH STRATEGY / The AI should create a complete launch roadmap.","95e2b55c018ca052af31b0c6eaa46d96da7a1e82df34564b62d364c4ea2ebe11","A complete launch roadmap is created.","SHOULD","Documentation","Pre-implementation deliverable","REC","Marketing/Shared","None stated by the Constitution","The named artifact exists, addresses this statement, and is traceable to the cited lines: “A complete launch roadmap is created.”","Phase 0 documentation/roadmap deliverable (identifier pending ODR-001)","Versioned artifact plus reviewer sign-off and citation trace.","Pending independent review","Not started"
"REQ-075.02","REQ-075","Part 8","Launch and Content Engine","L3683; L3685","Create: || Website","965e2fe60f4278dd670f5a85f10234333ce4c6de20a01a508edcafb4e5f4ec9b","The website exists before public launch.","MUST","Documentation","Pre-implementation deliverable","CD","Marketing/Shared","None stated by the Constitution","The named artifact exists, addresses this statement, and is traceable to the cited lines: “The website exists before public launch.”","Phase 0 documentation/roadmap deliverable (identifier pending ODR-001)","Versioned artifact plus reviewer sign-off and citation trace.","Pending independent review","Not started"
"REQ-075.03","REQ-075","Part 8","Launch and Content Engine","L3683; L3687","Create: || Social Media Accounts","82812ebdba5ef5ae611a84ad666816c616e8596a4bd34958b182252d0f719655","Social media accounts exist before public launch.","MUST","Documentation","Pre-implementation deliverable","CD","Marketing/Shared","None stated by the Constitution","The named artifact exists, addresses this statement, and is traceable to the cited lines: “Social media accounts exist before public launch.”","Phase 0 documentation/roadmap deliverable (identifier pending ODR-001)","Versioned artifact plus reviewer sign-off and citation trace.","Pending independent review","Not started"
"REQ-075.04","REQ-075","Part 8","Launch and Content Engine","L3683; L3689","Create: || Blog","096301a85efe99f4126bd4879372a8e380fc5cc0aa54841d8b379fbd6371d4bc","The blog exists before public launch.","MUST","Documentation","Pre-implementation deliverable","CD","Marketing/Shared","None stated by the Constitution","The named artifact exists, addresses this statement, and is traceable to the cited lines: “The blog exists before public launch.”","Phase 0 documentation/roadmap deliverable (identifier pending ODR-001)","Versioned artifact plus reviewer sign-off and citation trace.","Pending independent review","Not started"
"REQ-075.05","REQ-075","Part 8","Launch and Content Engine","L3683; L3691","Create: || YouTube Channel","683a8db82f524f1fe29ca620218a04bbda7aa06a19208d93dda55b23dcb82e80","The YouTube channel exists before public launch.","MUST","Documentation","Pre-implementation deliverable","CD","Marketing/Shared","None stated by the Constitution","The named artifact exists, addresses this statement, and is traceable to the cited lines: “The YouTube channel exists before public launch.”","Phase 0 documentation/roadmap deliverable (identifier pending ODR-001)","Versioned artifact plus reviewer sign-off and citation trace.","Pending independent review","Not started"
"REQ-075.06","REQ-075","Part 8","Launch and Content Engine","L3683; L3693","Create: || Email System","8f032de9cf45bbcd69b9444208232c3d1e57fc8ce3aad97a9cda58b28cebf21b","The email system exists before public launch.","MUST","Documentation","Pre-implementation deliverable","CD","Marketing/Shared","None stated by the Constitution","The named artifact exists, addresses this statement, and is traceable to the cited lines: “The email system exists before public launch.”","Phase 0 documentation/roadmap deliverable (identifier pending ODR-001)","Versioned artifact plus reviewer sign-off and citation trace.","Pending independent review","Not started"
"REQ-075.07","REQ-075","Part 8","Launch and Content Engine","L3683; L3695","Create: || Analytics Setup","bc15f36e00d3e8afd3bce3e34945f8faf8ab5625dd519fe3c6b0b86ee5e79e76","Analytics is set up before public launch.","MUST","Documentation","Pre-implementation deliverable","CD","Marketing/Shared","None stated by the Constitution","The named artifact exists, addresses this statement, and is traceable to the cited lines: “Analytics is set up before public launch.”","Phase 0 documentation/roadmap deliverable (identifier pending ODR-001)","Versioned artifact plus reviewer sign-off and citation trace.","Pending independent review","Not started"
"REQ-075.08","REQ-075","Part 8","Launch and Content Engine","L3683; L3697","Create: || SEO Foundation","2bb9134c9f0f792130a02aa4ba5253eceb79cc6d2433dd81cd8973a4d72e84a2","The SEO foundation exists before public launch.","MUST","Documentation","Pre-implementation deliverable","CD","Marketing/Shared","None stated by the Constitution","The named artifact exists, addresses this statement, and is traceable to the cited lines: “The SEO foundation exists before public launch.”","Phase 0 documentation/roadmap deliverable (identifier pending ODR-001)","Versioned artifact plus reviewer sign-off and citation trace.","Pending independent review","Not started"
"REQ-075.09","REQ-075","Part 8","Launch and Content Engine","L3683; L3699","Create: || Brand Assets","b937a9ad417e654591c46e882500c958cb81026a110ea1ffa4c6c27163fe48f0","Brand assets exist before public launch.","MUST","Documentation","Pre-implementation deliverable","CD","Marketing/Shared","None stated by the Constitution","The named artifact exists, addresses this statement, and is traceable to the cited lines: “Brand assets exist before public launch.”","Phase 0 documentation/roadmap deliverable (identifier pending ODR-001)","Versioned artifact plus reviewer sign-off and citation trace.","Pending independent review","Not started"
"REQ-075.10","REQ-075","Part 8","Launch and Content Engine","L3701","Build credibility before acquiring users.","9d6266895f6b6ec541364f4cee5369ba62113e26d221a89c48b1347a76ea0a15","Credibility is built before user acquisition.","MUST","Governance","Pre-implementation deliverable","CD","Marketing/Shared","None stated by the Constitution","Workflow and audit evidence confirm this statement: “Credibility is built before user acquisition.”","Phase 0 documentation/roadmap deliverable (identifier pending ODR-001)","Approval/audit record showing the required gate or workflow was followed.","Pending independent review","Not started"
"REQ-075.11","REQ-075","Part 8","Launch and Content Engine","L3705–L3707","PHASE 2 — CONTENT ENGINE / Content creation starts from Day One.","2159be5f1eadeefb56b008133868f5588de54ea90cc771432e8efbee15d99f7e","Content creation starts on Day One.","MUST","Governance","Pre-implementation deliverable","CD","Marketing/Shared","None stated by the Constitution","Workflow and audit evidence confirm this statement: “Content creation starts on Day One.”","Phase 0 documentation/roadmap deliverable (identifier pending ODR-001)","Approval/audit record showing the required gate or workflow was followed.","Pending independent review","Not started"
"REQ-075.12","REQ-075","Part 8","Launch and Content Engine","L3709; L3711","The platform should continuously publish: || Blog Articles","76b8d86b6cbc705cb8c63f11353757f130c7e076c812d491b658eb1617a48b90","The content engine continuously publishes blog articles.","SHOULD","Operational","V1","REC","Marketing/Shared","None stated by the Constitution","Operational execution or recovery evidence confirms this statement: “The content engine continuously publishes blog articles.”","Infrastructure, DevOps & Operations deliverable (identifier pending ODR-001)","Runbook/configuration plus execution, monitoring, or recovery evidence.","Pending independent review","Not started"
"REQ-075.13","REQ-075","Part 8","Launch and Content Engine","L3709; L3713","The platform should continuously publish: || YouTube Videos","cb065d452a79e30cf94cc2bbd78e7136ed10439c885c1bf9f2756d159e52c254","The content engine continuously publishes YouTube videos.","SHOULD","Operational","V1","REC","Marketing/Shared","None stated by the Constitution","Operational execution or recovery evidence confirms this statement: “The content engine continuously publishes YouTube videos.”","Infrastructure, DevOps & Operations deliverable (identifier pending ODR-001)","Runbook/configuration plus execution, monitoring, or recovery evidence.","Pending independent review","Not started"
"REQ-075.14","REQ-075","Part 8","Launch and Content Engine","L3709; L3715","The platform should continuously publish: || Short Videos","2fdbefcc2eb859da13b4cd252837cb715aeb3fe40df843ce05c623de3054a58c","The content engine continuously publishes short videos.","SHOULD","Operational","V1","REC","Marketing/Shared","None stated by the Constitution","Operational execution or recovery evidence confirms this statement: “The content engine continuously publishes short videos.”","Infrastructure, DevOps & Operations deliverable (identifier pending ODR-001)","Runbook/configuration plus execution, monitoring, or recovery evidence.","Pending independent review","Not started"
"REQ-075.15","REQ-075","Part 8","Launch and Content Engine","L3709; L3717","The platform should continuously publish: || Social Posts","9d43dfb4d19950a7d623b11fdd8c9cc73e9c3bdf19a67d83fdd441f3b9d69b2a","The content engine continuously publishes social posts.","SHOULD","Operational","V1","REC","Marketing/Shared","None stated by the Constitution","Operational execution or recovery evidence confirms this statement: “The content engine continuously publishes social posts.”","Infrastructure, DevOps & Operations deliverable (identifier pending ODR-001)","Runbook/configuration plus execution, monitoring, or recovery evidence.","Pending independent review","Not started"
"REQ-075.16","REQ-075","Part 8","Launch and Content Engine","L3709; L3719","The platform should continuously publish: || Guides","02a6bf7a2b0b9abe1f96aa2c5060f6b8e6a6fcccf99f51181a3b419c06aca807","The content engine continuously publishes guides.","SHOULD","Operational","V1","REC","Marketing/Shared","None stated by the Constitution","Operational execution or recovery evidence confirms this statement: “The content engine continuously publishes guides.”","Infrastructure, DevOps & Operations deliverable (identifier pending ODR-001)","Runbook/configuration plus execution, monitoring, or recovery evidence.","Pending independent review","Not started"
"REQ-075.17","REQ-075","Part 8","Launch and Content Engine","L3709; L3721","The platform should continuously publish: || Educational Content","594448ec828c9c34b2962ce42948b1b0699040d434b8a28e3aa940a683e0ff0c","The content engine continuously publishes educational content.","SHOULD","Operational","V1","REC","Marketing/Shared","None stated by the Constitution","Operational execution or recovery evidence confirms this statement: “The content engine continuously publishes educational content.”","Infrastructure, DevOps & Operations deliverable (identifier pending ODR-001)","Runbook/configuration plus execution, monitoring, or recovery evidence.","Pending independent review","Not started"
"REQ-075.18","REQ-075","Part 8","Launch and Content Engine","L3725–L3727","CONTENT MARKETING STRATEGY / The AI should create a complete content calendar.","feeb76d3df8707ce4270f8e45e695ee13e1fcfc28be30d1c02cc60c0862784b6","A complete content calendar is created.","SHOULD","Documentation","Pre-implementation deliverable","REC","Marketing/Shared","None stated by the Constitution","The named artifact exists, addresses this statement, and is traceable to the cited lines: “A complete content calendar is created.”","Phase 0 documentation/roadmap deliverable (identifier pending ODR-001)","Versioned artifact plus reviewer sign-off and citation trace.","Pending independent review","Not started"
"REQ-075.19","REQ-075","Part 8","Launch and Content Engine","L3729–L3785","Content categories: / Survey Education / Examples: / How online surveys work / How survey rewards are calculated / How to qualify for more surveys / Common survey mistakes / \--- / Rewards Education / Examples: / How to maximize rewards / Understanding reward points / Withdrawal guides / Platform updates / \--- / Trust Content / Examples: / Company updates / Security explanations / Payment transparency / User success stories / \--- / Search-Based Content / Create content targeting questions users search for. / Examples: / ""Best survey platforms"" / ""How to earn rewards online"" / ""Legitimate survey websites"" / ""How online rewards work""","02139e4f00ab38c255637846aa411eb7e7aec0b0dfb4be0416f5af518033c43f","The content calendar covers survey education, rewards education, trust content, and search-based content.","SHOULD","Documentation","Pre-implementation deliverable","REC","Marketing/Shared","None stated by the Constitution","The named artifact exists, addresses this statement, and is traceable to the cited lines: “The content calendar covers survey education, rewards education, trust content, and search-based content.”","Phase 0 documentation/roadmap deliverable (identifier pending ODR-001)","Versioned artifact plus reviewer sign-off and citation trace.","Pending independent review","Not started"
"REQ-075.20","REQ-075","Part 8","Launch and Content Engine","L3787","The AI should create SEO-friendly articles without misleading comparisons.","e961bf3b4de7cc7ceada80d0489c51d01450fc24bf4cebfe25c89140e753a964","SEO-friendly articles avoid misleading comparisons.","SHOULD","Compliance","Pre-implementation deliverable","REC","Marketing/Shared","None stated by the Constitution","An acceptance test confirms this statement: “SEO-friendly articles avoid misleading comparisons.”","Security, Fraud & Compliance deliverable (identifier pending ODR-001)","Control mapping, authoritative evidence, and review record.","Pending independent review","Not started"
"REQ-076.01","REQ-076","Part 8","Video and Social Media Strategy","L3791–L3793","YOUTUBE STRATEGY / YouTube should be treated as a major growth channel.","f78a21f1508beafbff34c8cdbfe052062316c91ca071dca7f6355eeb346165ae","YouTube is treated as a major growth channel.","SHOULD","Documentation","Pre-implementation deliverable","REC","Marketing","None stated by the Constitution","The named artifact exists, addresses this statement, and is traceable to the cited lines: “YouTube is treated as a major growth channel.”","Phase 0 documentation/roadmap deliverable (identifier pending ODR-001)","Versioned artifact plus reviewer sign-off and citation trace.","Pending independent review","Not started"
"REQ-076.02","REQ-076","Part 8","Video and Social Media Strategy","L3795–L3811","The AI should create: / Channel Strategy / Including: / Branding / Video categories / Upload schedule / SEO strategy / Thumbnail strategy / Retention strategy","3dd069cb613de97d1760f900e5b39a0e2087bd36ef240424ef8f1d0d72a9008f","The YouTube strategy covers branding, video categories, upload schedule, SEO, thumbnails, and retention.","SHOULD","Documentation","Pre-implementation deliverable","REC","Marketing","None stated by the Constitution","The named artifact exists, addresses this statement, and is traceable to the cited lines: “The YouTube strategy covers branding, video categories, upload schedule, SEO, thumbnails, and retention.”","Phase 0 documentation/roadmap deliverable (identifier pending ODR-001)","Versioned artifact plus reviewer sign-off and citation trace.","Pending independent review","Not started"
"REQ-076.03","REQ-076","Part 8","Video and Social Media Strategy","L3815–L3845","Content types: / Educational Videos / Examples: / How EarnPearls works / Survey tutorials / Reward explanations / Platform Updates / Examples: / New features / Provider additions / Community updates / Trust Building / Examples: / Behind the platform / Security practices / Transparency videos","0543bfa6f56f4890fb87c40431234f6813e0eb89539f1af1c9a8195fee2c161f","YouTube content planning covers educational videos, platform updates, and trust-building content.","SHOULD","Documentation","Pre-implementation deliverable","REC","Marketing","None stated by the Constitution","The named artifact exists, addresses this statement, and is traceable to the cited lines: “YouTube content planning covers educational videos, platform updates, and trust-building content.”","Phase 0 documentation/roadmap deliverable (identifier pending ODR-001)","Versioned artifact plus reviewer sign-off and citation trace.","Pending independent review","Not started"
"REQ-076.04","REQ-076","Part 8","Video and Social Media Strategy","L3849–L3859","SHORT-FORM VIDEO STRATEGY / Platforms: / TikTok / Instagram Reels / YouTube Shorts / Facebook Reels","9eea6e21158e6827a315df9da65b382a576d8488a03b4a47aed7aeeb544e7708","Short-form strategy covers TikTok, Instagram Reels, YouTube Shorts, and Facebook Reels.","SHOULD","Documentation","Pre-implementation deliverable","REC","Marketing","None stated by the Constitution","The named artifact exists, addresses this statement, and is traceable to the cited lines: “Short-form strategy covers TikTok, Instagram Reels, YouTube Shorts, and Facebook Reels.”","Phase 0 documentation/roadmap deliverable (identifier pending ODR-001)","Versioned artifact plus reviewer sign-off and citation trace.","Pending independent review","Not started"
"REQ-076.05","REQ-076","Part 8","Video and Social Media Strategy","L3861–L3869","Content style: / Quick tips / Reward education / Platform features / User guidance","71f9a99e0b23084f890dfb8c3c6303a7b145e12a7515336d74119f0003f3695d","Short-form content focuses on quick tips, reward education, platform features, and user guidance.","SHOULD","Documentation","Pre-implementation deliverable","REC","Marketing","None stated by the Constitution","The named artifact exists, addresses this statement, and is traceable to the cited lines: “Short-form content focuses on quick tips, reward education, platform features, and user guidance.”","Phase 0 documentation/roadmap deliverable (identifier pending ODR-001)","Versioned artifact plus reviewer sign-off and citation trace.","Pending independent review","Not started"
"REQ-076.06","REQ-076","Part 8","Video and Social Media Strategy","L3871","The objective is awareness and trust.","be7fb4379cb175f5b21be8f9de4674bd74131023755317d76d344ae4049691ff","Short-form video optimizes for awareness and trust.","SHOULD","Documentation","Pre-implementation deliverable","REC","Marketing","None stated by the Constitution","The named artifact exists, addresses this statement, and is traceable to the cited lines: “Short-form video optimizes for awareness and trust.”","Phase 0 documentation/roadmap deliverable (identifier pending ODR-001)","Versioned artifact plus reviewer sign-off and citation trace.","Pending independent review","Not started"
"REQ-076.07","REQ-076","Part 8","Video and Social Media Strategy","L3875–L3899","SOCIAL MEDIA STRATEGY / Initial priority: / YouTube / Highest long-term value. / Instagram / Brand awareness and community. / TikTok / Discovery and reach. / Facebook / Community building. / LinkedIn / Future consideration. / LinkedIn should not be a launch priority because maintaining a professional presence requires consistent effort.","08a8d2eda0ac134ffe6ee4f88856619470a88dafd49b0f1bd91d53eed5d2b302","Initial social priorities are YouTube, Instagram, TikTok, and Facebook; LinkedIn remains a future consideration and is not a launch priority.","SHOULD","Documentation","Pre-implementation deliverable","REC","Marketing","None stated by the Constitution","The named artifact exists, addresses this statement, and is traceable to the cited lines: “Initial social priorities are YouTube, Instagram, TikTok, and Facebook; LinkedIn remains a future consideration and is not a launch priority.”","Phase 0 documentation/roadmap deliverable (identifier pending ODR-001)","Versioned artifact plus reviewer sign-off and citation trace.","Pending independent review","Not started"
"REQ-076.08","REQ-076","Part 8","Video and Social Media Strategy","L3903–L3907","SOCIAL MEDIA OPERATING SYSTEM / Create: / Posting calendar","17e84ce0a5fba1485c68ae505904409ca64db892379843d4eff33d4e262246ac","The social operating system includes a posting calendar.","MUST","Documentation","Pre-implementation deliverable","CD","Marketing","None stated by the Constitution","The named artifact exists, addresses this statement, and is traceable to the cited lines: “The social operating system includes a posting calendar.”","Phase 0 documentation/roadmap deliverable (identifier pending ODR-001)","Versioned artifact plus reviewer sign-off and citation trace.","Pending independent review","Not started"
"REQ-076.09","REQ-076","Part 8","Video and Social Media Strategy","L3903; L3909","SOCIAL MEDIA OPERATING SYSTEM || Content templates","d96583a98f6ce3249b1ffb6edf57336aeb134dc981e014aac995eae342bd8aea","The social operating system includes content templates.","MUST","Documentation","Pre-implementation deliverable","CD","Marketing","None stated by the Constitution","The named artifact exists, addresses this statement, and is traceable to the cited lines: “The social operating system includes content templates.”","Phase 0 documentation/roadmap deliverable (identifier pending ODR-001)","Versioned artifact plus reviewer sign-off and citation trace.","Pending independent review","Not started"
"REQ-076.10","REQ-076","Part 8","Video and Social Media Strategy","L3903; L3911","SOCIAL MEDIA OPERATING SYSTEM || Brand guidelines","e298f07f2eb8a5e7e06a1ec9a5381801d4da485c7704a728d7083f63d9d5664c","The social operating system includes brand guidelines.","MUST","Documentation","Pre-implementation deliverable","CD","Marketing","None stated by the Constitution","The named artifact exists, addresses this statement, and is traceable to the cited lines: “The social operating system includes brand guidelines.”","Phase 0 documentation/roadmap deliverable (identifier pending ODR-001)","Versioned artifact plus reviewer sign-off and citation trace.","Pending independent review","Not started"
"REQ-076.11","REQ-076","Part 8","Video and Social Media Strategy","L3903; L3913","SOCIAL MEDIA OPERATING SYSTEM || Hashtag strategy","d745fabb576d8a2928d1d96ac715ec27074a2e488d957d1c5595d111a449dfed","The social operating system includes a hashtag strategy.","MUST","Documentation","Pre-implementation deliverable","CD","Marketing","None stated by the Constitution","The named artifact exists, addresses this statement, and is traceable to the cited lines: “The social operating system includes a hashtag strategy.”","Phase 0 documentation/roadmap deliverable (identifier pending ODR-001)","Versioned artifact plus reviewer sign-off and citation trace.","Pending independent review","Not started"
"REQ-076.12","REQ-076","Part 8","Video and Social Media Strategy","L3903; L3915","SOCIAL MEDIA OPERATING SYSTEM || Community response guidelines","13228f444257b1158221d9e53b3ab564543fb9c754c151a8e19538366f3e5425","The social operating system includes community-response guidelines.","MUST","Documentation","Pre-implementation deliverable","CD","Marketing","None stated by the Constitution","The named artifact exists, addresses this statement, and is traceable to the cited lines: “The social operating system includes community-response guidelines.”","Phase 0 documentation/roadmap deliverable (identifier pending ODR-001)","Versioned artifact plus reviewer sign-off and citation trace.","Pending independent review","Not started"
"REQ-076.13","REQ-076","Part 8","Video and Social Media Strategy","L3903; L3917","SOCIAL MEDIA OPERATING SYSTEM || Crisis communication plan","fc439a4cba1b8e8ce9ae52c5b7d5970baf5841e40dd64d7a0ea0b49918541443","The social operating system includes a crisis-communication plan.","MUST","Documentation","Pre-implementation deliverable","CD","Marketing","None stated by the Constitution","The named artifact exists, addresses this statement, and is traceable to the cited lines: “The social operating system includes a crisis-communication plan.”","Phase 0 documentation/roadmap deliverable (identifier pending ODR-001)","Versioned artifact plus reviewer sign-off and citation trace.","Pending independent review","Not started"
"REQ-077.01","REQ-077","Part 8","SEO and Blog Growth Engine","L3921–L3923","SEO FOUNDATION / SEO must be built into the platform from the beginning.","3ce4fb0004b174089bc3fd3361d915a852bbfc3e267bfb287567cf73bf7e13e4","SEO is built into the platform from the beginning.","MUST","Functional","V1","CBR","Shared","None stated by the Constitution","An acceptance test confirms this statement: “SEO is built into the platform from the beginning.”","Business/Product/Technical Blueprint (identifier pending ODR-001)","Passing functional test and relevant audit/event record where applicable.","Pending independent review","Not started"
"REQ-077.02","REQ-077","Part 8","SEO and Blog Growth Engine","L3925–L3931","Requirements: / Technical SEO / Include: / Clean URLs","4e3931dd8b2995ae48c18630daf8c5ddc3ef97ebc6543394dde2eb1df0fb3a38","Technical SEO includes clean URLs.","MUST","Functional","V1","CBR","Shared","None stated by the Constitution","An acceptance test confirms this statement: “Technical SEO includes clean URLs.”","Business/Product/Technical Blueprint (identifier pending ODR-001)","Passing functional test and relevant audit/event record where applicable.","Pending independent review","Not started"
"REQ-077.03","REQ-077","Part 8","SEO and Blog Growth Engine","L3925; L3933","Requirements: || Fast loading pages","4702b414551f1ff539ae9be07869dbd3f8ac6e0d9d31410bb0feef07a856de56","Technical SEO includes fast-loading pages.","MUST","Non-functional","V1","CD","Shared","None stated by the Constitution","A defined measurement or design review confirms this statement: “Technical SEO includes fast-loading pages.”","Business/Product/Technical Blueprint (identifier pending ODR-001)","Defined metric/standard plus measured result or documented review.","Pending independent review","Not started"
"REQ-077.04","REQ-077","Part 8","SEO and Blog Growth Engine","L3925; L3935","Requirements: || Sitemap","26d56ca79ce3041a9b1ec69e64fdc5e3d2d5b4079581176df3bf3ab5c60fe969","Technical SEO includes a sitemap.","MUST","Functional","V1","CBR","Shared","None stated by the Constitution","An acceptance test confirms this statement: “Technical SEO includes a sitemap.”","Business/Product/Technical Blueprint (identifier pending ODR-001)","Passing functional test and relevant audit/event record where applicable.","Pending independent review","Not started"
"REQ-077.05","REQ-077","Part 8","SEO and Blog Growth Engine","L3925; L3937","Requirements: || Robots.txt","54abd8b21dda139f4ddb131ab54041fe7ce7a0946ca9b23820889234f9ce3b41","Technical SEO includes robots.txt.","MUST","Functional","V1","CBR","Shared","None stated by the Constitution","An acceptance test confirms this statement: “Technical SEO includes robots.txt.”","Business/Product/Technical Blueprint (identifier pending ODR-001)","Passing functional test and relevant audit/event record where applicable.","Pending independent review","Not started"
"REQ-077.06","REQ-077","Part 8","SEO and Blog Growth Engine","L3925; L3939","Requirements: || Schema markup","c48383362835dd48370c5b7d6ac9af52e7aaf45a29f7f801a406b5793ec8e467","Technical SEO includes schema markup.","MUST","Functional","V1","CBR","Shared","None stated by the Constitution","An acceptance test confirms this statement: “Technical SEO includes schema markup.”","Business/Product/Technical Blueprint (identifier pending ODR-001)","Passing functional test and relevant audit/event record where applicable.","Pending independent review","Not started"
"REQ-077.07","REQ-077","Part 8","SEO and Blog Growth Engine","L3925; L3941","Requirements: || Mobile optimization","339a7d31166d6ba715a90149d781e4b56558ee05582dfe28d47a1a0c699e72df","Technical SEO includes mobile optimization.","MUST","Functional","V1","CBR","Frontend handoff","None stated by the Constitution","An acceptance test confirms this statement: “Technical SEO includes mobile optimization.”","Frontend Product/Design Blueprint (frontend-owned; identifier pending ODR-001)","Passing functional test and relevant audit/event record where applicable.","Pending independent review","Not started"
"REQ-077.08","REQ-077","Part 8","SEO and Blog Growth Engine","L3925; L3943","Requirements: || Canonical URLs","a6ec8eca57ab459f25e59cd08c3b48bd6d35555215fe2b0a754ad0de08dca0aa","Technical SEO includes canonical URLs.","MUST","Functional","V1","CBR","Shared","None stated by the Constitution","An acceptance test confirms this statement: “Technical SEO includes canonical URLs.”","Business/Product/Technical Blueprint (identifier pending ODR-001)","Passing functional test and relevant audit/event record where applicable.","Pending independent review","Not started"
"REQ-077.09","REQ-077","Part 8","SEO and Blog Growth Engine","L3925; L3945","Requirements: || Proper indexing","f9bb6637051903c7075365b730d024beb5373c735bd54c1e06e99aa6e33110d0","Technical SEO includes proper indexing.","MUST","Functional","V1","CBR","Shared","None stated by the Constitution","An acceptance test confirms this statement: “Technical SEO includes proper indexing.”","Business/Product/Technical Blueprint (identifier pending ODR-001)","Passing functional test and relevant audit/event record where applicable.","Pending independent review","Not started"
"REQ-077.10","REQ-077","Part 8","SEO and Blog Growth Engine","L3951; L3953","Every content page should support: || SEO title","55a8f45625f0c9db81593d4b22ba14c646382a86274f8e7eb58d8d0bc1474a2d","Every content page supports an SEO title.","SHOULD","Functional","V1","CBR","Shared","None stated by the Constitution","An acceptance test confirms this statement: “Every content page supports an SEO title.”","Business/Product/Technical Blueprint (identifier pending ODR-001)","Passing functional test and relevant audit/event record where applicable.","Pending independent review","Not started"
"REQ-077.11","REQ-077","Part 8","SEO and Blog Growth Engine","L3951; L3955","Every content page should support: || Meta description","14cf420ec4562d7ddc66c09de703b8f310443fc4e52d8624ef542b5916927eef","Every content page supports a meta description.","SHOULD","Functional","V1","CBR","Shared","None stated by the Constitution","An acceptance test confirms this statement: “Every content page supports a meta description.”","Business/Product/Technical Blueprint (identifier pending ODR-001)","Passing functional test and relevant audit/event record where applicable.","Pending independent review","Not started"
"REQ-077.12","REQ-077","Part 8","SEO and Blog Growth Engine","L3951; L3957","Every content page should support: || Keywords","5918391a9ce4251061633f5d5e664e19c010aed840d03475bfafec069f309cff","Every content page supports keywords.","SHOULD","Functional","V1","CBR","Shared","None stated by the Constitution","An acceptance test confirms this statement: “Every content page supports keywords.”","Business/Product/Technical Blueprint (identifier pending ODR-001)","Passing functional test and relevant audit/event record where applicable.","Pending independent review","Not started"
"REQ-077.13","REQ-077","Part 8","SEO and Blog Growth Engine","L3951; L3959","Every content page should support: || Internal links","a65237b6b711f7f87d9c33e0e5428d30ddc9ac769184bd43522922993505e05e","Every content page supports internal links.","SHOULD","Functional","V1","CBR","Shared","None stated by the Constitution","An acceptance test confirms this statement: “Every content page supports internal links.”","Business/Product/Technical Blueprint (identifier pending ODR-001)","Passing functional test and relevant audit/event record where applicable.","Pending independent review","Not started"
"REQ-077.14","REQ-077","Part 8","SEO and Blog Growth Engine","L3951; L3961","Every content page should support: || Structured headings","037ea391903ef2a49b2d553c74295682fba1d40a8b146d3d4c0484ac91d451bd","Every content page supports structured headings.","SHOULD","Functional","V1","CBR","Shared","None stated by the Constitution","An acceptance test confirms this statement: “Every content page supports structured headings.”","Business/Product/Technical Blueprint (identifier pending ODR-001)","Passing functional test and relevant audit/event record where applicable.","Pending independent review","Not started"
"REQ-077.15","REQ-077","Part 8","SEO and Blog Growth Engine","L3951; L3963","Every content page should support: || Image optimization","c84fb5b3e35ab577334516aa442f8d46417ac1cef5eb82b7e8a832553e62035c","Every content page supports image optimization.","SHOULD","Functional","V1","CBR","Shared","None stated by the Constitution","An acceptance test confirms this statement: “Every content page supports image optimization.”","Business/Product/Technical Blueprint (identifier pending ODR-001)","Passing functional test and relevant audit/event record where applicable.","Pending independent review","Not started"
"REQ-077.16","REQ-077","Part 8","SEO and Blog Growth Engine","L3967–L3969","BLOG SEO ENGINE / The blog should become a long-term traffic asset.","3302bf5f033d91fbbf100851e082e0d6e7d06cc2f25a63575bf19eb37bc2ea6b","The blog is developed as a long-term traffic asset.","SHOULD","Functional","V1","CBR","Shared","None stated by the Constitution","An acceptance test confirms this statement: “The blog is developed as a long-term traffic asset.”","Business/Product/Technical Blueprint (identifier pending ODR-001)","Passing functional test and relevant audit/event record where applicable.","Pending independent review","Not started"
"REQ-077.17","REQ-077","Part 8","SEO and Blog Growth Engine","L3971–L3995","The AI should create: / Content clusters / Pillar pages / Supporting articles / Internal linking strategy / Example: / Pillar: / ""Complete Guide To Online Rewards"" / Supporting articles: / Survey tips / Reward systems / Withdrawal methods / Safety guides","d0f3926b8bd3c94869770406982a38bf9b397d49b308ea56b968a574dd911097","The blog SEO plan defines content clusters, pillar pages, supporting articles, and internal linking.","SHOULD","Documentation","Pre-implementation deliverable","REC","Shared","None stated by the Constitution","The named artifact exists, addresses this statement, and is traceable to the cited lines: “The blog SEO plan defines content clusters, pillar pages, supporting articles, and internal linking.”","Phase 0 documentation/roadmap deliverable (identifier pending ODR-001)","Versioned artifact plus reviewer sign-off and citation trace.","Pending independent review","Not started"
"REQ-078.01","REQ-078","Part 8","Email Marketing, Referrals, and Retention","L3999–L4001","EMAIL MARKETING SYSTEM / Create an email marketing framework.","04e15be846d26e52caee7f6e90f65956c1ab203ece17fd5a53380e8d3f427886","Create an email-marketing framework.","MUST","Documentation","Pre-implementation deliverable","CD","Backend/Marketing","None stated by the Constitution","The named artifact exists, addresses this statement, and is traceable to the cited lines: “Create an email-marketing framework.”","Phase 0 documentation/roadmap deliverable (identifier pending ODR-001)","Versioned artifact plus reviewer sign-off and citation trace.","Pending independent review","Not started"
"REQ-078.02","REQ-078","Part 8","Email Marketing, Referrals, and Retention","L4003–L4007","Include: / Registration Emails / Welcome email","873e694b21631c59c8de488bc5a9dc729091679bc1b23a67d72cd662399c96d7","The email framework supports welcome email.","MUST","Functional","V1","CBR","Backend/Marketing","None stated by the Constitution","An acceptance test confirms this statement: “The email framework supports welcome email.”","Business/Product/Technical Blueprint (identifier pending ODR-001)","Passing functional test and relevant audit/event record where applicable.","Pending independent review","Not started"
"REQ-078.03","REQ-078","Part 8","Email Marketing, Referrals, and Retention","L4003; L4009","Include: || Verification email","41dc8e5d490b2a040e210e6d95b3d7a304d0ee0753592c86b5f8c0e26018a058","The email framework supports verification email.","MUST","Functional","V1","CBR","Backend/Marketing","None stated by the Constitution","An acceptance test confirms this statement: “The email framework supports verification email.”","Business/Product/Technical Blueprint (identifier pending ODR-001)","Passing functional test and relevant audit/event record where applicable.","Pending independent review","Not started"
"REQ-078.04","REQ-078","Part 8","Email Marketing, Referrals, and Retention","L4011–L4013","Engagement Emails / New surveys available","61a296e8be7298ab861a371979ad6b0d6582c2840bef46bb1bc8837f4256cae2","The email framework supports new-survey-available email.","MUST","Functional","V1","CBR","Backend/Marketing","None stated by the Constitution","An acceptance test confirms this statement: “The email framework supports new-survey-available email.”","Business/Product/Technical Blueprint (identifier pending ODR-001)","Passing functional test and relevant audit/event record where applicable.","Pending independent review","Not started"
"REQ-078.05","REQ-078","Part 8","Email Marketing, Referrals, and Retention","L4011; L4015","Engagement Emails || Platform updates","64b9730aa778f4a39acd834d596af74d094837109771ce4beefb72d1577f7298","The email framework supports platform-update email.","MUST","Functional","V1","CBR","Backend/Marketing","None stated by the Constitution","An acceptance test confirms this statement: “The email framework supports platform-update email.”","Business/Product/Technical Blueprint (identifier pending ODR-001)","Passing functional test and relevant audit/event record where applicable.","Pending independent review","Not started"
"REQ-078.06","REQ-078","Part 8","Email Marketing, Referrals, and Retention","L4011; L4017","Engagement Emails || Reward reminders","16f85febaab5efe6799f360bd90d3b5f38ba38277f26725696a34697f754ac29","The email framework supports reward-reminder email.","MUST","Functional","V1","CBR","Backend/Marketing","None stated by the Constitution","An acceptance test confirms this statement: “The email framework supports reward-reminder email.”","Business/Product/Technical Blueprint (identifier pending ODR-001)","Passing functional test and relevant audit/event record where applicable.","Pending independent review","Not started"
"REQ-078.07","REQ-078","Part 8","Email Marketing, Referrals, and Retention","L4019–L4021","Trust Emails / Security notifications","2d1d1f4ea0195c7c125fcfbea7b86816410a2de8c7c46a5ff0f0492eca041714","The email framework supports security-notification email.","MUST","Functional","V1","CBR","Backend/Marketing","None stated by the Constitution","An acceptance test confirms this statement: “The email framework supports security-notification email.”","Business/Product/Technical Blueprint (identifier pending ODR-001)","Passing functional test and relevant audit/event record where applicable.","Pending independent review","Not started"
"REQ-078.08","REQ-078","Part 8","Email Marketing, Referrals, and Retention","L4019; L4023","Trust Emails || Account activity","cc6a4a6a42c0de0f509cfd61757722f71742c6579bc169e73197e38548c16404","The email framework supports account-activity email.","MUST","Functional","V1","CBR","Backend/Marketing","None stated by the Constitution","An acceptance test confirms this statement: “The email framework supports account-activity email.”","Business/Product/Technical Blueprint (identifier pending ODR-001)","Passing functional test and relevant audit/event record where applicable.","Pending independent review","Not started"
"REQ-078.09","REQ-078","Part 8","Email Marketing, Referrals, and Retention","L4025–L4027","Retention Emails / Inactive user campaigns","d1183b16af8518c63ebc23032c51e695055ac618cb100a5a11115fb75791d546","The email framework supports inactive-user campaigns.","MUST","Functional","V1","CBR","Backend/Marketing","None stated by the Constitution","An acceptance test confirms this statement: “The email framework supports inactive-user campaigns.”","Business/Product/Technical Blueprint (identifier pending ODR-001)","Passing functional test and relevant audit/event record where applicable.","Pending independent review","Not started"
"REQ-078.10","REQ-078","Part 8","Email Marketing, Referrals, and Retention","L4025; L4029","Retention Emails || Personalized recommendations","8c78458db6720f431aeb5b78c31a764981cd63a596ab8528288efe1b4d9ebaee","The email framework supports personalized-recommendation email.","MUST","Functional","V1","CBR","Backend/Marketing","None stated by the Constitution","An acceptance test confirms this statement: “The email framework supports personalized-recommendation email.”","Business/Product/Technical Blueprint (identifier pending ODR-001)","Passing functional test and relevant audit/event record where applicable.","Pending independent review","Not started"
"REQ-078.11","REQ-078","Part 8","Email Marketing, Referrals, and Retention","L4033–L4035","REFERRAL SYSTEM (FUTURE READY) / The architecture should support future referral campaigns.","8f18cdb04b3e4f826bc78a84d648b9a15c0e560fe3027d90b0af06a7ddef7830","The architecture supports future referral campaigns.","SHOULD","Functional","Future","FRR","Backend/Marketing","None stated by the Constitution","An acceptance test confirms this statement: “The architecture supports future referral campaigns.”","Business/Product/Technical Blueprint (identifier pending ODR-001)","Passing functional test and relevant audit/event record where applicable.","Pending independent review","Not started"
"REQ-078.12","REQ-078","Part 8","Email Marketing, Referrals, and Retention","L4037–L4047","Possible features: / Referral links / Referral tracking / Reward rules / Campaign management / Fraud prevention","480cea2726a0c5f1146828e46e4ef506c325875c31cc5279e9cd85cc2209991b","Future referral architecture considers links, tracking, reward rules, campaign management, and fraud prevention.","MAY","Functional","Future","FRR","Backend/Marketing","None stated by the Constitution","An acceptance test confirms this statement: “Future referral architecture considers links, tracking, reward rules, campaign management, and fraud prevention.”","Business/Product/Technical Blueprint (identifier pending ODR-001)","Passing functional test and relevant audit/event record where applicable.","Pending independent review","Not started"
"REQ-078.13","REQ-078","Part 8","Email Marketing, Referrals, and Retention","L4049","Do not activate until properly designed.","ce62dc9a24ea595a3bb34b2e0fc511e1394983f227e3f3c8054a5601103bc7b1","The referral system is not activated until properly designed.","MUST","Governance","Future","FRR","Backend/Marketing","None stated by the Constitution","Workflow and audit evidence confirm this statement: “The referral system is not activated until properly designed.”","Phase 0 documentation/roadmap deliverable (identifier pending ODR-001)","Approval/audit record showing the required gate or workflow was followed.","Pending independent review","Not started"
"REQ-078.14","REQ-078","Part 8","Email Marketing, Referrals, and Retention","L4053–L4069","USER RETENTION STRATEGY / The AI should design retention mechanisms. / Examples: / Weekly leaderboard / Achievement system (future) / Reward milestones / Personalized survey recommendations / Notifications / Educational content","cf24e29837f471db524a27012a075f41ec17f95b1b1ab7c0d1139727c871b508","A retention design considers leaderboards, future achievements, reward milestones, recommendations, notifications, and education.","SHOULD","Documentation","Pre-implementation deliverable","REC","Backend/Marketing","None stated by the Constitution","The named artifact exists, addresses this statement, and is traceable to the cited lines: “A retention design considers leaderboards, future achievements, reward milestones, recommendations, notifications, and education.”","Phase 0 documentation/roadmap deliverable (identifier pending ODR-001)","Versioned artifact plus reviewer sign-off and citation trace.","Pending independent review","Not started"
"REQ-078.15","REQ-078","Part 8","Email Marketing, Referrals, and Retention","L4071","The focus should be sustainable engagement.","8570ee66fddd0a6708180c2b6f0d080921921e821239651bd7140f6ecc67df7f","Retention mechanisms focus on sustainable engagement.","SHOULD","Non-functional","V1","REC","Backend/Marketing","None stated by the Constitution","A defined measurement or design review confirms this statement: “Retention mechanisms focus on sustainable engagement.”","Business/Product/Technical Blueprint (identifier pending ODR-001)","Defined metric/standard plus measured result or documented review.","Pending independent review","Not started"
"REQ-079.01","REQ-079","Part 8","Growth Analytics and Paid Advertising Gate","L4077; L4079","Track: || Acquisition","11c664596286f45e061b3c05184ecab1e21d07f28a6d9d31f9590cb9aafb27bf","Growth analytics tracks acquisition.","MUST","Functional","V1","CBR","Backend/Analytics","None stated by the Constitution","An acceptance test confirms this statement: “Growth analytics tracks acquisition.”","Business/Product/Technical Blueprint (identifier pending ODR-001)","Passing functional test and relevant audit/event record where applicable.","Pending independent review","Not started"
"REQ-079.02","REQ-079","Part 8","Growth Analytics and Paid Advertising Gate","L4077; L4081","Track: || Traffic sources","51f1f60b743f5efcade41b7fd4f487e65ad92dacaf7fb1c0c4e04ddb83162a7e","Growth analytics tracks traffic sources.","MUST","Functional","V1","CBR","Backend/Analytics","None stated by the Constitution","An acceptance test confirms this statement: “Growth analytics tracks traffic sources.”","Business/Product/Technical Blueprint (identifier pending ODR-001)","Passing functional test and relevant audit/event record where applicable.","Pending independent review","Not started"
"REQ-079.03","REQ-079","Part 8","Growth Analytics and Paid Advertising Gate","L4077; L4083","Track: || Signups","70091db27cdc2ae107e6c7776d7cd1183ab89aea8d363f2033f90b13fb0abdc9","Growth analytics tracks signups.","MUST","Functional","V1","CBR","Backend/Analytics","None stated by the Constitution","An acceptance test confirms this statement: “Growth analytics tracks signups.”","Business/Product/Technical Blueprint (identifier pending ODR-001)","Passing functional test and relevant audit/event record where applicable.","Pending independent review","Not started"
"REQ-079.04","REQ-079","Part 8","Growth Analytics and Paid Advertising Gate","L4077; L4085","Track: || Conversion rate","f79afc510db1c7288ea96ebd2478adbda188abc4b6b8d15f056dbc8d0a73c509","Growth analytics tracks conversion rate.","MUST","Functional","V1","CBR","Backend/Analytics","None stated by the Constitution","An acceptance test confirms this statement: “Growth analytics tracks conversion rate.”","Business/Product/Technical Blueprint (identifier pending ODR-001)","Passing functional test and relevant audit/event record where applicable.","Pending independent review","Not started"
"REQ-079.05","REQ-079","Part 8","Growth Analytics and Paid Advertising Gate","L4077; L4087","Track: || Activation","96fa9bb4d0718153a96adc8492dc1cdbdaa58902d48527e8def07b7ad1b8c102","Growth analytics tracks activation.","MUST","Functional","V1","CBR","Backend/Analytics","None stated by the Constitution","An acceptance test confirms this statement: “Growth analytics tracks activation.”","Business/Product/Technical Blueprint (identifier pending ODR-001)","Passing functional test and relevant audit/event record where applicable.","Pending independent review","Not started"
"REQ-079.06","REQ-079","Part 8","Growth Analytics and Paid Advertising Gate","L4077; L4089","Track: || Email verification","8fbcece63c66744587b26e6050ee07c961b61eab70896d625b3b3d4b67167679","Growth analytics tracks email verification.","MUST","Functional","V1","CBR","Backend/Analytics","None stated by the Constitution","An acceptance test confirms this statement: “Growth analytics tracks email verification.”","Business/Product/Technical Blueprint (identifier pending ODR-001)","Passing functional test and relevant audit/event record where applicable.","Pending independent review","Not started"
"REQ-079.07","REQ-079","Part 8","Growth Analytics and Paid Advertising Gate","L4077; L4091","Track: || First survey completion","0da291be29d37c0a86ae102b4f5ddb20f2a3e98686416b07ea4a16427a064bf8","Growth analytics tracks first survey completion.","MUST","Functional","V1","CBR","Backend/Analytics","None stated by the Constitution","An acceptance test confirms this statement: “Growth analytics tracks first survey completion.”","Business/Product/Technical Blueprint (identifier pending ODR-001)","Passing functional test and relevant audit/event record where applicable.","Pending independent review","Not started"
"REQ-079.08","REQ-079","Part 8","Growth Analytics and Paid Advertising Gate","L4077; L4093","Track: || Engagement","743df7867b9103078f5c634ff855a6f342d18c060d311267b6cec276e9fbe0e4","Growth analytics tracks engagement.","MUST","Functional","V1","CBR","Backend/Analytics","None stated by the Constitution","An acceptance test confirms this statement: “Growth analytics tracks engagement.”","Business/Product/Technical Blueprint (identifier pending ODR-001)","Passing functional test and relevant audit/event record where applicable.","Pending independent review","Not started"
"REQ-079.09","REQ-079","Part 8","Growth Analytics and Paid Advertising Gate","L4077; L4095","Track: || Daily active users","9344e69de6d0d476de4d2a6fcc5f3583b6d6145a82a9f7a1aa4da3f431240730","Growth analytics tracks daily active users.","MUST","Functional","V1","CBR","Backend/Analytics","None stated by the Constitution","An acceptance test confirms this statement: “Growth analytics tracks daily active users.”","Business/Product/Technical Blueprint (identifier pending ODR-001)","Passing functional test and relevant audit/event record where applicable.","Pending independent review","Not started"
"REQ-079.10","REQ-079","Part 8","Growth Analytics and Paid Advertising Gate","L4077; L4097","Track: || Survey participation","b0d5b682258e4e6156c02f0a68d5e55d0bb0b87c2bf9d8dc83d29dd0348d9055","Growth analytics tracks survey participation.","MUST","Functional","V1","CBR","Backend/Analytics","None stated by the Constitution","An acceptance test confirms this statement: “Growth analytics tracks survey participation.”","Business/Product/Technical Blueprint (identifier pending ODR-001)","Passing functional test and relevant audit/event record where applicable.","Pending independent review","Not started"
"REQ-079.11","REQ-079","Part 8","Growth Analytics and Paid Advertising Gate","L4077; L4099","Track: || Return frequency","55f9d02e7b22535a6871f75f0c3bfaef05165360407ac2f0c74b933de8f11d37","Growth analytics tracks return frequency.","MUST","Functional","V1","CBR","Backend/Analytics","None stated by the Constitution","An acceptance test confirms this statement: “Growth analytics tracks return frequency.”","Business/Product/Technical Blueprint (identifier pending ODR-001)","Passing functional test and relevant audit/event record where applicable.","Pending independent review","Not started"
"REQ-079.12","REQ-079","Part 8","Growth Analytics and Paid Advertising Gate","L4077; L4101","Track: || Revenue","68820a395f8cdbd8e8bd52b84fb04683b97840566383d11b8bcb894ffe19e773","Growth analytics tracks revenue.","MUST","Functional","V1","CBR","Backend/Analytics","None stated by the Constitution","An acceptance test confirms this statement: “Growth analytics tracks revenue.”","Business/Product/Technical Blueprint (identifier pending ODR-001)","Passing functional test and relevant audit/event record where applicable.","Pending independent review","Not started"
"REQ-079.13","REQ-079","Part 8","Growth Analytics and Paid Advertising Gate","L4077; L4103","Track: || Provider revenue","e5027f09652058bbb2463143cde67684f1669e79d2e5ab91f0e2309cc24e62d8","Growth analytics tracks provider revenue.","MUST","Functional","V1","CBR","Backend/Analytics","None stated by the Constitution","An acceptance test confirms this statement: “Growth analytics tracks provider revenue.”","Business/Product/Technical Blueprint (identifier pending ODR-001)","Passing functional test and relevant audit/event record where applicable.","Pending independent review","Not started"
"REQ-079.14","REQ-079","Part 8","Growth Analytics and Paid Advertising Gate","L4077; L4105","Track: || User rewards","34b918836bcacb88cfa3d1163c61bba6b6cf67f0254ab5392996cdea0f8f8d8e","Growth analytics tracks user rewards.","MUST","Functional","V1","CBR","Backend/Analytics","None stated by the Constitution","An acceptance test confirms this statement: “Growth analytics tracks user rewards.”","Business/Product/Technical Blueprint (identifier pending ODR-001)","Passing functional test and relevant audit/event record where applicable.","Pending independent review","Not started"
"REQ-079.15","REQ-079","Part 8","Growth Analytics and Paid Advertising Gate","L4077; L4107","Track: || Platform margin","f30e9d5c1e5a9c724484335c809cbf54393453144b33553e34c5349fda713265","Growth analytics tracks platform margin.","MUST","Functional","V1","CBR","Backend/Analytics","None stated by the Constitution","An acceptance test confirms this statement: “Growth analytics tracks platform margin.”","Business/Product/Technical Blueprint (identifier pending ODR-001)","Passing functional test and relevant audit/event record where applicable.","Pending independent review","Not started"
"REQ-079.16","REQ-079","Part 8","Growth Analytics and Paid Advertising Gate","L4077; L4109","Track: || Retention","2e4c2188663237d72f35bd3905a18db99289660f604c1da6c46f16f37f7adbbc","Growth analytics tracks retention.","MUST","Functional","V1","CBR","Backend/Analytics","None stated by the Constitution","An acceptance test confirms this statement: “Growth analytics tracks retention.”","Business/Product/Technical Blueprint (identifier pending ODR-001)","Passing functional test and relevant audit/event record where applicable.","Pending independent review","Not started"
"REQ-079.17","REQ-079","Part 8","Growth Analytics and Paid Advertising Gate","L4077; L4111","Track: || Returning users","0f0f3c76a32227f36f3fb0fee53ab3ade75fab2135bbe38f46e00e344fad0a39","Growth analytics tracks returning users.","MUST","Functional","V1","CBR","Backend/Analytics","None stated by the Constitution","An acceptance test confirms this statement: “Growth analytics tracks returning users.”","Business/Product/Technical Blueprint (identifier pending ODR-001)","Passing functional test and relevant audit/event record where applicable.","Pending independent review","Not started"
"REQ-079.18","REQ-079","Part 8","Growth Analytics and Paid Advertising Gate","L4077; L4113","Track: || Churn rate","4ba832a1ab137937806bfa29990edcba89e457142dfff07e0d798441e6e71f49","Growth analytics tracks churn rate.","MUST","Functional","V1","CBR","Backend/Analytics","None stated by the Constitution","An acceptance test confirms this statement: “Growth analytics tracks churn rate.”","Business/Product/Technical Blueprint (identifier pending ODR-001)","Passing functional test and relevant audit/event record where applicable.","Pending independent review","Not started"
"REQ-079.19","REQ-079","Part 8","Growth Analytics and Paid Advertising Gate","L4117–L4121","PAID ADVERTISING STRATEGY / Paid advertising should only be considered after: / Tracking is ready","6b0ac9103ba5a5343d5deb2da67c0e7a4631dcc4a2c6320a590644fe5bbe7aa9","Paid advertising begins only after tracking is ready.","SHOULD","Governance","V1","REC","Backend/Analytics","None stated by the Constitution","Workflow and audit evidence confirm this statement: “Paid advertising begins only after tracking is ready.”","Phase 0 documentation/roadmap deliverable (identifier pending ODR-001)","Approval/audit record showing the required gate or workflow was followed.","Pending independent review","Not started"
"REQ-079.20","REQ-079","Part 8","Growth Analytics and Paid Advertising Gate","L4119–L4123","Paid advertising should only be considered after: / Tracking is ready / Conversion funnel is tested","79a25e97630282254a40a3607541e939cfb26ef7e63ec780296796c03d04eb3d","Paid advertising begins only after the conversion funnel is tested.","SHOULD","Governance","V1","REC","Backend/Analytics","None stated by the Constitution","Workflow and audit evidence confirm this statement: “Paid advertising begins only after the conversion funnel is tested.”","Phase 0 documentation/roadmap deliverable (identifier pending ODR-001)","Approval/audit record showing the required gate or workflow was followed.","Pending independent review","Not started"
"REQ-079.21","REQ-079","Part 8","Growth Analytics and Paid Advertising Gate","L4119–L4125","Paid advertising should only be considered after: / Tracking is ready / Conversion funnel is tested / Unit economics are understood","794ee9a2b36c831e0e23adb545a1dc80196b0fbab03943694a0296ddfbd814cd","Paid advertising begins only after unit economics are understood.","SHOULD","Governance","V1","REC","Backend/Analytics","None stated by the Constitution","Workflow and audit evidence confirm this statement: “Paid advertising begins only after unit economics are understood.”","Phase 0 documentation/roadmap deliverable (identifier pending ODR-001)","Approval/audit record showing the required gate or workflow was followed.","Pending independent review","Not started"
"REQ-079.22","REQ-079","Part 8","Growth Analytics and Paid Advertising Gate","L4135–L4143","The AI should calculate: / Customer acquisition cost / Lifetime value / Payback period / before recommending scaling.","62d27a2650e78f07f290ac63d87f1c48023e8d6ef78f28e16b83d6069eeef05a","Customer-acquisition cost, lifetime value, and payback period are calculated before paid scaling is recommended.","SHOULD","Documentation","Pre-implementation deliverable","REC","Backend/Analytics","None stated by the Constitution","The named artifact exists, addresses this statement, and is traceable to the cited lines: “Customer-acquisition cost, lifetime value, and payback period are calculated before paid scaling is recommended.”","Phase 0 documentation/roadmap deliverable (identifier pending ODR-001)","Versioned artifact plus reviewer sign-off and citation trace.","Pending independent review","Not started"
"REQ-080.01","REQ-080","Part 8","Community and Marketing Deliverables","L4147–L4159","COMMUNITY BUILDING / Build trust through: / Social presence / User feedback / Transparency / Updates / Educational resources","e7cd57dd0fd6625d3b222b02a6b7bd0017164390d60f3e2305d6c898bd19d52c","Community trust is built through social presence, feedback, transparency, updates, and educational resources.","SHOULD","Documentation","Pre-implementation deliverable","REC","Marketing/Shared","None stated by the Constitution","The named artifact exists, addresses this statement, and is traceable to the cited lines: “Community trust is built through social presence, feedback, transparency, updates, and educational resources.”","Phase 0 documentation/roadmap deliverable (identifier pending ODR-001)","Versioned artifact plus reviewer sign-off and citation trace.","Pending independent review","Not started"
"REQ-080.02","REQ-080","Part 8","Community and Marketing Deliverables","L4161","The community should feel like users are part of the platform journey.","7a3e0f181ed58e4403907255f1fa30c1a93c38a401ba7749c99c59fe5191d3f9","Community experience makes users feel part of the platform journey.","SHOULD","Non-functional","Pre-implementation deliverable","REC","Marketing/Shared","None stated by the Constitution","A defined measurement or design review confirms this statement: “Community experience makes users feel part of the platform journey.”","Business/Product/Technical Blueprint (identifier pending ODR-001)","Defined metric/standard plus measured result or documented review.","Pending independent review","Not started"
"REQ-080.03","REQ-080","Part 8","Community and Marketing Deliverables","L4167; L4169","Before launch, generate: || 1\. Complete Marketing Strategy","5f9ded511bf5d19de83db74c549f762d04f73b34619da89be32c390f83db83ce","Generate a Complete Marketing Strategy.","MUST","Documentation","Pre-implementation deliverable","CD","Marketing/Shared","None stated by the Constitution","The named artifact exists, addresses this statement, and is traceable to the cited lines: “Generate a Complete Marketing Strategy.”","Phase 0 documentation/roadmap deliverable (identifier pending ODR-001)","Versioned artifact plus reviewer sign-off and citation trace.","Pending independent review","Not started"
"REQ-080.04","REQ-080","Part 8","Community and Marketing Deliverables","L4167; L4171","Before launch, generate: || 2\. Brand Guidelines","970c5fbf78dc58bb29a856450c3490350944437a62536801de728e35c3cc9191","Generate Brand Guidelines.","MUST","Documentation","Pre-implementation deliverable","CD","Marketing/Shared","None stated by the Constitution","The named artifact exists, addresses this statement, and is traceable to the cited lines: “Generate Brand Guidelines.”","Phase 0 documentation/roadmap deliverable (identifier pending ODR-001)","Versioned artifact plus reviewer sign-off and citation trace.","Pending independent review","Not started"
"REQ-080.05","REQ-080","Part 8","Community and Marketing Deliverables","L4167; L4173","Before launch, generate: || 3\. SEO Strategy","7a269cd7dcc6d8281779b334399599292305f001433caaaf0d90349e18cf3477","Generate an SEO Strategy.","MUST","Documentation","Pre-implementation deliverable","CD","Marketing/Shared","None stated by the Constitution","The named artifact exists, addresses this statement, and is traceable to the cited lines: “Generate an SEO Strategy.”","Phase 0 documentation/roadmap deliverable (identifier pending ODR-001)","Versioned artifact plus reviewer sign-off and citation trace.","Pending independent review","Not started"
"REQ-080.06","REQ-080","Part 8","Community and Marketing Deliverables","L4167; L4175","Before launch, generate: || 4\. Content Calendar","416b6f3669b395962e6de5fa7a166ab15b4be83ba16363a6464458301d72636a","Generate a Content Calendar.","MUST","Documentation","Pre-implementation deliverable","CD","Marketing/Shared","None stated by the Constitution","The named artifact exists, addresses this statement, and is traceable to the cited lines: “Generate a Content Calendar.”","Phase 0 documentation/roadmap deliverable (identifier pending ODR-001)","Versioned artifact plus reviewer sign-off and citation trace.","Pending independent review","Not started"
"REQ-080.07","REQ-080","Part 8","Community and Marketing Deliverables","L4167; L4177","Before launch, generate: || 5\. YouTube Growth Plan","589d5e7e7edcda904635e9952e9da601eed22aeecb6e6e0a63c6dc36ce7a31ff","Generate a YouTube Growth Plan.","MUST","Documentation","Pre-implementation deliverable","CD","Marketing/Shared","None stated by the Constitution","The named artifact exists, addresses this statement, and is traceable to the cited lines: “Generate a YouTube Growth Plan.”","Phase 0 documentation/roadmap deliverable (identifier pending ODR-001)","Versioned artifact plus reviewer sign-off and citation trace.","Pending independent review","Not started"
"REQ-080.08","REQ-080","Part 8","Community and Marketing Deliverables","L4167; L4179","Before launch, generate: || 6\. Social Media Operating Plan","e10f4eb39fb7a95375ecbb08f6dd15bece1ab7e40fc3113f2a37aab52e9257d2","Generate a Social Media Operating Plan.","MUST","Documentation","Pre-implementation deliverable","CD","Marketing/Shared","None stated by the Constitution","The named artifact exists, addresses this statement, and is traceable to the cited lines: “Generate a Social Media Operating Plan.”","Phase 0 documentation/roadmap deliverable (identifier pending ODR-001)","Versioned artifact plus reviewer sign-off and citation trace.","Pending independent review","Not started"
"REQ-080.09","REQ-080","Part 8","Community and Marketing Deliverables","L4167; L4181","Before launch, generate: || 7\. Email Marketing Strategy","1f9081bb56a2cbcb0c9d6e86c5695ce5dac047d13fc22071ccd446b85aaec522","Generate an Email Marketing Strategy.","MUST","Documentation","Pre-implementation deliverable","CD","Marketing/Shared","None stated by the Constitution","The named artifact exists, addresses this statement, and is traceable to the cited lines: “Generate an Email Marketing Strategy.”","Phase 0 documentation/roadmap deliverable (identifier pending ODR-001)","Versioned artifact plus reviewer sign-off and citation trace.","Pending independent review","Not started"
"REQ-080.10","REQ-080","Part 8","Community and Marketing Deliverables","L4167; L4183","Before launch, generate: || 8\. Analytics Dashboard Requirements","c38b0546aaa3392e23211e9f6550d8f3254e071bc3a5c7f26a17cddeab73a638","Generate Analytics Dashboard Requirements.","MUST","Documentation","Pre-implementation deliverable","CD","Marketing/Shared","None stated by the Constitution","The named artifact exists, addresses this statement, and is traceable to the cited lines: “Generate Analytics Dashboard Requirements.”","Phase 0 documentation/roadmap deliverable (identifier pending ODR-001)","Versioned artifact plus reviewer sign-off and citation trace.","Pending independent review","Not started"
"REQ-080.11","REQ-080","Part 8","Community and Marketing Deliverables","L4167; L4185","Before launch, generate: || 9\. Launch Campaign Plan","95f54a03212985b49dc0c9829189e95aa9155d23b3e8fe8d045011f0221d2710","Generate a Launch Campaign Plan.","MUST","Documentation","Pre-implementation deliverable","CD","Marketing/Shared","None stated by the Constitution","The named artifact exists, addresses this statement, and is traceable to the cited lines: “Generate a Launch Campaign Plan.”","Phase 0 documentation/roadmap deliverable (identifier pending ODR-001)","Versioned artifact plus reviewer sign-off and citation trace.","Pending independent review","Not started"
"REQ-080.12","REQ-080","Part 8","Community and Marketing Deliverables","L4167; L4187","Before launch, generate: || 10\. User Acquisition Roadmap","7ee6c141c314a7cf65840ed8d36ac376780a4d47ed4d17449dd049bd807508df","Generate a User Acquisition Roadmap.","MUST","Documentation","Pre-implementation deliverable","CD","Marketing/Shared","None stated by the Constitution","The named artifact exists, addresses this statement, and is traceable to the cited lines: “Generate a User Acquisition Roadmap.”","Phase 0 documentation/roadmap deliverable (identifier pending ODR-001)","Versioned artifact plus reviewer sign-off and citation trace.","Pending independent review","Not started"
"REQ-081.01","REQ-081","Part 9","Infrastructure Philosophy and Selection","L4199–L4201","INFRASTRUCTURE PHILOSOPHY / EarnPearls must be designed with a startup-friendly but enterprise-ready infrastructure approach.","9fa3611b9855c021f8399e2bfd9fbaa0ed72fed5e646585ec4996cd689c271a0","Infrastructure is startup-friendly and enterprise-ready.","MUST","Non-functional","V1","CD","DevOps/Architecture","None stated by the Constitution","A defined measurement or design review confirms this statement: “Infrastructure is startup-friendly and enterprise-ready.”","Business/Product/Technical Blueprint (identifier pending ODR-001)","Defined metric/standard plus measured result or documented review.","Pending independent review","Not started"
"REQ-081.02","REQ-081","Part 9","Infrastructure Philosophy and Selection","L4203","The platform should begin with cost-efficient infrastructure while maintaining a clear migration path toward larger enterprise infrastructure as user growth increases.","1881301fc52721fb4d26c00e991f3aa4dce736513ece5eb817679237c4c15f51","Initial infrastructure is cost-efficient and has a clear migration path as usage grows.","SHOULD","Non-functional","V1","REC","DevOps/Architecture","None stated by the Constitution","A defined measurement or design review confirms this statement: “Initial infrastructure is cost-efficient and has a clear migration path as usage grows.”","Business/Product/Technical Blueprint (identifier pending ODR-001)","Defined metric/standard plus measured result or documented review.","Pending independent review","Not started"
"REQ-081.03","REQ-081","Part 9","Infrastructure Philosophy and Selection","L4205","The architecture must avoid vendor lock-in wherever practical.","aabc033dd957be62353ff7c63ec0f907c73711ac5e62272ed8fbfa7d25afb4e3","Vendor lock-in is avoided wherever practical.","MUST","Non-functional","V1","CD","DevOps/Architecture","None stated by the Constitution","A defined measurement or design review confirms this statement: “Vendor lock-in is avoided wherever practical.”","Business/Product/Technical Blueprint (identifier pending ODR-001)","Defined metric/standard plus measured result or documented review.","Pending independent review","Not started"
"REQ-081.04","REQ-081","Part 9","Infrastructure Philosophy and Selection","L4207–L4221","The main priorities are: / 1\. Reliability / 2\. Security / 3\. Performance / 4\. Low operational cost / 5\. Scalability / 6\. Easy maintenance / 7\. Future migration capability","47167799cc14122bc05f7498b130fafaa3d2a73426863846abf8cbd63dfedcf6","Infrastructure decisions prioritize reliability, security, performance, low cost, scalability, maintenance, and migration capability.","SHOULD","Documentation","Pre-implementation deliverable","REC","DevOps/Architecture","None stated by the Constitution","The named artifact exists, addresses this statement, and is traceable to the cited lines: “Infrastructure decisions prioritize reliability, security, performance, low cost, scalability, maintenance, and migration capability.”","Phase 0 documentation/roadmap deliverable (identifier pending ODR-001)","Versioned artifact plus reviewer sign-off and citation trace.","Pending independent review","Not started"
"REQ-081.05","REQ-081","Part 9","Infrastructure Philosophy and Selection","L4225–L4229","INFRASTRUCTURE STRATEGY / The AI must evaluate available infrastructure options objectively. / Do not select technology based only on popularity.","8f0f63e92ff38295bb0c07815ab4f5e12b9cb3c7e275e7515febd98ca06e5c1d","Infrastructure options are evaluated objectively rather than selected by popularity.","MUST","Documentation","Pre-implementation deliverable","CD","DevOps/Architecture","None stated by the Constitution","The named artifact exists, addresses this statement, and is traceable to the cited lines: “Infrastructure options are evaluated objectively rather than selected by popularity.”","Phase 0 documentation/roadmap deliverable (identifier pending ODR-001)","Versioned artifact plus reviewer sign-off and citation trace.","Pending independent review","Not started"
"REQ-081.06","REQ-081","Part 9","Infrastructure Philosophy and Selection","L4231–L4249","Evaluate based on: / Free-tier availability / Resource limits / Scalability / Reliability / Security / Developer experience / Documentation quality / Long-term cost / Migration difficulty","efb0743672d63973f20bcec967acb5cd36b7bda068bab06992820847e5bfccd0","Infrastructure evaluation covers free tiers, resource limits, scalability, reliability, security, developer experience, documentation, long-term cost, and migration difficulty.","MUST","Documentation","Pre-implementation deliverable","CD","DevOps/Architecture","ODR-008; EFE-004","The named artifact exists, addresses this statement, and is traceable to the cited lines: “Infrastructure evaluation covers free tiers, resource limits, scalability, reliability, security, developer experience, documentation, long-term cost, and migration difficulty.”","Phase 0 documentation/roadmap deliverable (identifier pending ODR-001)","Versioned artifact plus reviewer sign-off and citation trace.","Pending independent review","Not started"
"REQ-081.07","REQ-081","Part 9","Infrastructure Philosophy and Selection","L4253–L4255","FREE-FIRST APPROACH / During the initial startup phase, prioritize free or extremely low-cost solutions where practical.","98d1f8508c9ad163d211993e3eec8c20902b5688f9a1b7d9c44967d3266a3c1b","Free or extremely low-cost solutions are prioritized during the startup phase where practical.","MUST","Documentation","Pre-implementation deliverable","CD","DevOps/Architecture","EFE-004","The named artifact exists, addresses this statement, and is traceable to the cited lines: “Free or extremely low-cost solutions are prioritized during the startup phase where practical.”","Phase 0 documentation/roadmap deliverable (identifier pending ODR-001)","Versioned artifact plus reviewer sign-off and citation trace.","Pending independent review","Not started"
"REQ-081.08","REQ-081","Part 9","Infrastructure Philosophy and Selection","L4257–L4277","The AI should analyze options such as: / AWS Free Tier / AWS Lambda / Cloudflare Workers / Cloudflare Pages / Google Cloud Free Tier / Google Apps Script (where appropriate) / Supabase / Neon PostgreSQL / Managed MySQL/MariaDB solutions / Other suitable startup platforms","ffde8dc13f827ec678f42d742864ad4ac84499e9c0f3f5b0d10b79fe888a5e2d","The infrastructure evaluation considers the named cloud, serverless, database, Apps Script, and other suitable startup options without preselecting them.","MAY","Documentation","Pre-implementation deliverable","REC","DevOps/Architecture","ODR-008; EFE-004","The named artifact exists, addresses this statement, and is traceable to the cited lines: “The infrastructure evaluation considers the named cloud, serverless, database, Apps Script, and other suitable startup options without preselecting them.”","Phase 0 documentation/roadmap deliverable (identifier pending ODR-001)","Versioned artifact plus reviewer sign-off and citation trace.","Pending independent review","Not started"
"REQ-081.09","REQ-081","Part 9","Infrastructure Philosophy and Selection","L4279","The AI must recommend the best combination with reasoning.","ad8708d72308304a02120b3aeb120fd6ff1615e1aca8ffbfec9ea53f7b58cea5","The recommended infrastructure combination includes reasoning.","MUST","Documentation","Pre-implementation deliverable","CD","DevOps/Architecture","ODR-008; EFE-004","The named artifact exists, addresses this statement, and is traceable to the cited lines: “The recommended infrastructure combination includes reasoning.”","Phase 0 documentation/roadmap deliverable (identifier pending ODR-001)","Versioned artifact plus reviewer sign-off and citation trace.","Pending independent review","Not started"
"REQ-081.10","REQ-081","Part 9","Infrastructure Philosophy and Selection","L4281","Do not choose free services if they create future technical debt.","d0eccbacbb68322ecd8d14bdc07af69ff7d60ce7052e1a5ea3affb0c7d62c1dd","A free service is not selected when it creates future technical debt.","MUST","Documentation","Pre-implementation deliverable","CD","DevOps/Architecture","EFE-004","The named artifact exists, addresses this statement, and is traceable to the cited lines: “A free service is not selected when it creates future technical debt.”","Phase 0 documentation/roadmap deliverable (identifier pending ODR-001)","Versioned artifact plus reviewer sign-off and citation trace.","Pending independent review","Not started"
"REQ-082.01","REQ-082","Part 9","Cloud and Backend Infrastructure","L4285–L4303","CLOUD ARCHITECTURE REQUIREMENTS / The system should be designed with separation between: / Frontend / Backend Services / Database / Storage / Email Delivery / Background Jobs / Monitoring / Third-party Integrations","66ba2e0aea2fd0f2d91e716939e99fbcb528214eea9c76174bf50bf463608ec6","Cloud architecture separates frontend, backend services, database, storage, email, background jobs, monitoring, and third-party integrations.","SHOULD","Non-functional","Pre-implementation deliverable","REC","DevOps/Architecture","None stated by the Constitution","A defined measurement or design review confirms this statement: “Cloud architecture separates frontend, backend services, database, storage, email, background jobs, monitoring, and third-party integrations.”","Business/Product/Technical Blueprint (identifier pending ODR-001)","Defined metric/standard plus measured result or documented review.","Pending independent review","Not started"
"REQ-082.02","REQ-082","Part 9","Cloud and Backend Infrastructure","L4305","This allows individual components to scale independently.","14b9df11e9b6d6be4b6e752ceb79d75aae3ddb98484bb509d3452899f0eb944f","Separated cloud components can scale independently.","SHOULD","Non-functional","Pre-implementation deliverable","REC","DevOps/Architecture","None stated by the Constitution","A defined measurement or design review confirms this statement: “Separated cloud components can scale independently.”","Business/Product/Technical Blueprint (identifier pending ODR-001)","Defined metric/standard plus measured result or documented review.","Pending independent review","Not started"
"REQ-082.03","REQ-082","Part 9","Cloud and Backend Infrastructure","L4309–L4321","BACKEND INFRASTRUCTURE / The AI must evaluate backend options based on: / Performance / Security / Cost / Developer availability / Maintenance requirements","f34980e5e762661077f4bd0d4e24e4eff77bd1aaffa61ead41dd83594525d2e5","Backend options are evaluated for performance, security, cost, developer availability, and maintenance.","MUST","Documentation","Pre-implementation deliverable","CD","DevOps/Architecture","ODR-002; EFE-004","The named artifact exists, addresses this statement, and is traceable to the cited lines: “Backend options are evaluated for performance, security, cost, developer availability, and maintenance.”","Phase 0 documentation/roadmap deliverable (identifier pending ODR-001)","Versioned artifact plus reviewer sign-off and citation trace.","Pending independent review","Not started"
"REQ-082.04","REQ-082","Part 9","Cloud and Backend Infrastructure","L4323–L4331","Possible options may include: / PHP/Laravel / Node.js / Serverless Functions / Other modern backend approaches","37efb75154b7818de04aa40e3bdf4fdfbb792dde31e3abab4baf883c20895117","The backend evaluation considers Laravel, Node.js, serverless functions, and other modern approaches without preselecting one.","MAY","Documentation","Pre-implementation deliverable","REC","DevOps/Architecture","ODR-002; EFE-004","The named artifact exists, addresses this statement, and is traceable to the cited lines: “The backend evaluation considers Laravel, Node.js, serverless functions, and other modern approaches without preselecting one.”","Phase 0 documentation/roadmap deliverable (identifier pending ODR-001)","Versioned artifact plus reviewer sign-off and citation trace.","Pending independent review","Not started"
"REQ-082.05","REQ-082","Part 9","Cloud and Backend Infrastructure","L4333–L4335","The final recommendation must include: / Why selected","8305edbdf3bf52cb3877dcd0f597b8294c398dbda311351b5490453dc8d2f187","The final backend recommendation explains why the selected option was chosen.","MUST","Documentation","Pre-implementation deliverable","CD","DevOps/Architecture","ODR-002","The named artifact exists, addresses this statement, and is traceable to the cited lines: “The final backend recommendation explains why the selected option was chosen.”","Phase 0 documentation/roadmap deliverable (identifier pending ODR-001)","Versioned artifact plus reviewer sign-off and citation trace.","Pending independent review","Not started"
"REQ-082.06","REQ-082","Part 9","Cloud and Backend Infrastructure","L4333; L4337","The final recommendation must include: || Why alternatives rejected","0d2c3ee5017a7d35cc30aac1f2f31eae6020c209f040b0b248b1454323d50e24","The final backend recommendation explains why alternatives were rejected.","MUST","Documentation","Pre-implementation deliverable","CD","DevOps/Architecture","ODR-002","The named artifact exists, addresses this statement, and is traceable to the cited lines: “The final backend recommendation explains why alternatives were rejected.”","Phase 0 documentation/roadmap deliverable (identifier pending ODR-001)","Versioned artifact plus reviewer sign-off and citation trace.","Pending independent review","Not started"
"REQ-082.07","REQ-082","Part 9","Cloud and Backend Infrastructure","L4333; L4339","The final recommendation must include: || Scaling path","15bec805a94bae919db05d9d79c7be812d150557d4b37344015c3e5396e945ac","The final backend recommendation defines a scaling path.","MUST","Documentation","Pre-implementation deliverable","CD","DevOps/Architecture","ODR-002","The named artifact exists, addresses this statement, and is traceable to the cited lines: “The final backend recommendation defines a scaling path.”","Phase 0 documentation/roadmap deliverable (identifier pending ODR-001)","Versioned artifact plus reviewer sign-off and citation trace.","Pending independent review","Not started"
"REQ-083.01","REQ-083","Part 9","Database and Storage Infrastructure","L4343–L4355","DATABASE INFRASTRUCTURE / The AI should evaluate: / PostgreSQL / MySQL / MariaDB / Serverless databases / Managed database services","00ba70971b550a6327c81fd1c4864139f95c990ea776262916bd38b92195ba1e","Database infrastructure evaluates PostgreSQL, MySQL, MariaDB, serverless databases, and managed database services.","SHOULD","Documentation","Pre-implementation deliverable","REC","DevOps/Database","ODR-009; EFE-004","The named artifact exists, addresses this statement, and is traceable to the cited lines: “Database infrastructure evaluates PostgreSQL, MySQL, MariaDB, serverless databases, and managed database services.”","Phase 0 documentation/roadmap deliverable (identifier pending ODR-001)","Versioned artifact plus reviewer sign-off and citation trace.","Pending independent review","Not started"
"REQ-083.02","REQ-083","Part 9","Database and Storage Infrastructure","L4357–L4369","Consider: / Free tier limits / Backups / Performance / Scaling options / Security / Migration possibilities","c5491022bd31d19d1f1f8dac1bbcea8e74a85eea13e3224c71a7e479731c4381","Database infrastructure evaluation covers free-tier limits, backups, performance, scaling, security, and migration possibilities.","SHOULD","Documentation","Pre-implementation deliverable","REC","DevOps/Database","ODR-009; EFE-004","The named artifact exists, addresses this statement, and is traceable to the cited lines: “Database infrastructure evaluation covers free-tier limits, backups, performance, scaling, security, and migration possibilities.”","Phase 0 documentation/roadmap deliverable (identifier pending ODR-001)","Versioned artifact plus reviewer sign-off and citation trace.","Pending independent review","Not started"
"REQ-083.03","REQ-083","Part 9","Database and Storage Infrastructure","L4371","The database must not become the first bottleneck.","7d49966ec4ebb48331e4bcc97eae73018ffd7db2131736b5284f25962dd80cdb","The selected database does not become the first platform bottleneck.","MUST","Non-functional","V1","CD","DevOps/Database","None stated by the Constitution","A defined measurement or design review confirms this statement: “The selected database does not become the first platform bottleneck.”","Business/Product/Technical Blueprint (identifier pending ODR-001)","Defined metric/standard plus measured result or documented review.","Pending independent review","Not started"
"REQ-083.04","REQ-083","Part 9","Database and Storage Infrastructure","L4375–L4379","STORAGE ARCHITECTURE / Define storage strategy for: / User uploads","6711fad4a082b31578605b539284713dedc4a4690111b5c7c682392c5fbc7147","The storage strategy covers user uploads.","MUST","Documentation","Pre-implementation deliverable","CD","DevOps/Database","None stated by the Constitution","The named artifact exists, addresses this statement, and is traceable to the cited lines: “The storage strategy covers user uploads.”","Phase 0 documentation/roadmap deliverable (identifier pending ODR-001)","Versioned artifact plus reviewer sign-off and citation trace.","Pending independent review","Not started"
"REQ-083.05","REQ-083","Part 9","Database and Storage Infrastructure","L4377; L4381","Define storage strategy for: || Blog images","0fa5e8e43077ec5e91243a2fdebb679a50c27f84061ee250d5d17387a00ed16d","The storage strategy covers blog images.","MUST","Documentation","Pre-implementation deliverable","CD","DevOps/Database","None stated by the Constitution","The named artifact exists, addresses this statement, and is traceable to the cited lines: “The storage strategy covers blog images.”","Phase 0 documentation/roadmap deliverable (identifier pending ODR-001)","Versioned artifact plus reviewer sign-off and citation trace.","Pending independent review","Not started"
"REQ-083.06","REQ-083","Part 9","Database and Storage Infrastructure","L4377; L4383","Define storage strategy for: || Documents","36e80f5e12bb1278566c93f600a48fc3a537796d6fbae1dc99b3df2ed8982c96","The storage strategy covers documents.","MUST","Documentation","Pre-implementation deliverable","CD","DevOps/Database","None stated by the Constitution","The named artifact exists, addresses this statement, and is traceable to the cited lines: “The storage strategy covers documents.”","Phase 0 documentation/roadmap deliverable (identifier pending ODR-001)","Versioned artifact plus reviewer sign-off and citation trace.","Pending independent review","Not started"
"REQ-083.07","REQ-083","Part 9","Database and Storage Infrastructure","L4377; L4385","Define storage strategy for: || System files","5f071027a1d1c54d4bcec482a4872214a86d7f362ee4f6a5b9c05069525a8873","The storage strategy covers system files.","MUST","Documentation","Pre-implementation deliverable","CD","DevOps/Database","None stated by the Constitution","The named artifact exists, addresses this statement, and is traceable to the cited lines: “The storage strategy covers system files.”","Phase 0 documentation/roadmap deliverable (identifier pending ODR-001)","Versioned artifact plus reviewer sign-off and citation trace.","Pending independent review","Not started"
"REQ-083.08","REQ-083","Part 9","Database and Storage Infrastructure","L4377; L4387","Define storage strategy for: || Backups","46d51c3ceecfaea96f4cc98b06a02fd05a50ad3e9f72115507bdb5c12fcec83f","The storage strategy covers backups.","MUST","Documentation","Pre-implementation deliverable","CD","DevOps/Database","None stated by the Constitution","The named artifact exists, addresses this statement, and is traceable to the cited lines: “The storage strategy covers backups.”","Phase 0 documentation/roadmap deliverable (identifier pending ODR-001)","Versioned artifact plus reviewer sign-off and citation trace.","Pending independent review","Not started"
"REQ-083.09","REQ-083","Part 9","Database and Storage Infrastructure","L4389–L4395","The AI should consider: / Object storage / CDN integration / Cost optimization","720743013ce63309a46869d64dfd08d224b33f5973a9472d66237924caa8de04","The storage strategy evaluates object storage, CDN integration, and cost optimization.","SHOULD","Documentation","Pre-implementation deliverable","REC","DevOps/Database","ODR-010; EFE-004","The named artifact exists, addresses this statement, and is traceable to the cited lines: “The storage strategy evaluates object storage, CDN integration, and cost optimization.”","Phase 0 documentation/roadmap deliverable (identifier pending ODR-001)","Versioned artifact plus reviewer sign-off and citation trace.","Pending independent review","Not started"
"REQ-084.01","REQ-084","Part 9","Email and OTP Infrastructure","L4399–L4401","EMAIL INFRASTRUCTURE / The system requires reliable email delivery.","7814bee1df26d7fef7d7e66dd11847f506cd606b8b7ee77e631eeb199e370ba7","The system uses reliable email delivery.","MUST","Non-functional","V1","CD","Backend/Infrastructure","None stated by the Constitution","A defined measurement or design review confirms this statement: “The system uses reliable email delivery.”","Business/Product/Technical Blueprint (identifier pending ODR-001)","Defined metric/standard plus measured result or documented review.","Pending independent review","Not started"
"REQ-084.02","REQ-084","Part 9","Email and OTP Infrastructure","L4403–L4413","Evaluate providers based on: / Free limits / Deliverability / API quality / Reliability / Scalability","ca1906ee4f6aee5d3fa1de219eeefebf5459155b2582f639dd9ad82569a793fd","Email providers are evaluated for free limits, deliverability, API quality, reliability, and scalability.","MUST","Documentation","Pre-implementation deliverable","CD","Backend/Infrastructure","EFE-005","The named artifact exists, addresses this statement, and is traceable to the cited lines: “Email providers are evaluated for free limits, deliverability, API quality, reliability, and scalability.”","Phase 0 documentation/roadmap deliverable (identifier pending ODR-001)","Versioned artifact plus reviewer sign-off and citation trace.","Pending independent review","Not started"
"REQ-084.03","REQ-084","Part 9","Email and OTP Infrastructure","L4415–L4417","Use email infrastructure for: / Account verification","8b09cbb373ef8de4210d1bfc958bb9388eb6ef1cab11cddf7fc48f34e15ff559","Email infrastructure supports account verification.","MUST","Functional","V1","CBR","Backend/Infrastructure","None stated by the Constitution","An acceptance test confirms this statement: “Email infrastructure supports account verification.”","Business/Product/Technical Blueprint (identifier pending ODR-001)","Passing functional test and relevant audit/event record where applicable.","Pending independent review","Not started"
"REQ-084.04","REQ-084","Part 9","Email and OTP Infrastructure","L4415; L4419","Use email infrastructure for: || Password reset","2e4149e590a165b2197cf60c80d8f2b9643e9357557a8c9d66cd1b2c0ae2c7fd","Email infrastructure supports password reset.","MUST","Functional","V1","CBR","Backend/Infrastructure","None stated by the Constitution","An acceptance test confirms this statement: “Email infrastructure supports password reset.”","Business/Product/Technical Blueprint (identifier pending ODR-001)","Passing functional test and relevant audit/event record where applicable.","Pending independent review","Not started"
"REQ-084.05","REQ-084","Part 9","Email and OTP Infrastructure","L4415; L4421","Use email infrastructure for: || Security notifications","9ceb133412b5d639a2e1d741a2f2f0c6730cf1aa383e4460b3207ec7c3ef39f2","Email infrastructure supports security notifications.","MUST","Functional","V1","CBR","Backend/Infrastructure","None stated by the Constitution","An acceptance test confirms this statement: “Email infrastructure supports security notifications.”","Business/Product/Technical Blueprint (identifier pending ODR-001)","Passing functional test and relevant audit/event record where applicable.","Pending independent review","Not started"
"REQ-084.06","REQ-084","Part 9","Email and OTP Infrastructure","L4415; L4423","Use email infrastructure for: || Withdrawal notifications","42bcca26d1545345dcd9357d9820b3bb448e4746c39576cf3636c1b790e2bfac","Email infrastructure supports withdrawal notifications.","MUST","Functional","V1","CBR","Backend/Infrastructure","None stated by the Constitution","An acceptance test confirms this statement: “Email infrastructure supports withdrawal notifications.”","Business/Product/Technical Blueprint (identifier pending ODR-001)","Passing functional test and relevant audit/event record where applicable.","Pending independent review","Not started"
"REQ-084.07","REQ-084","Part 9","Email and OTP Infrastructure","L4415; L4425","Use email infrastructure for: || Support updates","74b5c030345de0a399c304a263a9c9526844b53a26be33a744fa35b6d0140ccf","Email infrastructure supports support updates.","MUST","Functional","V1","CBR","Backend/Infrastructure","None stated by the Constitution","An acceptance test confirms this statement: “Email infrastructure supports support updates.”","Business/Product/Technical Blueprint (identifier pending ODR-001)","Passing functional test and relevant audit/event record where applicable.","Pending independent review","Not started"
"REQ-084.08","REQ-084","Part 9","Email and OTP Infrastructure","L4415; L4427","Use email infrastructure for: || Marketing communication (future)","14cb0f199ba7c259daa1fafaf6c765b51f57b9563ae2427428587f2866793bc2","Email infrastructure can support future marketing communications.","MUST","Functional","Future","FRR","Backend/Infrastructure","None stated by the Constitution","An acceptance test confirms this statement: “Email infrastructure can support future marketing communications.”","Business/Product/Technical Blueprint (identifier pending ODR-001)","Passing functional test and relevant audit/event record where applicable.","Pending independent review","Not started"
"REQ-084.09","REQ-084","Part 9","Email and OTP Infrastructure","L4431–L4435","OTP INFRASTRUCTURE / OTP requirements: / Secure generation","118775049d2f50201a99358ce2a1230e8e00f5cd620332238cd7eec21e4f1d53","OTP generation is secure.","MUST","Security","V1","CD","Backend/Infrastructure","None stated by the Constitution","Security review and negative-path tests confirm this statement: “OTP generation is secure.”","Security, Fraud & Compliance deliverable (identifier pending ODR-001)","Threat-control mapping plus passing security/negative-path test evidence.","Pending independent review","Not started"
"REQ-084.10","REQ-084","Part 9","Email and OTP Infrastructure","L4433; L4437","OTP requirements: || Expiration","9c8031e7c5c75699a7e20664e8274c29f2dbd2ac554ab2d6c9622e68350a41ce","OTP codes expire.","MUST","Security","V1","CD","Backend/Infrastructure","None stated by the Constitution","Security review and negative-path tests confirm this statement: “OTP codes expire.”","Security, Fraud & Compliance deliverable (identifier pending ODR-001)","Threat-control mapping plus passing security/negative-path test evidence.","Pending independent review","Not started"
"REQ-084.11","REQ-084","Part 9","Email and OTP Infrastructure","L4433; L4439","OTP requirements: || Rate limiting","5061f111045eef4b31e6408083325daf69e5e4255f0a65a8d62bad352b4c44ec","OTP use is rate limited.","MUST","Security","V1","CD","Backend/Infrastructure","None stated by the Constitution","Security review and negative-path tests confirm this statement: “OTP use is rate limited.”","Security, Fraud & Compliance deliverable (identifier pending ODR-001)","Threat-control mapping plus passing security/negative-path test evidence.","Pending independent review","Not started"
"REQ-084.12","REQ-084","Part 9","Email and OTP Infrastructure","L4433; L4441","OTP requirements: || Abuse prevention","4e700f08d9438ae7c0226a3c15fb8d8ecb85fed1556edc6aae6330abb3cb5476","OTP use has abuse prevention.","MUST","Security","V1","CD","Backend/Infrastructure","None stated by the Constitution","Security review and negative-path tests confirm this statement: “OTP use has abuse prevention.”","Security, Fraud & Compliance deliverable (identifier pending ODR-001)","Threat-control mapping plus passing security/negative-path test evidence.","Pending independent review","Not started"
"REQ-084.13","REQ-084","Part 9","Email and OTP Infrastructure","L4433; L4443","OTP requirements: || Logging","59c6d39b43dbbd3e466f5a4ed932a9f6c9f67cdc1cbe315b9d40b896ff784180","OTP activity is logged.","MUST","Governance","V1","CD","Backend/Infrastructure","None stated by the Constitution","Workflow and audit evidence confirm this statement: “OTP activity is logged.”","Phase 0 documentation/roadmap deliverable (identifier pending ODR-001)","Approval/audit record showing the required gate or workflow was followed.","Pending independent review","Not started"
"REQ-084.14","REQ-084","Part 9","Email and OTP Infrastructure","L4445–L4459","The AI should recommend: / Email OTP / SMS OTP / Third-party verification services / based on: / Cost / Reliability / Target countries","8b05e9780a24b8cf3e93cd7ccf05e511a8866718daeb37cbb58c29299387d097","The OTP recommendation evaluates email OTP, SMS OTP, and third-party verification against cost, reliability, and target countries.","SHOULD","Documentation","Pre-implementation deliverable","REC","Backend/Infrastructure","ODR-007; EFE-006","The named artifact exists, addresses this statement, and is traceable to the cited lines: “The OTP recommendation evaluates email OTP, SMS OTP, and third-party verification against cost, reliability, and target countries.”","Phase 0 documentation/roadmap deliverable (identifier pending ODR-001)","Versioned artifact plus reviewer sign-off and citation trace.","Pending independent review","Not started"
"REQ-085.01","REQ-085","Part 9","Background Jobs and Environment Management","L4463–L4481","BACKGROUND JOB ARCHITECTURE / The platform will require background processing. / Examples: / Email sending / Survey synchronization / Reward updates / Notification processing / Analytics processing / Scheduled tasks / The AI should design a reliable job system.","21dac62ce7c99a23d42e3b43a8d2ba1db116f616c90aedc26cba1d7ef8f43be2","A reliable background-job system handles email, survey synchronization, reward updates, notifications, analytics, and scheduled tasks.","SHOULD","Operational","V1","REC","Backend/DevOps","None stated by the Constitution","Operational execution or recovery evidence confirms this statement: “A reliable background-job system handles email, survey synchronization, reward updates, notifications, analytics, and scheduled tasks.”","Infrastructure, DevOps & Operations deliverable (identifier pending ODR-001)","Runbook/configuration plus execution, monitoring, or recovery evidence.","Pending independent review","Not started"
"REQ-085.02","REQ-085","Part 9","Background Jobs and Environment Management","L4483–L4485","Requirements: / Retry handling","6a161a463adfb06f7709c4d72da248d2047b4669967017306743ac13c89ccc21","The job system supports retry handling.","MUST","Operational","V1","CD","Backend/DevOps","None stated by the Constitution","Operational execution or recovery evidence confirms this statement: “The job system supports retry handling.”","Infrastructure, DevOps & Operations deliverable (identifier pending ODR-001)","Runbook/configuration plus execution, monitoring, or recovery evidence.","Pending independent review","Not started"
"REQ-085.03","REQ-085","Part 9","Background Jobs and Environment Management","L4483; L4487","Requirements: || Failure tracking","85a9bd171ae2d1778cc960517d33b9c09298873188d7f9470cc3a79d79157260","The job system supports failure tracking.","MUST","Operational","V1","CD","Backend/DevOps","None stated by the Constitution","Operational execution or recovery evidence confirms this statement: “The job system supports failure tracking.”","Infrastructure, DevOps & Operations deliverable (identifier pending ODR-001)","Runbook/configuration plus execution, monitoring, or recovery evidence.","Pending independent review","Not started"
"REQ-085.04","REQ-085","Part 9","Background Jobs and Environment Management","L4483; L4489","Requirements: || Monitoring","fda9faa4c3c15f7fb6c21603cd296920131a2273c63a6e1414349c887e0e3adb","The job system supports monitoring.","MUST","Operational","V1","CD","Backend/DevOps","None stated by the Constitution","Operational execution or recovery evidence confirms this statement: “The job system supports monitoring.”","Infrastructure, DevOps & Operations deliverable (identifier pending ODR-001)","Runbook/configuration plus execution, monitoring, or recovery evidence.","Pending independent review","Not started"
"REQ-085.05","REQ-085","Part 9","Background Jobs and Environment Management","L4483; L4491","Requirements: || Queue management","40635d825db943d5e3824402236a3434638482d0f8f76888cb725f0d72614c48","The job system supports queue management.","MUST","Operational","V1","CD","Backend/DevOps","None stated by the Constitution","Operational execution or recovery evidence confirms this statement: “The job system supports queue management.”","Infrastructure, DevOps & Operations deliverable (identifier pending ODR-001)","Runbook/configuration plus execution, monitoring, or recovery evidence.","Pending independent review","Not started"
"REQ-085.06","REQ-085","Part 9","Background Jobs and Environment Management","L4495–L4509","ENVIRONMENT MANAGEMENT / The project must have separate environments: / Development / For active coding. / Testing/Staging / For quality assurance. / Production / For real users.","b489f37c89f4c3b7f42e21cfcc2e421fc93a5d8a45c90acf5a87fbd7d66cc9a4","The project has separate development, testing/staging, and production environments.","MUST","Operational","V1","CD","Backend/DevOps","None stated by the Constitution","Operational execution or recovery evidence confirms this statement: “The project has separate development, testing/staging, and production environments.”","Infrastructure, DevOps & Operations deliverable (identifier pending ODR-001)","Runbook/configuration plus execution, monitoring, or recovery evidence.","Pending independent review","Not started"
"REQ-085.07","REQ-085","Part 9","Background Jobs and Environment Management","L4511–L4513","Each environment must have: / Separate configuration","135639f603ad61b8b61c776d1b533a447303c23508c93b08f8baeaf0f0f032fa","Each environment has separate configuration.","MUST","Operational","V1","CD","Backend/DevOps","None stated by the Constitution","Operational execution or recovery evidence confirms this statement: “Each environment has separate configuration.”","Infrastructure, DevOps & Operations deliverable (identifier pending ODR-001)","Runbook/configuration plus execution, monitoring, or recovery evidence.","Pending independent review","Not started"
"REQ-085.08","REQ-085","Part 9","Background Jobs and Environment Management","L4511; L4515","Each environment must have: || Separate credentials","b8539eb4287578d2ca8cfe0b7e167010f03e44639785de595d1c7dd24b60f7a9","Each environment has separate credentials.","MUST","Security","V1","CD","Backend/DevOps","None stated by the Constitution","Security review and negative-path tests confirm this statement: “Each environment has separate credentials.”","Security, Fraud & Compliance deliverable (identifier pending ODR-001)","Threat-control mapping plus passing security/negative-path test evidence.","Pending independent review","Not started"
"REQ-085.09","REQ-085","Part 9","Background Jobs and Environment Management","L4511; L4517","Each environment must have: || Proper security controls","8f6b01331659c46c340d2f5b2647c80fcd0d6c99a0e0e34a29d49efaac546cb5","Each environment has appropriate security controls.","MUST","Security","V1","CD","Backend/DevOps","None stated by the Constitution","Security review and negative-path tests confirm this statement: “Each environment has appropriate security controls.”","Security, Fraud & Compliance deliverable (identifier pending ODR-001)","Threat-control mapping plus passing security/negative-path test evidence.","Pending independent review","Not started"
"REQ-086.01","REQ-086","Part 9","Version Control and CI/CD","L4521–L4527","VERSION CONTROL / Use professional version control practices. / Requirements: / Git-based workflow","59f8ffcb1e3e415f184df1a97ee5aa475558e957ad55fa27a11e0b6808a62483","The project uses a Git-based workflow.","MUST","Operational","V1","CD","DevOps","None stated by the Constitution","Operational execution or recovery evidence confirms this statement: “The project uses a Git-based workflow.”","Infrastructure, DevOps & Operations deliverable (identifier pending ODR-001)","Runbook/configuration plus execution, monitoring, or recovery evidence.","Pending independent review","Not started"
"REQ-086.02","REQ-086","Part 9","Version Control and CI/CD","L4525; L4529","Requirements: || Meaningful commits","a38eadc7fc3cebcaf2c3b116b4a1e4f96716c5f7b3976d047a3aa16d51a28810","Commits are meaningful.","MUST","Operational","V1","CD","DevOps","None stated by the Constitution","Operational execution or recovery evidence confirms this statement: “Commits are meaningful.”","Infrastructure, DevOps & Operations deliverable (identifier pending ODR-001)","Runbook/configuration plus execution, monitoring, or recovery evidence.","Pending independent review","Not started"
"REQ-086.03","REQ-086","Part 9","Version Control and CI/CD","L4525; L4531","Requirements: || Branch strategy","dc6eb6f4e88b57f698b7a212349771529644a9d6d76d0568a3018b1c92bc3c63","The project defines a branch strategy.","MUST","Operational","V1","CD","DevOps","None stated by the Constitution","Operational execution or recovery evidence confirms this statement: “The project defines a branch strategy.”","Infrastructure, DevOps & Operations deliverable (identifier pending ODR-001)","Runbook/configuration plus execution, monitoring, or recovery evidence.","Pending independent review","Not started"
"REQ-086.04","REQ-086","Part 9","Version Control and CI/CD","L4525; L4533","Requirements: || Code reviews where applicable","07efed89dd09bfb1677713fba9c7454038f6743597e6faa5b2a47c5b96e44375","Code reviews are used where applicable.","MUST","Operational","V1","CD","DevOps","None stated by the Constitution","Operational execution or recovery evidence confirms this statement: “Code reviews are used where applicable.”","Infrastructure, DevOps & Operations deliverable (identifier pending ODR-001)","Runbook/configuration plus execution, monitoring, or recovery evidence.","Pending independent review","Not started"
"REQ-086.05","REQ-086","Part 9","Version Control and CI/CD","L4525; L4535","Requirements: || Release tagging","3e975bc1b5f4669fac6675fe7170adcd6b56edcaeb9d18dd70809d2e56364d06","Releases are tagged.","MUST","Operational","V1","CD","DevOps","None stated by the Constitution","Operational execution or recovery evidence confirms this statement: “Releases are tagged.”","Infrastructure, DevOps & Operations deliverable (identifier pending ODR-001)","Runbook/configuration plus execution, monitoring, or recovery evidence.","Pending independent review","Not started"
"REQ-086.06","REQ-086","Part 9","Version Control and CI/CD","L4539–L4541","CI/CD PIPELINE / The AI should design automated deployment.","fe11b87898fffbdc81343fb673b44cf688a31648f43043aa99e251e534d48d23","An automated deployment pipeline is designed.","SHOULD","Documentation","Pre-implementation deliverable","REC","DevOps","None stated by the Constitution","The named artifact exists, addresses this statement, and is traceable to the cited lines: “An automated deployment pipeline is designed.”","Phase 0 documentation/roadmap deliverable (identifier pending ODR-001)","Versioned artifact plus reviewer sign-off and citation trace.","Pending independent review","Not started"
"REQ-086.07","REQ-086","Part 9","Version Control and CI/CD","L4543–L4545","Pipeline should include: / Code validation","1c3742ef19fc3afdb11962c1b5253f30cbc3c80acb5ae05c250634015dc75be0","The CI/CD pipeline validates code.","SHOULD","Operational","V1","REC","DevOps","None stated by the Constitution","Operational execution or recovery evidence confirms this statement: “The CI/CD pipeline validates code.”","Infrastructure, DevOps & Operations deliverable (identifier pending ODR-001)","Runbook/configuration plus execution, monitoring, or recovery evidence.","Pending independent review","Not started"
"REQ-086.08","REQ-086","Part 9","Version Control and CI/CD","L4543; L4547","Pipeline should include: || Testing","d148fc1ae11376a80a4de8414e25747f83834ec23b94c9c0feb4a751f05eb5eb","The CI/CD pipeline runs tests.","SHOULD","Operational","V1","REC","DevOps","None stated by the Constitution","Operational execution or recovery evidence confirms this statement: “The CI/CD pipeline runs tests.”","Infrastructure, DevOps & Operations deliverable (identifier pending ODR-001)","Runbook/configuration plus execution, monitoring, or recovery evidence.","Pending independent review","Not started"
"REQ-086.09","REQ-086","Part 9","Version Control and CI/CD","L4543; L4549","Pipeline should include: || Build process","4ffc13cbd72260ee1b3e2aa184edcaf7d549313bd292b23e89fed399ddb30495","The CI/CD pipeline runs the build process.","SHOULD","Operational","V1","REC","DevOps","None stated by the Constitution","Operational execution or recovery evidence confirms this statement: “The CI/CD pipeline runs the build process.”","Infrastructure, DevOps & Operations deliverable (identifier pending ODR-001)","Runbook/configuration plus execution, monitoring, or recovery evidence.","Pending independent review","Not started"
"REQ-086.10","REQ-086","Part 9","Version Control and CI/CD","L4543; L4551","Pipeline should include: || Deployment","4504982257f220ed97e2634b82454f6e2d74fe9834e1aa5034c900fa59219576","The CI/CD pipeline deploys releases.","SHOULD","Operational","V1","REC","DevOps","None stated by the Constitution","Operational execution or recovery evidence confirms this statement: “The CI/CD pipeline deploys releases.”","Infrastructure, DevOps & Operations deliverable (identifier pending ODR-001)","Runbook/configuration plus execution, monitoring, or recovery evidence.","Pending independent review","Not started"
"REQ-086.11","REQ-086","Part 9","Version Control and CI/CD","L4543; L4553","Pipeline should include: || Rollback capability","34f0dfeaeb991e6fabec17776bb251879cc9c5adba93cd874b52eed808e91a26","The CI/CD pipeline supports rollback.","SHOULD","Operational","V1","REC","DevOps","None stated by the Constitution","Operational execution or recovery evidence confirms this statement: “The CI/CD pipeline supports rollback.”","Infrastructure, DevOps & Operations deliverable (identifier pending ODR-001)","Runbook/configuration plus execution, monitoring, or recovery evidence.","Pending independent review","Not started"
"REQ-087.01","REQ-087","Part 9","Security Operations, Monitoring, and Logging","L4559; L4561","Infrastructure security must include: || Secret management","a0bc61157824415b076e5cfa963097a000188e110b3a6e50404182b76b87f596","Infrastructure security includes secret management.","MUST","Security","V1","CD","DevOps/Security","None stated by the Constitution","Security review and negative-path tests confirm this statement: “Infrastructure security includes secret management.”","Security, Fraud & Compliance deliverable (identifier pending ODR-001)","Threat-control mapping plus passing security/negative-path test evidence.","Pending independent review","Not started"
"REQ-087.02","REQ-087","Part 9","Security Operations, Monitoring, and Logging","L4559; L4563","Infrastructure security must include: || Access control","35b8581c70205825a5092d58a8dd88df22d30d6b57e662746bf5b4562d7fba33","Infrastructure security includes access control.","MUST","Security","V1","CD","DevOps/Security","None stated by the Constitution","Security review and negative-path tests confirm this statement: “Infrastructure security includes access control.”","Security, Fraud & Compliance deliverable (identifier pending ODR-001)","Threat-control mapping plus passing security/negative-path test evidence.","Pending independent review","Not started"
"REQ-087.03","REQ-087","Part 9","Security Operations, Monitoring, and Logging","L4559; L4565","Infrastructure security must include: || Firewall rules where applicable","37bcacbd682853e440fe2dc1115ce5902e43820c11b15aea03999cdc32b8f3ca","Infrastructure security includes firewall rules where applicable.","MUST","Security","V1","CD","DevOps/Security","None stated by the Constitution","Security review and negative-path tests confirm this statement: “Infrastructure security includes firewall rules where applicable.”","Security, Fraud & Compliance deliverable (identifier pending ODR-001)","Threat-control mapping plus passing security/negative-path test evidence.","Pending independent review","Not started"
"REQ-087.04","REQ-087","Part 9","Security Operations, Monitoring, and Logging","L4559; L4567","Infrastructure security must include: || Secure environment variables","937c7f14fb424c602babaff25de9b0612bad16222e1271d4f51c5adbb2a44293","Infrastructure security includes secure environment variables.","MUST","Security","V1","CD","DevOps/Security","None stated by the Constitution","Security review and negative-path tests confirm this statement: “Infrastructure security includes secure environment variables.”","Security, Fraud & Compliance deliverable (identifier pending ODR-001)","Threat-control mapping plus passing security/negative-path test evidence.","Pending independent review","Not started"
"REQ-087.05","REQ-087","Part 9","Security Operations, Monitoring, and Logging","L4559; L4569","Infrastructure security must include: || Dependency monitoring","9be04699580c2286c81f0ff4671463189a112451e5b17767de25bf0b67cebbdc","Infrastructure security includes dependency monitoring.","MUST","Security","V1","CD","DevOps/Security","None stated by the Constitution","Security review and negative-path tests confirm this statement: “Infrastructure security includes dependency monitoring.”","Security, Fraud & Compliance deliverable (identifier pending ODR-001)","Threat-control mapping plus passing security/negative-path test evidence.","Pending independent review","Not started"
"REQ-087.06","REQ-087","Part 9","Security Operations, Monitoring, and Logging","L4559; L4571","Infrastructure security must include: || Regular updates","05cf8bbc5844ded21c011e7ff36492185358efe047a5e1264e2c5236a8d95864","Infrastructure security includes regular updates.","MUST","Security","V1","CD","DevOps/Security","None stated by the Constitution","Security review and negative-path tests confirm this statement: “Infrastructure security includes regular updates.”","Security, Fraud & Compliance deliverable (identifier pending ODR-001)","Threat-control mapping plus passing security/negative-path test evidence.","Pending independent review","Not started"
"REQ-087.07","REQ-087","Part 9","Security Operations, Monitoring, and Logging","L4577; L4579","The platform should monitor: || Application Health","9c3758aee846b2233e123081a9fba925b0b25515eea2fb1bed38221e25e7e5e2","Monitoring covers application health.","SHOULD","Operational","V1","REC","DevOps/Security","None stated by the Constitution","Operational execution or recovery evidence confirms this statement: “Monitoring covers application health.”","Infrastructure, DevOps & Operations deliverable (identifier pending ODR-001)","Runbook/configuration plus execution, monitoring, or recovery evidence.","Pending independent review","Not started"
"REQ-087.08","REQ-087","Part 9","Security Operations, Monitoring, and Logging","L4577; L4581","The platform should monitor: || Errors","af092a86297207a648ef3b0513ef98bae7758ee27a140a08cff85b50d1649364","Monitoring covers application errors.","SHOULD","Operational","V1","REC","DevOps/Security","None stated by the Constitution","Operational execution or recovery evidence confirms this statement: “Monitoring covers application errors.”","Infrastructure, DevOps & Operations deliverable (identifier pending ODR-001)","Runbook/configuration plus execution, monitoring, or recovery evidence.","Pending independent review","Not started"
"REQ-087.09","REQ-087","Part 9","Security Operations, Monitoring, and Logging","L4577; L4583","The platform should monitor: || Response times","6f9fea25ac20962d8c26baa9d93037274e0a45c498bbb4d1af1f527d979d841d","Monitoring covers response times.","SHOULD","Operational","V1","REC","DevOps/Security","None stated by the Constitution","Operational execution or recovery evidence confirms this statement: “Monitoring covers response times.”","Infrastructure, DevOps & Operations deliverable (identifier pending ODR-001)","Runbook/configuration plus execution, monitoring, or recovery evidence.","Pending independent review","Not started"
"REQ-087.10","REQ-087","Part 9","Security Operations, Monitoring, and Logging","L4577; L4585","The platform should monitor: || Failed requests","ef49f6ad172de3afc27a097a900c5d406a939f674a432a66a22dba352f9b9f69","Monitoring covers failed requests.","SHOULD","Operational","V1","REC","DevOps/Security","None stated by the Constitution","Operational execution or recovery evidence confirms this statement: “Monitoring covers failed requests.”","Infrastructure, DevOps & Operations deliverable (identifier pending ODR-001)","Runbook/configuration plus execution, monitoring, or recovery evidence.","Pending independent review","Not started"
"REQ-087.11","REQ-087","Part 9","Security Operations, Monitoring, and Logging","L4577; L4589","The platform should monitor: || CPU","be5967de4630f0f2a1389ca86bf7c314f725986e812fb04a81a4f91bc3b05178","Monitoring covers CPU utilization.","SHOULD","Operational","V1","REC","DevOps/Security","None stated by the Constitution","Operational execution or recovery evidence confirms this statement: “Monitoring covers CPU utilization.”","Infrastructure, DevOps & Operations deliverable (identifier pending ODR-001)","Runbook/configuration plus execution, monitoring, or recovery evidence.","Pending independent review","Not started"
"REQ-087.12","REQ-087","Part 9","Security Operations, Monitoring, and Logging","L4577; L4591","The platform should monitor: || Memory","1b2e56d497c68c6a431031afd6b6166ded136a63f8dda8672f44d41d89d488dd","Monitoring covers memory utilization.","SHOULD","Operational","V1","REC","DevOps/Security","None stated by the Constitution","Operational execution or recovery evidence confirms this statement: “Monitoring covers memory utilization.”","Infrastructure, DevOps & Operations deliverable (identifier pending ODR-001)","Runbook/configuration plus execution, monitoring, or recovery evidence.","Pending independent review","Not started"
"REQ-087.13","REQ-087","Part 9","Security Operations, Monitoring, and Logging","L4577; L4593","The platform should monitor: || Storage","a6a525899c4b602c77f5311e16defacc461a52e451138993ef21105e1285e485","Monitoring covers storage utilization.","SHOULD","Operational","V1","REC","DevOps/Security","None stated by the Constitution","Operational execution or recovery evidence confirms this statement: “Monitoring covers storage utilization.”","Infrastructure, DevOps & Operations deliverable (identifier pending ODR-001)","Runbook/configuration plus execution, monitoring, or recovery evidence.","Pending independent review","Not started"
"REQ-087.14","REQ-087","Part 9","Security Operations, Monitoring, and Logging","L4577; L4595","The platform should monitor: || Database performance","2a9b4822df2929a5db61621f29c0fd45c23c5b495a3830a3939a76d7bb00be89","Monitoring covers database performance.","SHOULD","Operational","V1","REC","DevOps/Security","None stated by the Constitution","Operational execution or recovery evidence confirms this statement: “Monitoring covers database performance.”","Infrastructure, DevOps & Operations deliverable (identifier pending ODR-001)","Runbook/configuration plus execution, monitoring, or recovery evidence.","Pending independent review","Not started"
"REQ-087.15","REQ-087","Part 9","Security Operations, Monitoring, and Logging","L4577; L4599","The platform should monitor: || Signups","53eb36d160ba97b147fa9e0f652150728f6a4381b8aa56c5c3efec0d02052f3a","Monitoring covers signups.","SHOULD","Operational","V1","REC","DevOps/Security","None stated by the Constitution","Operational execution or recovery evidence confirms this statement: “Monitoring covers signups.”","Infrastructure, DevOps & Operations deliverable (identifier pending ODR-001)","Runbook/configuration plus execution, monitoring, or recovery evidence.","Pending independent review","Not started"
"REQ-087.16","REQ-087","Part 9","Security Operations, Monitoring, and Logging","L4577; L4601","The platform should monitor: || Survey activity","fe7deca81a174c00184677ba36cb084698e0f3f45825587195cf936a20435a5b","Monitoring covers survey activity.","SHOULD","Operational","V1","REC","DevOps/Security","None stated by the Constitution","Operational execution or recovery evidence confirms this statement: “Monitoring covers survey activity.”","Infrastructure, DevOps & Operations deliverable (identifier pending ODR-001)","Runbook/configuration plus execution, monitoring, or recovery evidence.","Pending independent review","Not started"
"REQ-087.17","REQ-087","Part 9","Security Operations, Monitoring, and Logging","L4577; L4603","The platform should monitor: || Withdrawals","b4a6450c1d0425eabed1200b6495dfcd3374a1090dcf2cd248949a897f9a0396","Monitoring covers withdrawals.","SHOULD","Operational","V1","REC","DevOps/Security","None stated by the Constitution","Operational execution or recovery evidence confirms this statement: “Monitoring covers withdrawals.”","Infrastructure, DevOps & Operations deliverable (identifier pending ODR-001)","Runbook/configuration plus execution, monitoring, or recovery evidence.","Pending independent review","Not started"
"REQ-087.18","REQ-087","Part 9","Security Operations, Monitoring, and Logging","L4577; L4605","The platform should monitor: || Revenue","141dd2e592f41e732f62f922d26574343bea259c31ddf3ddec36d60876ceab78","Monitoring covers revenue.","SHOULD","Operational","V1","REC","DevOps/Security","None stated by the Constitution","Operational execution or recovery evidence confirms this statement: “Monitoring covers revenue.”","Infrastructure, DevOps & Operations deliverable (identifier pending ODR-001)","Runbook/configuration plus execution, monitoring, or recovery evidence.","Pending independent review","Not started"
"REQ-087.19","REQ-087","Part 9","Security Operations, Monitoring, and Logging","L4609–L4611","LOGGING STRATEGY / Implement structured logging.","e2c95702b92d971e2d067f5a87b1661676306376d34f5c59875e0a14f4f64296","The platform implements structured logging.","MUST","Operational","V1","CD","DevOps/Security","None stated by the Constitution","Operational execution or recovery evidence confirms this statement: “The platform implements structured logging.”","Infrastructure, DevOps & Operations deliverable (identifier pending ODR-001)","Runbook/configuration plus execution, monitoring, or recovery evidence.","Pending independent review","Not started"
"REQ-087.20","REQ-087","Part 9","Security Operations, Monitoring, and Logging","L4613–L4621","Logs should help investigate: / Errors / Security events / User actions / Integration failures","ce02b2a5029a6696d7b9d97ea282d80d60604fc7cafd416dd8db7bbc5fe52796","Logs support investigation of errors, security events, user actions, and integration failures.","SHOULD","Operational","V1","REC","DevOps/Security","None stated by the Constitution","Operational execution or recovery evidence confirms this statement: “Logs support investigation of errors, security events, user actions, and integration failures.”","Infrastructure, DevOps & Operations deliverable (identifier pending ODR-001)","Runbook/configuration plus execution, monitoring, or recovery evidence.","Pending independent review","Not started"
"REQ-087.21","REQ-087","Part 9","Security Operations, Monitoring, and Logging","L4623","Avoid storing unnecessary sensitive information.","3485d4f79646d8850e237c7423dbb792fc936abcb6dc5e78470feadb05690d25","Logs avoid unnecessary sensitive information.","MUST","Compliance","V1","CD","DevOps/Security","EFE-003","An acceptance test confirms this statement: “Logs avoid unnecessary sensitive information.”","Security, Fraud & Compliance deliverable (identifier pending ODR-001)","Control mapping, authoritative evidence, and review record.","Pending independent review","Not started"
"REQ-088.01","REQ-088","Part 9","Backup, Disaster Recovery, and Scaling","L4627–L4629","BACKUP STRATEGY / Create a complete backup plan.","f9fe968c47070f43ea8a35ab303705e3d3c33df4e0fe4fcfacf89a4c935c264c","Create a complete backup plan.","MUST","Documentation","Pre-implementation deliverable","CD","DevOps/Operations","None stated by the Constitution","The named artifact exists, addresses this statement, and is traceable to the cited lines: “Create a complete backup plan.”","Phase 0 documentation/roadmap deliverable (identifier pending ODR-001)","Versioned artifact plus reviewer sign-off and citation trace.","Pending independent review","Not started"
"REQ-088.02","REQ-088","Part 9","Backup, Disaster Recovery, and Scaling","L4631–L4633","Include: / Database backups","14d6cf81b142834b7bde8e4e43948cb37a35dea5022d0636bf8995d1be720e2d","The backup plan covers database backups.","MUST","Documentation","Pre-implementation deliverable","CD","DevOps/Operations","None stated by the Constitution","The named artifact exists, addresses this statement, and is traceable to the cited lines: “The backup plan covers database backups.”","Phase 0 documentation/roadmap deliverable (identifier pending ODR-001)","Versioned artifact plus reviewer sign-off and citation trace.","Pending independent review","Not started"
"REQ-088.03","REQ-088","Part 9","Backup, Disaster Recovery, and Scaling","L4631; L4635","Include: || File backups","2be7eb3dfdfc74d12a0d9b3aa5536dc92abb4950a990afd1de64a4732b92ac11","The backup plan covers file backups.","MUST","Documentation","Pre-implementation deliverable","CD","DevOps/Operations","None stated by the Constitution","The named artifact exists, addresses this statement, and is traceable to the cited lines: “The backup plan covers file backups.”","Phase 0 documentation/roadmap deliverable (identifier pending ODR-001)","Versioned artifact plus reviewer sign-off and citation trace.","Pending independent review","Not started"
"REQ-088.04","REQ-088","Part 9","Backup, Disaster Recovery, and Scaling","L4631; L4637","Include: || Configuration backups","92642b06182c1f2d707514594ba964fcddd17777cfa43a411420ea470a662cc6","The backup plan covers configuration backups.","MUST","Documentation","Pre-implementation deliverable","CD","DevOps/Operations","None stated by the Constitution","The named artifact exists, addresses this statement, and is traceable to the cited lines: “The backup plan covers configuration backups.”","Phase 0 documentation/roadmap deliverable (identifier pending ODR-001)","Versioned artifact plus reviewer sign-off and citation trace.","Pending independent review","Not started"
"REQ-088.05","REQ-088","Part 9","Backup, Disaster Recovery, and Scaling","L4639–L4641","Define: / Backup frequency","d3790bd7d30bd4f99ec34e6931e4a958d5ecc576fdc0c1bb35e76cb223712026","The backup plan defines backup frequency.","MUST","Documentation","Pre-implementation deliverable","CD","DevOps/Operations","ODR-011","The named artifact exists, addresses this statement, and is traceable to the cited lines: “The backup plan defines backup frequency.”","Phase 0 documentation/roadmap deliverable (identifier pending ODR-001)","Versioned artifact plus reviewer sign-off and citation trace.","Pending independent review","Not started"
"REQ-088.06","REQ-088","Part 9","Backup, Disaster Recovery, and Scaling","L4639; L4643","Define: || Storage location","47bb29590cdd7b554457e4f1a58eff9c4ea871c5d4d31a75cb4bab69eac238fd","The backup plan defines storage location.","MUST","Documentation","Pre-implementation deliverable","CD","DevOps/Operations","ODR-011","The named artifact exists, addresses this statement, and is traceable to the cited lines: “The backup plan defines storage location.”","Phase 0 documentation/roadmap deliverable (identifier pending ODR-001)","Versioned artifact plus reviewer sign-off and citation trace.","Pending independent review","Not started"
"REQ-088.07","REQ-088","Part 9","Backup, Disaster Recovery, and Scaling","L4639; L4645","Define: || Recovery process","b975f3257ecf767e989611a852b468a38f73bdf4bd7a7fdb9383d2002a8128cb","The backup plan defines recovery process.","MUST","Documentation","Pre-implementation deliverable","CD","DevOps/Operations","None stated by the Constitution","The named artifact exists, addresses this statement, and is traceable to the cited lines: “The backup plan defines recovery process.”","Phase 0 documentation/roadmap deliverable (identifier pending ODR-001)","Versioned artifact plus reviewer sign-off and citation trace.","Pending independent review","Not started"
"REQ-088.08","REQ-088","Part 9","Backup, Disaster Recovery, and Scaling","L4639; L4647","Define: || Testing procedure","b572b301a39eb8d9fe0e6c1dd6c9694a99b19b1047ca6f5efa1d138f5cfabd77","The backup plan defines testing procedure.","MUST","Documentation","Pre-implementation deliverable","CD","DevOps/Operations","None stated by the Constitution","The named artifact exists, addresses this statement, and is traceable to the cited lines: “The backup plan defines testing procedure.”","Phase 0 documentation/roadmap deliverable (identifier pending ODR-001)","Versioned artifact plus reviewer sign-off and citation trace.","Pending independent review","Not started"
"REQ-088.09","REQ-088","Part 9","Backup, Disaster Recovery, and Scaling","L4651–L4653","DISASTER RECOVERY / Create a recovery strategy.","339c15bd4d4a8455c9f391a04280d7ecc826d08ffc4da9d61afc2fece284f993","Create a disaster-recovery strategy.","MUST","Documentation","Pre-implementation deliverable","CD","DevOps/Operations","None stated by the Constitution","The named artifact exists, addresses this statement, and is traceable to the cited lines: “Create a disaster-recovery strategy.”","Phase 0 documentation/roadmap deliverable (identifier pending ODR-001)","Versioned artifact plus reviewer sign-off and citation trace.","Pending independent review","Not started"
"REQ-088.10","REQ-088","Part 9","Backup, Disaster Recovery, and Scaling","L4655–L4657","Define: / Recovery Time Objective (RTO)","b566021e0d2ab5b8f8faea402993ec4e91d121535607378b0b4255d8a43c0b78","The disaster-recovery strategy defines RTO.","MUST","Documentation","Pre-implementation deliverable","CD","DevOps/Operations","ODR-012","The named artifact exists, addresses this statement, and is traceable to the cited lines: “The disaster-recovery strategy defines RTO.”","Phase 0 documentation/roadmap deliverable (identifier pending ODR-001)","Versioned artifact plus reviewer sign-off and citation trace.","Pending independent review","Not started"
"REQ-088.11","REQ-088","Part 9","Backup, Disaster Recovery, and Scaling","L4655; L4659","Define: || Recovery Point Objective (RPO)","d2d811211c5e154c36f4a0f2c787c397eb5a5d318d424d85b06904a6e6740980","The disaster-recovery strategy defines RPO.","MUST","Documentation","Pre-implementation deliverable","CD","DevOps/Operations","ODR-012","The named artifact exists, addresses this statement, and is traceable to the cited lines: “The disaster-recovery strategy defines RPO.”","Phase 0 documentation/roadmap deliverable (identifier pending ODR-001)","Versioned artifact plus reviewer sign-off and citation trace.","Pending independent review","Not started"
"REQ-088.12","REQ-088","Part 9","Backup, Disaster Recovery, and Scaling","L4655; L4661","Define: || Emergency procedures","e6281c511f7390e80b37602fab8995dea0e2fc1dc667daf1f26cb2350eaad68b","The disaster-recovery strategy defines emergency procedures.","MUST","Documentation","Pre-implementation deliverable","CD","DevOps/Operations","None stated by the Constitution","The named artifact exists, addresses this statement, and is traceable to the cited lines: “The disaster-recovery strategy defines emergency procedures.”","Phase 0 documentation/roadmap deliverable (identifier pending ODR-001)","Versioned artifact plus reviewer sign-off and citation trace.","Pending independent review","Not started"
"REQ-088.13","REQ-088","Part 9","Backup, Disaster Recovery, and Scaling","L4655; L4663","Define: || Responsible roles","2cdbd0041fce279d2762665dd6b82b6e23c4fc3d166f19f72aa65bd22448aa5f","The disaster-recovery strategy defines responsible roles.","MUST","Documentation","Pre-implementation deliverable","CD","DevOps/Operations","None stated by the Constitution","The named artifact exists, addresses this statement, and is traceable to the cited lines: “The disaster-recovery strategy defines responsible roles.”","Phase 0 documentation/roadmap deliverable (identifier pending ODR-001)","Versioned artifact plus reviewer sign-off and citation trace.","Pending independent review","Not started"
"REQ-088.14","REQ-088","Part 9","Backup, Disaster Recovery, and Scaling","L4667–L4687","SCALING STRATEGY / The architecture should support growth from: / Stage 1 / Small startup / Thousands of users / Stage 2 / Growing platform / Hundreds of thousands of users / Stage 3 / Large-scale platform / Millions of users","4c71f3c7cb24205ba604af5bae01d1e098fe62d556d8e9587ebeb16da2f13498","The architecture supports growth from thousands to hundreds of thousands to millions of users.","SHOULD","Non-functional","V1","REC","DevOps/Operations","None stated by the Constitution","A defined measurement or design review confirms this statement: “The architecture supports growth from thousands to hundreds of thousands to millions of users.”","Business/Product/Technical Blueprint (identifier pending ODR-001)","Defined metric/standard plus measured result or documented review.","Pending independent review","Not started"
"REQ-088.15","REQ-088","Part 9","Backup, Disaster Recovery, and Scaling","L4689","The AI should explain when infrastructure changes become necessary.","15b8d368dd235aba4bba0d6b68a50669d79760d9ec9fabb62c361d80a815288b","The scaling plan explains when infrastructure changes become necessary.","SHOULD","Documentation","Pre-implementation deliverable","REC","DevOps/Operations","None stated by the Constitution","The named artifact exists, addresses this statement, and is traceable to the cited lines: “The scaling plan explains when infrastructure changes become necessary.”","Phase 0 documentation/roadmap deliverable (identifier pending ODR-001)","Versioned artifact plus reviewer sign-off and citation trace.","Pending independent review","Not started"
"REQ-089.01","REQ-089","Part 9","Cost Optimization and Deployment Documentation","L4693–L4703","COST OPTIMIZATION / The AI should continuously consider: / Free-tier utilization / Avoiding unnecessary services / Efficient resource usage / Monitoring expenses","ae5a427905c547855837b2d5879c5883df31a3109649950537192cf08169a9aa","Infrastructure planning considers free-tier use, avoidance of unnecessary services, efficient resources, and expense monitoring.","SHOULD","Documentation","Pre-implementation deliverable","REC","DevOps/Operations","EFE-004","The named artifact exists, addresses this statement, and is traceable to the cited lines: “Infrastructure planning considers free-tier use, avoidance of unnecessary services, efficient resources, and expense monitoring.”","Phase 0 documentation/roadmap deliverable (identifier pending ODR-001)","Versioned artifact plus reviewer sign-off and citation trace.","Pending independent review","Not started"
"REQ-089.02","REQ-089","Part 9","Cost Optimization and Deployment Documentation","L4705","Every infrastructure recommendation should include estimated operational impact.","ecc83b90c7b5fe2fd0969f23b93249bc3ae09abde189eb6d91158b36decc3038","Every infrastructure recommendation states estimated operational impact.","SHOULD","Documentation","Pre-implementation deliverable","REC","DevOps/Operations","None stated by the Constitution","The named artifact exists, addresses this statement, and is traceable to the cited lines: “Every infrastructure recommendation states estimated operational impact.”","Phase 0 documentation/roadmap deliverable (identifier pending ODR-001)","Versioned artifact plus reviewer sign-off and citation trace.","Pending independent review","Not started"
"REQ-089.03","REQ-089","Part 9","Cost Optimization and Deployment Documentation","L4711; L4713","Generate: || 1\. Infrastructure Architecture Diagram","644a2bfe3bb7d2454bdc2f49e5d58a65bb2a99d95ab279a9c0a9da3d093f64cc","Generate an Infrastructure Architecture Diagram.","MUST","Documentation","Pre-implementation deliverable","CD","DevOps/Operations","None stated by the Constitution","The named artifact exists, addresses this statement, and is traceable to the cited lines: “Generate an Infrastructure Architecture Diagram.”","Phase 0 documentation/roadmap deliverable (identifier pending ODR-001)","Versioned artifact plus reviewer sign-off and citation trace.","Pending independent review","Not started"
"REQ-089.04","REQ-089","Part 9","Cost Optimization and Deployment Documentation","L4711; L4715","Generate: || 2\. Hosting Setup Guide","e5c9501aafd90fa7b31c78d3a4b3486fd6b740d864345124c1c30e4e195bbf2f","Generate a Hosting Setup Guide.","MUST","Documentation","Pre-implementation deliverable","CD","DevOps/Operations","None stated by the Constitution","The named artifact exists, addresses this statement, and is traceable to the cited lines: “Generate a Hosting Setup Guide.”","Phase 0 documentation/roadmap deliverable (identifier pending ODR-001)","Versioned artifact plus reviewer sign-off and citation trace.","Pending independent review","Not started"
"REQ-089.05","REQ-089","Part 9","Cost Optimization and Deployment Documentation","L4711; L4717","Generate: || 3\. Environment Setup Guide","d281682ceb15650267b5d60e509842465aa66511f4ff11ba98ac6d1124da86aa","Generate an Environment Setup Guide.","MUST","Documentation","Pre-implementation deliverable","CD","DevOps/Operations","None stated by the Constitution","The named artifact exists, addresses this statement, and is traceable to the cited lines: “Generate an Environment Setup Guide.”","Phase 0 documentation/roadmap deliverable (identifier pending ODR-001)","Versioned artifact plus reviewer sign-off and citation trace.","Pending independent review","Not started"
"REQ-089.06","REQ-089","Part 9","Cost Optimization and Deployment Documentation","L4711; L4719","Generate: || 4\. Deployment Guide","74ff2e5e1b3024f233174d7a2654103e5b9c0d9cb85a1233d2040cd3a0d5f996","Generate a Deployment Guide.","MUST","Documentation","Pre-implementation deliverable","CD","DevOps/Operations","None stated by the Constitution","The named artifact exists, addresses this statement, and is traceable to the cited lines: “Generate a Deployment Guide.”","Phase 0 documentation/roadmap deliverable (identifier pending ODR-001)","Versioned artifact plus reviewer sign-off and citation trace.","Pending independent review","Not started"
"REQ-089.07","REQ-089","Part 9","Cost Optimization and Deployment Documentation","L4711; L4721","Generate: || 5\. Database Setup Guide","227103d763a91006bd43b28115f16f5683829e46c76f6455945e84dacc75c063","Generate a Database Setup Guide.","MUST","Documentation","Pre-implementation deliverable","CD","DevOps/Operations","None stated by the Constitution","The named artifact exists, addresses this statement, and is traceable to the cited lines: “Generate a Database Setup Guide.”","Phase 0 documentation/roadmap deliverable (identifier pending ODR-001)","Versioned artifact plus reviewer sign-off and citation trace.","Pending independent review","Not started"
"REQ-089.08","REQ-089","Part 9","Cost Optimization and Deployment Documentation","L4711; L4723","Generate: || 6\. Backup Guide","d4b1aba0c4756c9f5826c79c2aacc1a1bc542c2bba11581130bb19d982d51dc7","Generate a Backup Guide.","MUST","Documentation","Pre-implementation deliverable","CD","DevOps/Operations","None stated by the Constitution","The named artifact exists, addresses this statement, and is traceable to the cited lines: “Generate a Backup Guide.”","Phase 0 documentation/roadmap deliverable (identifier pending ODR-001)","Versioned artifact plus reviewer sign-off and citation trace.","Pending independent review","Not started"
"REQ-089.09","REQ-089","Part 9","Cost Optimization and Deployment Documentation","L4711; L4725","Generate: || 7\. Monitoring Guide","e58746ccad3f0aba02a01235bdd32148e0dceac986ffc43555a02501016dd4e0","Generate a Monitoring Guide.","MUST","Documentation","Pre-implementation deliverable","CD","DevOps/Operations","None stated by the Constitution","The named artifact exists, addresses this statement, and is traceable to the cited lines: “Generate a Monitoring Guide.”","Phase 0 documentation/roadmap deliverable (identifier pending ODR-001)","Versioned artifact plus reviewer sign-off and citation trace.","Pending independent review","Not started"
"REQ-089.10","REQ-089","Part 9","Cost Optimization and Deployment Documentation","L4711; L4727","Generate: || 8\. Security Checklist","d336a0f187d6e372a89af5c8c5be902e9a5c811c44f527d80b3f06460d064356","Generate a Security Checklist.","MUST","Documentation","Pre-implementation deliverable","CD","DevOps/Operations","None stated by the Constitution","The named artifact exists, addresses this statement, and is traceable to the cited lines: “Generate a Security Checklist.”","Phase 0 documentation/roadmap deliverable (identifier pending ODR-001)","Versioned artifact plus reviewer sign-off and citation trace.","Pending independent review","Not started"
"REQ-089.11","REQ-089","Part 9","Cost Optimization and Deployment Documentation","L4711; L4729","Generate: || 9\. Scaling Plan","78ca8207068249ede0d804406cf681175bac5f9c5d00281704399b92e01fa284","Generate a Scaling Plan.","MUST","Documentation","Pre-implementation deliverable","CD","DevOps/Operations","None stated by the Constitution","The named artifact exists, addresses this statement, and is traceable to the cited lines: “Generate a Scaling Plan.”","Phase 0 documentation/roadmap deliverable (identifier pending ODR-001)","Versioned artifact plus reviewer sign-off and citation trace.","Pending independent review","Not started"
"REQ-089.12","REQ-089","Part 9","Cost Optimization and Deployment Documentation","L4711; L4731","Generate: || 10\. Cost Optimization Guide","b5b95a4dabb6a1dd954aba8c8c9cf3a42b1788b43110212e4e2dea446f93e9f6","Generate a Cost Optimization Guide.","MUST","Documentation","Pre-implementation deliverable","CD","DevOps/Operations","None stated by the Constitution","The named artifact exists, addresses this statement, and is traceable to the cited lines: “Generate a Cost Optimization Guide.”","Phase 0 documentation/roadmap deliverable (identifier pending ODR-001)","Versioned artifact plus reviewer sign-off and citation trace.","Pending independent review","Not started"
"REQ-090.01","REQ-090","Part 9","Final Infrastructure Directive","L4735–L4737","FINAL INFRASTRUCTURE DIRECTIVE / Build EarnPearls like a serious global platform, but respect startup realities.","47cf2339c5317bcc7a8b4fdd766632616cc8c058173b0682b927c9122e559de9","Infrastructure design respects both global-platform quality and startup realities.","MUST","Governance","Pre-implementation deliverable","CD","DevOps/Architecture","None stated by the Constitution","Workflow and audit evidence confirm this statement: “Infrastructure design respects both global-platform quality and startup realities.”","Phase 0 documentation/roadmap deliverable (identifier pending ODR-001)","Approval/audit record showing the required gate or workflow was followed.","Pending independent review","Not started"
"REQ-090.02","REQ-090","Part 9","Final Infrastructure Directive","L4739","Do not over-engineer too early.","0ffdc18044290353d1adf8081c5847b27ea0bfeda8d09e5cd16eb1c817a93847","Infrastructure is not over-engineered too early.","MUST","Governance","Pre-implementation deliverable","CD","DevOps/Architecture","None stated by the Constitution","Workflow and audit evidence confirm this statement: “Infrastructure is not over-engineered too early.”","Phase 0 documentation/roadmap deliverable (identifier pending ODR-001)","Approval/audit record showing the required gate or workflow was followed.","Pending independent review","Not started"
"REQ-090.03","REQ-090","Part 9","Final Infrastructure Directive","L4741","Do not create a fragile prototype.","1aab09a4cc0beb0c41e4a4eafa172b39f9c8698a7d2cbc7697fe3640c7d93bb4","Infrastructure is not a fragile prototype.","MUST","Governance","Pre-implementation deliverable","CD","DevOps/Architecture","None stated by the Constitution","Workflow and audit evidence confirm this statement: “Infrastructure is not a fragile prototype.”","Phase 0 documentation/roadmap deliverable (identifier pending ODR-001)","Approval/audit record showing the required gate or workflow was followed.","Pending independent review","Not started"
"REQ-090.04","REQ-090","Part 9","Final Infrastructure Directive","L4743","Create a foundation that can start cheaply and grow professionally.","941246f3fdd002c2cebefd917a822756358d259559a2bc9034012b7b66cf8c3c","Infrastructure starts cheaply and has a professional growth path.","MUST","Governance","Pre-implementation deliverable","CD","DevOps/Architecture","None stated by the Constitution","Workflow and audit evidence confirm this statement: “Infrastructure starts cheaply and has a professional growth path.”","Phase 0 documentation/roadmap deliverable (identifier pending ODR-001)","Approval/audit record showing the required gate or workflow was followed.","Pending independent review","Not started"
"REQ-091.01","REQ-091","Part 10","AI Role and Master Execution Rule","L4757–L4779","ROLE OF THE AI / You are now responsible for acting as the complete product and engineering organization behind EarnPearls. / You are not a simple coding assistant. / You must operate as a combined: / Product Company / Software Development Team / Architecture Team / Quality Assurance Team / Security Team / Operations Team / Marketing Strategy Team / Documentation Team","ca88777cfb905208b11825bd3c861b64a22b7503992d120b065c129646a9fa3e","The delivery agent acts as the combined product, development, architecture, QA, security, operations, marketing, and documentation organization.","MUST","Governance","Pre-implementation deliverable","CD","Shared governance","None stated by the Constitution","Workflow and audit evidence confirm this statement: “The delivery agent acts as the combined product, development, architecture, QA, security, operations, marketing, and documentation organization.”","Phase 0 documentation/roadmap deliverable (identifier pending ODR-001)","Approval/audit record showing the required gate or workflow was followed.","Pending independent review","Not started"
"REQ-091.02","REQ-091","Part 10","AI Role and Master Execution Rule","L4781–L4783","Your goal is not merely to generate code. / Your goal is to create a production-ready global rewards platform.","5871aa15838d2ad3173fb5f922bffcaf0996a1ae7c568c9ad0c3b5f5f6b8d043","The objective is a production-ready global rewards platform rather than code generation alone.","MUST","Governance","Pre-implementation deliverable","CD","Shared governance","None stated by the Constitution","Workflow and audit evidence confirm this statement: “The objective is a production-ready global rewards platform rather than code generation alone.”","Phase 0 documentation/roadmap deliverable (identifier pending ODR-001)","Approval/audit record showing the required gate or workflow was followed.","Pending independent review","Not started"
"REQ-091.03","REQ-091","Part 10","AI Role and Master Execution Rule","L4787–L4793","MASTER EXECUTION RULE / Before creating any implementation: / You must first understand, analyze, challenge, improve, and document. / Never immediately start coding.","5b533f468322766d7ae2ac898069277ff701b884e89ff76a6f82565ada71ee43","Before implementation, the agent understands, analyzes, challenges, improves, and documents the project.","MUST","Governance","Pre-implementation deliverable","CD","Shared governance","None stated by the Constitution","Workflow and audit evidence confirm this statement: “Before implementation, the agent understands, analyzes, challenges, improves, and documents the project.”","Phase 0 documentation/roadmap deliverable (identifier pending ODR-001)","Approval/audit record showing the required gate or workflow was followed.","Pending independent review","Not started"
"REQ-091.04","REQ-091","Part 10","AI Role and Master Execution Rule","L4793–L4795","Never immediately start coding. / The correct order is:","3a672f1112acaf6797d89c14c4466e5145591be57a3a6248e03c770d5570e9ea","Coding does not start immediately and follows the prescribed execution order.","MUST","Governance","Pre-implementation deliverable","CD","Shared governance","None stated by the Constitution","Workflow and audit evidence confirm this statement: “Coding does not start immediately and follows the prescribed execution order.”","Phase 0 documentation/roadmap deliverable (identifier pending ODR-001)","Approval/audit record showing the required gate or workflow was followed.","Pending independent review","Not started"
"REQ-092.01","REQ-092","Part 10","Business, Product, System, and UI Design Steps","L4801; L4803","Create: || Complete Business Blueprint","6aeeef8b17f3c482f26e55286da4c4beb8a5931bd182e7df5833e5c92640c6dc","Business analysis produces a Complete Business Blueprint.","MUST","Documentation","Pre-implementation deliverable","CD","Shared governance","None stated by the Constitution","The named artifact exists, addresses this statement, and is traceable to the cited lines: “Business analysis produces a Complete Business Blueprint.”","Phase 0 documentation/roadmap deliverable (identifier pending ODR-001)","Versioned artifact plus reviewer sign-off and citation trace.","Pending independent review","Not started"
"REQ-092.02","REQ-092","Part 10","Business, Product, System, and UI Design Steps","L4801; L4805","Create: || Market Analysis","cf71e85c3d3032a9e8ec69f3341082aa97bb72a172443d2380877124b094d723","Business analysis produces Market Analysis.","MUST","Documentation","Pre-implementation deliverable","CD","Shared governance","None stated by the Constitution","The named artifact exists, addresses this statement, and is traceable to the cited lines: “Business analysis produces Market Analysis.”","Phase 0 documentation/roadmap deliverable (identifier pending ODR-001)","Versioned artifact plus reviewer sign-off and citation trace.","Pending independent review","Not started"
"REQ-092.03","REQ-092","Part 10","Business, Product, System, and UI Design Steps","L4801; L4807","Create: || Competitive Analysis","980bd4fc63e6fa20d562022037d7998b24986f1b3e7ad0c1065682d3d741f0dd","Business analysis produces Competitive Analysis.","MUST","Documentation","Pre-implementation deliverable","CD","Shared governance","None stated by the Constitution","The named artifact exists, addresses this statement, and is traceable to the cited lines: “Business analysis produces Competitive Analysis.”","Phase 0 documentation/roadmap deliverable (identifier pending ODR-001)","Versioned artifact plus reviewer sign-off and citation trace.","Pending independent review","Not started"
"REQ-092.04","REQ-092","Part 10","Business, Product, System, and UI Design Steps","L4801; L4809","Create: || Revenue Model","a31097bbdb50f02d5f4fdd78b433fa370a1007ca460a00d927fb70942ea7263e","Business analysis produces a Revenue Model.","MUST","Documentation","Pre-implementation deliverable","CD","Shared governance","None stated by the Constitution","The named artifact exists, addresses this statement, and is traceable to the cited lines: “Business analysis produces a Revenue Model.”","Phase 0 documentation/roadmap deliverable (identifier pending ODR-001)","Versioned artifact plus reviewer sign-off and citation trace.","Pending independent review","Not started"
"REQ-092.05","REQ-092","Part 10","Business, Product, System, and UI Design Steps","L4801; L4811","Create: || User Psychology Analysis","bab6c1299a1819adfb157285eddc498775e1f88e833b85b141fbf419aa399b99","Business analysis produces User Psychology Analysis.","MUST","Documentation","Pre-implementation deliverable","CD","Shared governance","None stated by the Constitution","The named artifact exists, addresses this statement, and is traceable to the cited lines: “Business analysis produces User Psychology Analysis.”","Phase 0 documentation/roadmap deliverable (identifier pending ODR-001)","Versioned artifact plus reviewer sign-off and citation trace.","Pending independent review","Not started"
"REQ-092.06","REQ-092","Part 10","Business, Product, System, and UI Design Steps","L4801; L4813","Create: || Risk Analysis","45f1d24e6c31891fb624783db8eb718466fe0de61d857f2fc1566ebe36fc5076","Business analysis produces Risk Analysis.","MUST","Documentation","Pre-implementation deliverable","CD","Shared governance","None stated by the Constitution","The named artifact exists, addresses this statement, and is traceable to the cited lines: “Business analysis produces Risk Analysis.”","Phase 0 documentation/roadmap deliverable (identifier pending ODR-001)","Versioned artifact plus reviewer sign-off and citation trace.","Pending independent review","Not started"
"REQ-092.07","REQ-092","Part 10","Business, Product, System, and UI Design Steps","L4801; L4815","Create: || Growth Strategy","de97be4c6499dd1ef40fcb0971477e14e47b414fd54b758b197061c2ade2af98","Business analysis produces a Growth Strategy.","MUST","Documentation","Pre-implementation deliverable","CD","Shared governance","None stated by the Constitution","The named artifact exists, addresses this statement, and is traceable to the cited lines: “Business analysis produces a Growth Strategy.”","Phase 0 documentation/roadmap deliverable (identifier pending ODR-001)","Versioned artifact plus reviewer sign-off and citation trace.","Pending independent review","Not started"
"REQ-092.08","REQ-092","Part 10","Business, Product, System, and UI Design Steps","L4801; L4817","Create: || Operational Model","685622faea5e2882d1deca5c417ac85643168b9861c1bbd5c8d8c51f3160943e","Business analysis produces an Operational Model.","MUST","Documentation","Pre-implementation deliverable","CD","Shared governance","None stated by the Constitution","The named artifact exists, addresses this statement, and is traceable to the cited lines: “Business analysis produces an Operational Model.”","Phase 0 documentation/roadmap deliverable (identifier pending ODR-001)","Versioned artifact plus reviewer sign-off and citation trace.","Pending independent review","Not started"
"REQ-092.09","REQ-092","Part 10","Business, Product, System, and UI Design Steps","L4819–L4821","Minimum target: / 100+ page professional document.","b58bf3d8dd8595f75fe267dd62aed40a04ec96bbf7f340e395fb94997c91f92b","The Business Blueprint targets at least 100 pages.","MUST","Documentation","Pre-implementation deliverable","CD","Shared governance","None stated by the Constitution","The named artifact exists, addresses this statement, and is traceable to the cited lines: “The Business Blueprint targets at least 100 pages.”","Phase 0 documentation/roadmap deliverable (identifier pending ODR-001)","Versioned artifact plus reviewer sign-off and citation trace.","Pending independent review","Not started"
"REQ-092.10","REQ-092","Part 10","Business, Product, System, and UI Design Steps","L4827; L4829","Create: || Product Requirements Document (PRD)","2eda8e275826740edfdd937707fd7eeb9ec89b3ba3274efd40c73505272d9b99","Product definition produces a Product Requirements Document.","MUST","Documentation","Pre-implementation deliverable","CD","Shared governance","None stated by the Constitution","The named artifact exists, addresses this statement, and is traceable to the cited lines: “Product definition produces a Product Requirements Document.”","Phase 0 documentation/roadmap deliverable (identifier pending ODR-001)","Versioned artifact plus reviewer sign-off and citation trace.","Pending independent review","Not started"
"REQ-092.11","REQ-092","Part 10","Business, Product, System, and UI Design Steps","L4827; L4831","Create: || User Stories","70c10e1e5c3283f2f4ed54ba71c9324caae2f59363c4dc77bb36868f641a58ee","Product definition produces User Stories.","MUST","Documentation","Pre-implementation deliverable","CD","Shared governance","None stated by the Constitution","The named artifact exists, addresses this statement, and is traceable to the cited lines: “Product definition produces User Stories.”","Phase 0 documentation/roadmap deliverable (identifier pending ODR-001)","Versioned artifact plus reviewer sign-off and citation trace.","Pending independent review","Not started"
"REQ-092.12","REQ-092","Part 10","Business, Product, System, and UI Design Steps","L4827; L4833","Create: || User Journeys","edab6fa0f7789812136469225b0a8a059bdd1da764eb0f106fad35a9543a9cf0","Product definition produces User Journeys.","MUST","Documentation","Pre-implementation deliverable","CD","Shared governance","None stated by the Constitution","The named artifact exists, addresses this statement, and is traceable to the cited lines: “Product definition produces User Journeys.”","Phase 0 documentation/roadmap deliverable (identifier pending ODR-001)","Versioned artifact plus reviewer sign-off and citation trace.","Pending independent review","Not started"
"REQ-092.13","REQ-092","Part 10","Business, Product, System, and UI Design Steps","L4827; L4835","Create: || Feature Specifications","e88d3e232754dbee9809b7262bb9ca0c73bb35a9cb797afd478784dfbe7ea9fa","Product definition produces Feature Specifications.","MUST","Documentation","Pre-implementation deliverable","CD","Shared governance","None stated by the Constitution","The named artifact exists, addresses this statement, and is traceable to the cited lines: “Product definition produces Feature Specifications.”","Phase 0 documentation/roadmap deliverable (identifier pending ODR-001)","Versioned artifact plus reviewer sign-off and citation trace.","Pending independent review","Not started"
"REQ-092.14","REQ-092","Part 10","Business, Product, System, and UI Design Steps","L4827; L4837","Create: || Page-by-page Product Documentation","ee3dcac1e51d68b44b43b8f50aba01e28e7d5023bce235beeca8379fddbe9774","Product definition produces page-by-page Product Documentation.","MUST","Documentation","Pre-implementation deliverable","CD","Shared governance","None stated by the Constitution","The named artifact exists, addresses this statement, and is traceable to the cited lines: “Product definition produces page-by-page Product Documentation.”","Phase 0 documentation/roadmap deliverable (identifier pending ODR-001)","Versioned artifact plus reviewer sign-off and citation trace.","Pending independent review","Not started"
"REQ-092.15","REQ-092","Part 10","Business, Product, System, and UI Design Steps","L4827; L4839","Create: || User Flow Diagrams","fc1e0d6b471371a5c811be9cd8e5ed46d638984337b96b2ef5230ef8cc5e87ee","Product definition produces User Flow Diagrams.","MUST","Documentation","Pre-implementation deliverable","CD","Shared governance","None stated by the Constitution","The named artifact exists, addresses this statement, and is traceable to the cited lines: “Product definition produces User Flow Diagrams.”","Phase 0 documentation/roadmap deliverable (identifier pending ODR-001)","Versioned artifact plus reviewer sign-off and citation trace.","Pending independent review","Not started"
"REQ-092.16","REQ-092","Part 10","Business, Product, System, and UI Design Steps","L4841–L4843","Every feature must have: / Purpose","2d3ccca582d01ece539b1e5b1ff66399a526781a4400b4cbd5fd289a4aea5092","Every feature specification states purpose.","MUST","Documentation","Pre-implementation deliverable","CD","Shared governance","None stated by the Constitution","The named artifact exists, addresses this statement, and is traceable to the cited lines: “Every feature specification states purpose.”","Phase 0 documentation/roadmap deliverable (identifier pending ODR-001)","Versioned artifact plus reviewer sign-off and citation trace.","Pending independent review","Not started"
"REQ-092.17","REQ-092","Part 10","Business, Product, System, and UI Design Steps","L4841; L4845","Every feature must have: || User benefit","56e05e11a1773468bfed53a415d79a0d3ed270073d7c758120e64b181addbd2d","Every feature specification states user benefit.","MUST","Documentation","Pre-implementation deliverable","CD","Shared governance","None stated by the Constitution","The named artifact exists, addresses this statement, and is traceable to the cited lines: “Every feature specification states user benefit.”","Phase 0 documentation/roadmap deliverable (identifier pending ODR-001)","Versioned artifact plus reviewer sign-off and citation trace.","Pending independent review","Not started"
"REQ-092.18","REQ-092","Part 10","Business, Product, System, and UI Design Steps","L4841; L4847","Every feature must have: || Business reason","7156f70600c1cd696b26e77e1e03dd1df1704705cffddaa9e8a1b7d235d23078","Every feature specification states business reason.","MUST","Documentation","Pre-implementation deliverable","CD","Shared governance","None stated by the Constitution","The named artifact exists, addresses this statement, and is traceable to the cited lines: “Every feature specification states business reason.”","Phase 0 documentation/roadmap deliverable (identifier pending ODR-001)","Versioned artifact plus reviewer sign-off and citation trace.","Pending independent review","Not started"
"REQ-092.19","REQ-092","Part 10","Business, Product, System, and UI Design Steps","L4841; L4849","Every feature must have: || Technical requirement","b8cc8da6f7ef3b470b5da954ad0ab3a3e9aa888f107ec844a279bf9b329177cc","Every feature specification states technical requirement.","MUST","Documentation","Pre-implementation deliverable","CD","Shared governance","None stated by the Constitution","The named artifact exists, addresses this statement, and is traceable to the cited lines: “Every feature specification states technical requirement.”","Phase 0 documentation/roadmap deliverable (identifier pending ODR-001)","Versioned artifact plus reviewer sign-off and citation trace.","Pending independent review","Not started"
"REQ-092.20","REQ-092","Part 10","Business, Product, System, and UI Design Steps","L4855; L4857","Create: || System Architecture","e0c2bde1976dd7d0349787f03960033f1502b0978161001a37667e5d28acad08","System design produces System Architecture.","MUST","Documentation","Pre-implementation deliverable","CD","Shared governance","None stated by the Constitution","The named artifact exists, addresses this statement, and is traceable to the cited lines: “System design produces System Architecture.”","Phase 0 documentation/roadmap deliverable (identifier pending ODR-001)","Versioned artifact plus reviewer sign-off and citation trace.","Pending independent review","Not started"
"REQ-092.21","REQ-092","Part 10","Business, Product, System, and UI Design Steps","L4855; L4859","Create: || Database Architecture","da4a5c4ffae373c8c1979e32d60077d2352d842d70dd130acccd399f32f0dfc8","System design produces Database Architecture.","MUST","Documentation","Pre-implementation deliverable","CD","Shared governance","None stated by the Constitution","The named artifact exists, addresses this statement, and is traceable to the cited lines: “System design produces Database Architecture.”","Phase 0 documentation/roadmap deliverable (identifier pending ODR-001)","Versioned artifact plus reviewer sign-off and citation trace.","Pending independent review","Not started"
"REQ-092.22","REQ-092","Part 10","Business, Product, System, and UI Design Steps","L4855; L4861","Create: || API Architecture","c3a12b0b67707683a0caba72e6db43df51f77dc54d13c5057d17155ed0597fd6","System design produces API Architecture.","MUST","Documentation","Pre-implementation deliverable","CD","Shared governance","None stated by the Constitution","The named artifact exists, addresses this statement, and is traceable to the cited lines: “System design produces API Architecture.”","Phase 0 documentation/roadmap deliverable (identifier pending ODR-001)","Versioned artifact plus reviewer sign-off and citation trace.","Pending independent review","Not started"
"REQ-092.23","REQ-092","Part 10","Business, Product, System, and UI Design Steps","L4855; L4863","Create: || Security Architecture","ea247e536800d34e1c3c1e4150c42ac793c7cc91dc45b08c9a3b3c4c41322328","System design produces Security Architecture.","MUST","Documentation","Pre-implementation deliverable","CD","Shared governance","None stated by the Constitution","The named artifact exists, addresses this statement, and is traceable to the cited lines: “System design produces Security Architecture.”","Phase 0 documentation/roadmap deliverable (identifier pending ODR-001)","Versioned artifact plus reviewer sign-off and citation trace.","Pending independent review","Not started"
"REQ-092.24","REQ-092","Part 10","Business, Product, System, and UI Design Steps","L4855; L4865","Create: || Infrastructure Architecture","eda46eb90a6a732ad7c4758471666c850cbb9c5e0e7d89db9b7be477104b430c","System design produces Infrastructure Architecture.","MUST","Documentation","Pre-implementation deliverable","CD","Shared governance","None stated by the Constitution","The named artifact exists, addresses this statement, and is traceable to the cited lines: “System design produces Infrastructure Architecture.”","Phase 0 documentation/roadmap deliverable (identifier pending ODR-001)","Versioned artifact plus reviewer sign-off and citation trace.","Pending independent review","Not started"
"REQ-092.25","REQ-092","Part 10","Business, Product, System, and UI Design Steps","L4867–L4873","Before implementation: / Review your own architecture. / Find weaknesses. / Improve it.","5586fd6d88655ad4fa2937a1680a845aea90bd3297c2422d9eb8e61ba1a03dd5","Architecture is self-reviewed, weaknesses are found, and improvements are made before implementation.","MUST","Governance","Pre-implementation deliverable","CD","Shared governance","None stated by the Constitution","Workflow and audit evidence confirm this statement: “Architecture is self-reviewed, weaknesses are found, and improvements are made before implementation.”","Phase 0 documentation/roadmap deliverable (identifier pending ODR-001)","Approval/audit record showing the required gate or workflow was followed.","Pending independent review","Not started"
"REQ-092.26","REQ-092","Part 10","Business, Product, System, and UI Design Steps","L4879; L4881","Create: || Design System","5bec430e1fecf815d54f9dc3e272909608dcf8460cb09ad2f7a68cd5025a7a45","UI/UX design produces a Design System.","MUST","Documentation","Pre-implementation deliverable","CD","Frontend handoff","None stated by the Constitution","The named artifact exists, addresses this statement, and is traceable to the cited lines: “UI/UX design produces a Design System.”","Frontend Product/Design Blueprint (frontend-owned; identifier pending ODR-001)","Versioned artifact plus reviewer sign-off and citation trace.","Pending independent review","Not started"
"REQ-092.27","REQ-092","Part 10","Business, Product, System, and UI Design Steps","L4879; L4883","Create: || Wireframes","2e60c282c32b60499cada3d9d81d04b7cae293b6d79ad3753e131822379b3acb","UI/UX design produces Wireframes.","MUST","Documentation","Pre-implementation deliverable","CD","Frontend handoff","None stated by the Constitution","The named artifact exists, addresses this statement, and is traceable to the cited lines: “UI/UX design produces Wireframes.”","Frontend Product/Design Blueprint (frontend-owned; identifier pending ODR-001)","Versioned artifact plus reviewer sign-off and citation trace.","Pending independent review","Not started"
"REQ-092.28","REQ-092","Part 10","Business, Product, System, and UI Design Steps","L4879; L4885","Create: || Screen Specifications","a5ac9748563eaa4566dbb82d257a24eeb21b97c23b84227df3ecea3d49589c12","UI/UX design produces Screen Specifications.","MUST","Documentation","Pre-implementation deliverable","CD","Frontend handoff","None stated by the Constitution","The named artifact exists, addresses this statement, and is traceable to the cited lines: “UI/UX design produces Screen Specifications.”","Frontend Product/Design Blueprint (frontend-owned; identifier pending ODR-001)","Versioned artifact plus reviewer sign-off and citation trace.","Pending independent review","Not started"
"REQ-092.29","REQ-092","Part 10","Business, Product, System, and UI Design Steps","L4879; L4887","Create: || Component Library","a2a49cc6cb402d0706b327239431a5d431cc48a85c128a0ec7c2d6fd5de685c9","UI/UX design produces a Component Library.","MUST","Documentation","Pre-implementation deliverable","CD","Frontend handoff","None stated by the Constitution","The named artifact exists, addresses this statement, and is traceable to the cited lines: “UI/UX design produces a Component Library.”","Frontend Product/Design Blueprint (frontend-owned; identifier pending ODR-001)","Versioned artifact plus reviewer sign-off and citation trace.","Pending independent review","Not started"
"REQ-092.30","REQ-092","Part 10","Business, Product, System, and UI Design Steps","L4879; L4889","Create: || Responsive Guidelines","00aa2f38fdbe1e701774aff4b799f8d0d1c2bab05cf27208e2e4ab9e6b8916a2","UI/UX design produces Responsive Guidelines.","MUST","Documentation","Pre-implementation deliverable","CD","Frontend handoff","None stated by the Constitution","The named artifact exists, addresses this statement, and is traceable to the cited lines: “UI/UX design produces Responsive Guidelines.”","Frontend Product/Design Blueprint (frontend-owned; identifier pending ODR-001)","Versioned artifact plus reviewer sign-off and citation trace.","Pending independent review","Not started"
"REQ-092.31","REQ-092","Part 10","Business, Product, System, and UI Design Steps","L4891","Ensure the product feels premium and trustworthy.","b0160b72ae163780e0878960c9e6925d3fe007de4ee637f0e333586b70a3571b","UI/UX design makes the product feel premium and trustworthy.","MUST","Non-functional","Pre-implementation deliverable","CD","Frontend handoff","None stated by the Constitution","A defined measurement or design review confirms this statement: “UI/UX design makes the product feel premium and trustworthy.”","Frontend Product/Design Blueprint (frontend-owned; identifier pending ODR-001)","Defined metric/standard plus measured result or documented review.","Pending independent review","Not started"
"REQ-093.01","REQ-093","Part 10","Development Roadmap and Controlled Phases","L4895–L4897","STEP 5 — DEVELOPMENT ROADMAP / Create an interactive roadmap.","a6afbca034600aba258e14796536a819d4a6b646b2767f9f21106816062924d2","Create an interactive development roadmap.","MUST","Documentation","Pre-implementation deliverable","CD","Shared governance","None stated by the Constitution","The named artifact exists, addresses this statement, and is traceable to the cited lines: “Create an interactive development roadmap.”","Phase 0 documentation/roadmap deliverable (identifier pending ODR-001)","Versioned artifact plus reviewer sign-off and citation trace.","Pending independent review","Not started"
"REQ-093.02","REQ-093","Part 10","Development Roadmap and Controlled Phases","L4899; L4901","Each task must include: || Task Name","1dce272971bfda387f28e78ee643dd95a47f917bd86a4dac688e064fd1ccabca","Every roadmap task includes a name.","MUST","Documentation","Pre-implementation deliverable","CD","Shared governance","None stated by the Constitution","The named artifact exists, addresses this statement, and is traceable to the cited lines: “Every roadmap task includes a name.”","Phase 0 documentation/roadmap deliverable (identifier pending ODR-001)","Versioned artifact plus reviewer sign-off and citation trace.","Pending independent review","Not started"
"REQ-093.03","REQ-093","Part 10","Development Roadmap and Controlled Phases","L4899; L4903","Each task must include: || Description","824674f3dde164da0f7cad71bc724375cf8d5e6ce5aa40f7799aac5e332488ea","Every roadmap task includes a description.","MUST","Documentation","Pre-implementation deliverable","CD","Shared governance","None stated by the Constitution","The named artifact exists, addresses this statement, and is traceable to the cited lines: “Every roadmap task includes a description.”","Phase 0 documentation/roadmap deliverable (identifier pending ODR-001)","Versioned artifact plus reviewer sign-off and citation trace.","Pending independent review","Not started"
"REQ-093.04","REQ-093","Part 10","Development Roadmap and Controlled Phases","L4899; L4905","Each task must include: || Priority","bf6c56a0e96723324d068e259a39e08dfac29965906550ca07b6cc0ac8b83e97","Every roadmap task includes priority.","MUST","Documentation","Pre-implementation deliverable","CD","Shared governance","None stated by the Constitution","The named artifact exists, addresses this statement, and is traceable to the cited lines: “Every roadmap task includes priority.”","Phase 0 documentation/roadmap deliverable (identifier pending ODR-001)","Versioned artifact plus reviewer sign-off and citation trace.","Pending independent review","Not started"
"REQ-093.05","REQ-093","Part 10","Development Roadmap and Controlled Phases","L4899; L4907","Each task must include: || Dependencies","c41138c1e742da6cf567fca89e1cafa551731d2e82549c244ce746178936cc34","Every roadmap task includes dependencies.","MUST","Documentation","Pre-implementation deliverable","CD","Shared governance","None stated by the Constitution","The named artifact exists, addresses this statement, and is traceable to the cited lines: “Every roadmap task includes dependencies.”","Phase 0 documentation/roadmap deliverable (identifier pending ODR-001)","Versioned artifact plus reviewer sign-off and citation trace.","Pending independent review","Not started"
"REQ-093.06","REQ-093","Part 10","Development Roadmap and Controlled Phases","L4899; L4909","Each task must include: || Estimated Complexity","b0bf120045c34ab84db56f30091df0fe1eed4479fdc3b3357827d1700bf697d4","Every roadmap task includes estimated complexity.","MUST","Documentation","Pre-implementation deliverable","CD","Shared governance","None stated by the Constitution","The named artifact exists, addresses this statement, and is traceable to the cited lines: “Every roadmap task includes estimated complexity.”","Phase 0 documentation/roadmap deliverable (identifier pending ODR-001)","Versioned artifact plus reviewer sign-off and citation trace.","Pending independent review","Not started"
"REQ-093.07","REQ-093","Part 10","Development Roadmap and Controlled Phases","L4899; L4911","Each task must include: || Status","0ae4f3402b3988a4c4f6789a08e6c9e6bea2a89a44afccd35d543d609ca37743","Every roadmap task includes status.","MUST","Documentation","Pre-implementation deliverable","CD","Shared governance","None stated by the Constitution","The named artifact exists, addresses this statement, and is traceable to the cited lines: “Every roadmap task includes status.”","Phase 0 documentation/roadmap deliverable (identifier pending ODR-001)","Versioned artifact plus reviewer sign-off and citation trace.","Pending independent review","Not started"
"REQ-093.08","REQ-093","Part 10","Development Roadmap and Controlled Phases","L4899; L4913","Each task must include: || Acceptance Criteria","2b5af099e7c870c965019859cad58dfc69c8a58aa37db967cfaa2b94cdc3c39b","Every roadmap task includes acceptance criteria.","MUST","Documentation","Pre-implementation deliverable","CD","Shared governance","None stated by the Constitution","The named artifact exists, addresses this statement, and is traceable to the cited lines: “Every roadmap task includes acceptance criteria.”","Phase 0 documentation/roadmap deliverable (identifier pending ODR-001)","Versioned artifact plus reviewer sign-off and citation trace.","Pending independent review","Not started"
"REQ-093.09","REQ-093","Part 10","Development Roadmap and Controlled Phases","L4915–L4927","Suggested statuses: / Not Started / Planning / Development / Testing / Review / Completed","f95c6fec57afeafd0e3274ed37725d3f75cce17b172ee0ab8a477576bb9b496e","The roadmap supports the suggested Not Started, Planning, Development, Testing, Review, and Completed statuses.","SHOULD","Documentation","Pre-implementation deliverable","REC","Shared governance","None stated by the Constitution","The named artifact exists, addresses this statement, and is traceable to the cited lines: “The roadmap supports the suggested Not Started, Planning, Development, Testing, Review, and Completed statuses.”","Phase 0 documentation/roadmap deliverable (identifier pending ODR-001)","Versioned artifact plus reviewer sign-off and citation trace.","Pending independent review","Not started"
"REQ-093.10","REQ-093","Part 10","Development Roadmap and Controlled Phases","L4929","The roadmap should be compatible with project management tools such as Notion.","1d79d4d3e3202e10cc3bb187f3a19bd4d5ecdf5812676085db2cff007bea488f","The roadmap is compatible with project-management tools such as Notion.","SHOULD","Documentation","Pre-implementation deliverable","REC","Shared governance","None stated by the Constitution","The named artifact exists, addresses this statement, and is traceable to the cited lines: “The roadmap is compatible with project-management tools such as Notion.”","Phase 0 documentation/roadmap deliverable (identifier pending ODR-001)","Versioned artifact plus reviewer sign-off and citation trace.","Pending independent review","Not started"
"REQ-093.11","REQ-093","Part 10","Development Roadmap and Controlled Phases","L4933–L4935","DEVELOPMENT WORKFLOW / Development should happen in controlled phases.","ca66e05a28ab110f2cbadb134f74203f86ecb4a755e54b3f6fb1aa122a8ccee0","Development occurs in controlled phases.","SHOULD","Governance","Pre-implementation deliverable","REC","Shared governance","None stated by the Constitution","Workflow and audit evidence confirm this statement: “Development occurs in controlled phases.”","Phase 0 documentation/roadmap deliverable (identifier pending ODR-001)","Approval/audit record showing the required gate or workflow was followed.","Pending independent review","Not started"
"REQ-093.12","REQ-093","Part 10","Development Roadmap and Controlled Phases","L4939–L4951","PHASE 1 — FOUNDATION / Build: / Project structure / Authentication foundation / Database foundation / Core configuration / Security foundation","0e50b9cea834ee667216ab8263582bbdd256c6d9096a13f4f38529016c9ea963","Foundation phase covers project structure, authentication, database, core configuration, and security foundations.","MUST","Documentation","Pre-implementation deliverable","CD","Shared governance","None stated by the Constitution","The named artifact exists, addresses this statement, and is traceable to the cited lines: “Foundation phase covers project structure, authentication, database, core configuration, and security foundations.”","Phase 0 documentation/roadmap deliverable (identifier pending ODR-001)","Versioned artifact plus reviewer sign-off and citation trace.","Pending independent review","Not started"
"REQ-093.13","REQ-093","Part 10","Development Roadmap and Controlled Phases","L4955–L4969","PHASE 2 — USER PLATFORM / Build: / Registration / Email verification / Login / User dashboard / Profile management / Wallet foundation","7a3d862d3abf8f339eb62bc4f0005dafea5c92a8f1d68470cf0faaaa9015be16","User-platform phase covers registration, email verification, login, dashboard, profile, and wallet foundation.","MUST","Documentation","Pre-implementation deliverable","CD","Shared governance","None stated by the Constitution","The named artifact exists, addresses this statement, and is traceable to the cited lines: “User-platform phase covers registration, email verification, login, dashboard, profile, and wallet foundation.”","Phase 0 documentation/roadmap deliverable (identifier pending ODR-001)","Versioned artifact plus reviewer sign-off and citation trace.","Pending independent review","Not started"
"REQ-093.14","REQ-093","Part 10","Development Roadmap and Controlled Phases","L4973–L4985","PHASE 3 — REWARDS ENGINE / Build: / Points system / USD conversion / Wallet transactions / Balance maturity / Reward history","2e7cf8e92df40d0f3d2de4992e216ce8d89408cc5d2aa1b61e5dc593337b34bd","Rewards-engine phase covers points, USD conversion, wallet transactions, balance maturity, and reward history.","MUST","Documentation","Pre-implementation deliverable","CD","Shared governance","None stated by the Constitution","The named artifact exists, addresses this statement, and is traceable to the cited lines: “Rewards-engine phase covers points, USD conversion, wallet transactions, balance maturity, and reward history.”","Phase 0 documentation/roadmap deliverable (identifier pending ODR-001)","Versioned artifact plus reviewer sign-off and citation trace.","Pending independent review","Not started"
"REQ-093.15","REQ-093","Part 10","Development Roadmap and Controlled Phases","L4989–L4999","PHASE 4 — SURVEY SYSTEM / Build: / Survey marketplace / Provider integration framework / Survey tracking / Reward synchronization","b01797e99e8e892dcc908fb2952b0e1b8036b6162e934850063b722fb26ea652","Survey-system phase covers survey marketplace, provider integration, survey tracking, and reward synchronization.","MUST","Documentation","Pre-implementation deliverable","CD","Shared governance","None stated by the Constitution","The named artifact exists, addresses this statement, and is traceable to the cited lines: “Survey-system phase covers survey marketplace, provider integration, survey tracking, and reward synchronization.”","Phase 0 documentation/roadmap deliverable (identifier pending ODR-001)","Versioned artifact plus reviewer sign-off and citation trace.","Pending independent review","Not started"
"REQ-093.16","REQ-093","Part 10","Development Roadmap and Controlled Phases","L5003–L5013","PHASE 5 — WITHDRAWAL SYSTEM / Build: / Withdrawal requests / Payment methods / Processing workflow / History tracking","2e681e6b9673426175dfae1a97bdb7727eed30666d2e1c34180d5f1290487cea","Withdrawal phase covers requests, payment methods, processing workflow, and history tracking.","MUST","Documentation","Pre-implementation deliverable","CD","Shared governance","None stated by the Constitution","The named artifact exists, addresses this statement, and is traceable to the cited lines: “Withdrawal phase covers requests, payment methods, processing workflow, and history tracking.”","Phase 0 documentation/roadmap deliverable (identifier pending ODR-001)","Versioned artifact plus reviewer sign-off and citation trace.","Pending independent review","Not started"
"REQ-093.17","REQ-093","Part 10","Development Roadmap and Controlled Phases","L5017–L5033","PHASE 6 — ADMIN ERP / Build: / Super Admin Panel / User management / Limit templates / Permissions / Settings / Analytics / Audit logs","382a5230d980869dc2123a8a18f7cae9c75f3d1fab705583c7653770a33dfe94","Admin ERP phase covers Super Admin, user management, limit templates, permissions, settings, analytics, and audit logs.","MUST","Documentation","Pre-implementation deliverable","CD","Shared governance","None stated by the Constitution","The named artifact exists, addresses this statement, and is traceable to the cited lines: “Admin ERP phase covers Super Admin, user management, limit templates, permissions, settings, analytics, and audit logs.”","Phase 0 documentation/roadmap deliverable (identifier pending ODR-001)","Versioned artifact plus reviewer sign-off and citation trace.","Pending independent review","Not started"
"REQ-093.18","REQ-093","Part 10","Development Roadmap and Controlled Phases","L5037–L5049","PHASE 7 — GROWTH SYSTEM / Build: / Blog / SEO features / Content management / Marketing integrations / Analytics","92db6c89966412369d0f4021d45bf23f4c802321b717c6688417ec04c1af5b33","Growth phase covers blog, SEO, content management, marketing integrations, and analytics.","MUST","Documentation","Pre-implementation deliverable","CD","Shared governance","None stated by the Constitution","The named artifact exists, addresses this statement, and is traceable to the cited lines: “Growth phase covers blog, SEO, content management, marketing integrations, and analytics.”","Phase 0 documentation/roadmap deliverable (identifier pending ODR-001)","Versioned artifact plus reviewer sign-off and citation trace.","Pending independent review","Not started"
"REQ-093.19","REQ-093","Part 10","Development Roadmap and Controlled Phases","L5053–L5063","PHASE 8 — OPTIMIZATION / Improve: / Performance / Security / User experience / Scalability","4640b68f8c34b81612b8539eb7e6e14d6cf0c5a60e729f9d6cde59ce535d7b2a","Optimization phase improves performance, security, user experience, and scalability.","MUST","Documentation","Pre-implementation deliverable","CD","Shared governance","None stated by the Constitution","The named artifact exists, addresses this statement, and is traceable to the cited lines: “Optimization phase improves performance, security, user experience, and scalability.”","Phase 0 documentation/roadmap deliverable (identifier pending ODR-001)","Versioned artifact plus reviewer sign-off and citation trace.","Pending independent review","Not started"
"REQ-094.01","REQ-094","Part 10","Code Quality, Configuration, and Testing","L5067–L5071","CODE QUALITY REQUIREMENTS / Every implementation must follow: / Clean code principles","a2ab7ce86eda8690b82858a2ee7e6398aefeed4252365a39754c4c12e182c1bd","Every implementation follows clean-code principles.","MUST","Governance","V1","CD","Shared engineering","None stated by the Constitution","Workflow and audit evidence confirm this statement: “Every implementation follows clean-code principles.”","Phase 0 documentation/roadmap deliverable (identifier pending ODR-001)","Approval/audit record showing the required gate or workflow was followed.","Pending independent review","Not started"
"REQ-094.02","REQ-094","Part 10","Code Quality, Configuration, and Testing","L5069; L5073","Every implementation must follow: || Clear naming conventions","9836388d0c30812d37f4ea96c1e837cb3e751335f6a9c9e4cd4af9143d968cfd","Every implementation uses clear naming conventions.","MUST","Governance","V1","CD","Shared engineering","None stated by the Constitution","Workflow and audit evidence confirm this statement: “Every implementation uses clear naming conventions.”","Phase 0 documentation/roadmap deliverable (identifier pending ODR-001)","Approval/audit record showing the required gate or workflow was followed.","Pending independent review","Not started"
"REQ-094.03","REQ-094","Part 10","Code Quality, Configuration, and Testing","L5069; L5075","Every implementation must follow: || Modular architecture","2df0ef3cb374df5aa6d6018af62a0962213d6fda436b8361e43ab2f9a2949c82","Every implementation uses modular architecture.","MUST","Governance","V1","CD","Shared engineering","None stated by the Constitution","Workflow and audit evidence confirm this statement: “Every implementation uses modular architecture.”","Phase 0 documentation/roadmap deliverable (identifier pending ODR-001)","Approval/audit record showing the required gate or workflow was followed.","Pending independent review","Not started"
"REQ-094.04","REQ-094","Part 10","Code Quality, Configuration, and Testing","L5069; L5077","Every implementation must follow: || Proper error handling","ce9abf64ad5fdd6facfe0ec7f5ffbcfa63f2d0d402797cca2b034357bca44f6b","Every implementation provides proper error handling.","MUST","Governance","V1","CD","Shared engineering","None stated by the Constitution","Workflow and audit evidence confirm this statement: “Every implementation provides proper error handling.”","Phase 0 documentation/roadmap deliverable (identifier pending ODR-001)","Approval/audit record showing the required gate or workflow was followed.","Pending independent review","Not started"
"REQ-094.05","REQ-094","Part 10","Code Quality, Configuration, and Testing","L5069; L5079","Every implementation must follow: || Security best practices","32500c630749937cc5119dcae1ef06bd3e3552473c5258179edb5b39fd98dd64","Every implementation follows security best practices.","MUST","Security","V1","CD","Shared engineering","None stated by the Constitution","Security review and negative-path tests confirm this statement: “Every implementation follows security best practices.”","Security, Fraud & Compliance deliverable (identifier pending ODR-001)","Threat-control mapping plus passing security/negative-path test evidence.","Pending independent review","Not started"
"REQ-094.06","REQ-094","Part 10","Code Quality, Configuration, and Testing","L5069; L5081","Every implementation must follow: || Documentation standards","5321065efd1ac4f491741c947d0ddbd557aa2c0ea8c06e37ac69795ffc374670","Every implementation follows documentation standards.","MUST","Governance","V1","CD","Shared engineering","None stated by the Constitution","Workflow and audit evidence confirm this statement: “Every implementation follows documentation standards.”","Phase 0 documentation/roadmap deliverable (identifier pending ODR-001)","Approval/audit record showing the required gate or workflow was followed.","Pending independent review","Not started"
"REQ-094.07","REQ-094","Part 10","Code Quality, Configuration, and Testing","L5083–L5085","Avoid: / Quick hacks","600b54b0a6d32d72340c526330093c8876671e6f51d49835c9ad78fbcdfe40d6","Implementations avoid quick hacks.","MUST","Governance","V1","CD","Shared engineering","None stated by the Constitution","Workflow and audit evidence confirm this statement: “Implementations avoid quick hacks.”","Phase 0 documentation/roadmap deliverable (identifier pending ODR-001)","Approval/audit record showing the required gate or workflow was followed.","Pending independent review","Not started"
"REQ-094.08","REQ-094","Part 10","Code Quality, Configuration, and Testing","L5083; L5087","Avoid: || Hardcoded business rules","c6e7babcd38d2270492e5233c39165e6b469adf18669c03985692ec51004286c","Implementations avoid hardcoded business rules.","MUST","Governance","V1","CD","Shared engineering","None stated by the Constitution","Workflow and audit evidence confirm this statement: “Implementations avoid hardcoded business rules.”","Phase 0 documentation/roadmap deliverable (identifier pending ODR-001)","Approval/audit record showing the required gate or workflow was followed.","Pending independent review","Not started"
"REQ-094.09","REQ-094","Part 10","Code Quality, Configuration, and Testing","L5083; L5089","Avoid: || Duplicate logic","2c5ccf4e07ad311c097894ae08c4bccc4bc6ac34678740c6e0a3d02268c86a64","Implementations avoid duplicate logic.","MUST","Governance","V1","CD","Shared engineering","None stated by the Constitution","Workflow and audit evidence confirm this statement: “Implementations avoid duplicate logic.”","Phase 0 documentation/roadmap deliverable (identifier pending ODR-001)","Approval/audit record showing the required gate or workflow was followed.","Pending independent review","Not started"
"REQ-094.10","REQ-094","Part 10","Code Quality, Configuration, and Testing","L5083; L5091","Avoid: || Unnecessary complexity","939706a44a7766b9b5f012a365d0a90ad3f3e3036f92dfa16a43c446b142fbe4","Implementations avoid unnecessary complexity.","MUST","Governance","V1","CD","Shared engineering","None stated by the Constitution","Workflow and audit evidence confirm this statement: “Implementations avoid unnecessary complexity.”","Phase 0 documentation/roadmap deliverable (identifier pending ODR-001)","Approval/audit record showing the required gate or workflow was followed.","Pending independent review","Not started"
"REQ-094.11","REQ-094","Part 10","Code Quality, Configuration, and Testing","L5095–L5097","BUSINESS RULE CONFIGURATION / Important business values must be configurable.","51674e46028a4cdbee39e3049d9737b1044b9943464befb7164a481247fe22d9","Important business values are configurable.","MUST","Business Rule","V1","CBR","Shared engineering","None stated by the Constitution","An acceptance test confirms this statement: “Important business values are configurable.”","Business/Product/Technical Blueprint (identifier pending ODR-001)","Passing business-rule test using controlled fixtures and expected outcomes.","Pending independent review","Not started"
"REQ-094.12","REQ-094","Part 10","Code Quality, Configuration, and Testing","L5113","Do not hardcode values that may change.","9c952590ef566ba55f43b3c19f1f41b3dabf74969985bd60a29b3fb6320ab503","Values likely to change are not hardcoded.","MUST","Business Rule","V1","CBR","Shared engineering","None stated by the Constitution","An acceptance test confirms this statement: “Values likely to change are not hardcoded.”","Business/Product/Technical Blueprint (identifier pending ODR-001)","Passing business-rule test using controlled fixtures and expected outcomes.","Pending independent review","Not started"
"REQ-094.13","REQ-094","Part 10","Code Quality, Configuration, and Testing","L5117–L5123","TESTING REQUIREMENTS / Every major feature requires: / Functional Testing / Does it work?","3151bcb643e40c20c36b2131b1ae1cc92c08c065575bd75d1e150b68adc4de14","Every major feature has functional testing.","MUST","Governance","V1","CD","Shared engineering","None stated by the Constitution","Workflow and audit evidence confirm this statement: “Every major feature has functional testing.”","Phase 0 documentation/roadmap deliverable (identifier pending ODR-001)","Approval/audit record showing the required gate or workflow was followed.","Pending independent review","Not started"
"REQ-094.14","REQ-094","Part 10","Code Quality, Configuration, and Testing","L5119; L5125–L5127","Every major feature requires: || Security Testing / Is it safe?","d471a2c06e83b06bf2d6bae8c22b12a86d7b0ac1b87f67c9a1f8c5dda7c7af46","Every major feature has security testing.","MUST","Security","V1","CD","Shared engineering","None stated by the Constitution","Security review and negative-path tests confirm this statement: “Every major feature has security testing.”","Security, Fraud & Compliance deliverable (identifier pending ODR-001)","Threat-control mapping plus passing security/negative-path test evidence.","Pending independent review","Not started"
"REQ-094.15","REQ-094","Part 10","Code Quality, Configuration, and Testing","L5119; L5129–L5131","Every major feature requires: || Performance Testing / Does it scale?","b236bffb6b14a69f37e812b1c0e88c102c311cc46376ab8a048624ca11d5dcad","Every major feature has performance testing.","MUST","Governance","V1","CD","Shared engineering","None stated by the Constitution","Workflow and audit evidence confirm this statement: “Every major feature has performance testing.”","Phase 0 documentation/roadmap deliverable (identifier pending ODR-001)","Approval/audit record showing the required gate or workflow was followed.","Pending independent review","Not started"
"REQ-094.16","REQ-094","Part 10","Code Quality, Configuration, and Testing","L5119; L5133–L5135","Every major feature requires: || User Experience Testing / Is it easy?","36256c35b63dd2f71394f2a85448cbb3cc3623e11b352565c9a1a878dcde0450","Every major feature has user-experience testing.","MUST","Governance","V1","CD","Frontend handoff","None stated by the Constitution","Workflow and audit evidence confirm this statement: “Every major feature has user-experience testing.”","Frontend Product/Design Blueprint (frontend-owned; identifier pending ODR-001)","Approval/audit record showing the required gate or workflow was followed.","Pending independent review","Not started"
"REQ-094.17","REQ-094","Part 10","Code Quality, Configuration, and Testing","L5119; L5137–L5139","Every major feature requires: || Regression Testing / Did new changes break existing features?","82b9486526b1793c44e0cc2d7d399625885a60f6c89658453553a39ffaa21cc9","Every major feature has regression testing.","MUST","Governance","V1","CD","Shared engineering","None stated by the Constitution","Workflow and audit evidence confirm this statement: “Every major feature has regression testing.”","Phase 0 documentation/roadmap deliverable (identifier pending ODR-001)","Approval/audit record showing the required gate or workflow was followed.","Pending independent review","Not started"
"REQ-095.01","REQ-095","Part 10","Documentation Requirements","L5143–L5145","DOCUMENTATION REQUIREMENTS / Maintain complete documentation.","590c1796ba7b01202c8ae2246021fa97709d75ca6962354aa3377ce335ee61a0","Project documentation is complete and maintained.","MUST","Documentation","Pre-implementation deliverable","CD","Shared governance","None stated by the Constitution","The named artifact exists, addresses this statement, and is traceable to the cited lines: “Project documentation is complete and maintained.”","Phase 0 documentation/roadmap deliverable (identifier pending ODR-001)","Versioned artifact plus reviewer sign-off and citation trace.","Pending independent review","Not started"
"REQ-095.02","REQ-095","Part 10","Documentation Requirements","L5149; L5151","Business Documents || Business Blueprint","b67172edbf57a9e2b8a207a74dc6dd17fbcfbebe62a8deb6447e1c6c542f2d88","Required business documentation includes the Business Blueprint.","MUST","Documentation","Pre-implementation deliverable","CD","Shared governance","None stated by the Constitution","The named artifact exists, addresses this statement, and is traceable to the cited lines: “Required business documentation includes the Business Blueprint.”","Phase 0 documentation/roadmap deliverable (identifier pending ODR-001)","Versioned artifact plus reviewer sign-off and citation trace.","Pending independent review","Not started"
"REQ-095.03","REQ-095","Part 10","Documentation Requirements","L5149; L5153","Business Documents || Strategy Documents","e0e39881bd8a608a5cfb35b4d24a5a935ebe2e47d8c7deb8edd7dcda49a2d7e7","Required business documentation includes Strategy Documents.","MUST","Documentation","Pre-implementation deliverable","CD","Shared governance","None stated by the Constitution","The named artifact exists, addresses this statement, and is traceable to the cited lines: “Required business documentation includes Strategy Documents.”","Phase 0 documentation/roadmap deliverable (identifier pending ODR-001)","Versioned artifact plus reviewer sign-off and citation trace.","Pending independent review","Not started"
"REQ-095.04","REQ-095","Part 10","Documentation Requirements","L5149; L5155","Business Documents || Growth Plan","46635b5391df5234a5d672855db62af656552cad3455798e60f11e52fdabcda1","Required business documentation includes the Growth Plan.","MUST","Documentation","Pre-implementation deliverable","CD","Shared governance","None stated by the Constitution","The named artifact exists, addresses this statement, and is traceable to the cited lines: “Required business documentation includes the Growth Plan.”","Phase 0 documentation/roadmap deliverable (identifier pending ODR-001)","Versioned artifact plus reviewer sign-off and citation trace.","Pending independent review","Not started"
"REQ-095.05","REQ-095","Part 10","Documentation Requirements","L5157; L5159","Technical Documents || Architecture Documentation","86528fa3e05b0576ca4c9c1835f0221eecc9a6f0ad3819d0925d26c07715335b","Required technical documentation includes Architecture Documentation.","MUST","Documentation","Pre-implementation deliverable","CD","Shared governance","None stated by the Constitution","The named artifact exists, addresses this statement, and is traceable to the cited lines: “Required technical documentation includes Architecture Documentation.”","Phase 0 documentation/roadmap deliverable (identifier pending ODR-001)","Versioned artifact plus reviewer sign-off and citation trace.","Pending independent review","Not started"
"REQ-095.06","REQ-095","Part 10","Documentation Requirements","L5157; L5161","Technical Documents || Database Documentation","e9737fed95b0a272a3515f119f1bb1aa3bf6de3875ba14526c2ac04f2aa835e8","Required technical documentation includes Database Documentation.","MUST","Documentation","Pre-implementation deliverable","CD","Shared governance","None stated by the Constitution","The named artifact exists, addresses this statement, and is traceable to the cited lines: “Required technical documentation includes Database Documentation.”","Phase 0 documentation/roadmap deliverable (identifier pending ODR-001)","Versioned artifact plus reviewer sign-off and citation trace.","Pending independent review","Not started"
"REQ-095.07","REQ-095","Part 10","Documentation Requirements","L5157; L5163","Technical Documents || API Documentation","a416404e418f65da0dbeb9dda95a22408f5310069d83535cd479afb60eaeebd4","Required technical documentation includes API Documentation.","MUST","Documentation","Pre-implementation deliverable","CD","Shared governance","None stated by the Constitution","The named artifact exists, addresses this statement, and is traceable to the cited lines: “Required technical documentation includes API Documentation.”","Phase 0 documentation/roadmap deliverable (identifier pending ODR-001)","Versioned artifact plus reviewer sign-off and citation trace.","Pending independent review","Not started"
"REQ-095.08","REQ-095","Part 10","Documentation Requirements","L5157; L5165","Technical Documents || Security Documentation","d6c8327391c8246c3296802b89830190bcf5d38e27eae101ca5d026608212fc9","Required technical documentation includes Security Documentation.","MUST","Documentation","Pre-implementation deliverable","CD","Shared governance","None stated by the Constitution","The named artifact exists, addresses this statement, and is traceable to the cited lines: “Required technical documentation includes Security Documentation.”","Phase 0 documentation/roadmap deliverable (identifier pending ODR-001)","Versioned artifact plus reviewer sign-off and citation trace.","Pending independent review","Not started"
"REQ-095.09","REQ-095","Part 10","Documentation Requirements","L5167; L5169","Operational Documents || Admin Manual","48a08be0889dfafca706c203df937f4fe9ac7160d61b60373f3492e408b4d6fd","Required operational documentation includes the Admin Manual.","MUST","Documentation","Pre-implementation deliverable","CD","Shared governance","None stated by the Constitution","The named artifact exists, addresses this statement, and is traceable to the cited lines: “Required operational documentation includes the Admin Manual.”","Phase 0 documentation/roadmap deliverable (identifier pending ODR-001)","Versioned artifact plus reviewer sign-off and citation trace.","Pending independent review","Not started"
"REQ-095.10","REQ-095","Part 10","Documentation Requirements","L5167; L5171","Operational Documents || User Manual","b584e25ba22316076034c4bcf922790ecc66b57b587ed0b1f2e29bec2e1b3364","Required operational documentation includes the User Manual.","MUST","Documentation","Pre-implementation deliverable","CD","Shared governance","None stated by the Constitution","The named artifact exists, addresses this statement, and is traceable to the cited lines: “Required operational documentation includes the User Manual.”","Phase 0 documentation/roadmap deliverable (identifier pending ODR-001)","Versioned artifact plus reviewer sign-off and citation trace.","Pending independent review","Not started"
"REQ-095.11","REQ-095","Part 10","Documentation Requirements","L5167; L5173","Operational Documents || Support Guide","5893328a3a30e278e6f4792d9041bfc8ff6d8f104345c86468373ed87cf0af08","Required operational documentation includes the Support Guide.","MUST","Documentation","Pre-implementation deliverable","CD","Shared governance","None stated by the Constitution","The named artifact exists, addresses this statement, and is traceable to the cited lines: “Required operational documentation includes the Support Guide.”","Phase 0 documentation/roadmap deliverable (identifier pending ODR-001)","Versioned artifact plus reviewer sign-off and citation trace.","Pending independent review","Not started"
"REQ-095.12","REQ-095","Part 10","Documentation Requirements","L5167; L5175","Operational Documents || Deployment Guide","2ad0bc0108d0dccc836f484ee0fe21f7bec6c3e249c7d6a811580d4c72a1eda9","Required operational documentation includes the Deployment Guide.","MUST","Documentation","Pre-implementation deliverable","CD","Shared governance","None stated by the Constitution","The named artifact exists, addresses this statement, and is traceable to the cited lines: “Required operational documentation includes the Deployment Guide.”","Phase 0 documentation/roadmap deliverable (identifier pending ODR-001)","Versioned artifact plus reviewer sign-off and citation trace.","Pending independent review","Not started"
"REQ-095.13","REQ-095","Part 10","Documentation Requirements","L5177; L5179","Developer Documents || README","00ccd85c3a91419036449d9ea0dc9ce1081f5004cf39bb9e568c02da4b9cd604","Required developer documentation includes the README.","MUST","Documentation","Pre-implementation deliverable","CD","Shared governance","None stated by the Constitution","The named artifact exists, addresses this statement, and is traceable to the cited lines: “Required developer documentation includes the README.”","Phase 0 documentation/roadmap deliverable (identifier pending ODR-001)","Versioned artifact plus reviewer sign-off and citation trace.","Pending independent review","Not started"
"REQ-095.14","REQ-095","Part 10","Documentation Requirements","L5177; L5181","Developer Documents || Installation Guide","17114c3d3281d1638ebbd25d48156df429f46cef77049b243d661a7a40d335a2","Required developer documentation includes the Installation Guide.","MUST","Documentation","Pre-implementation deliverable","CD","Shared governance","None stated by the Constitution","The named artifact exists, addresses this statement, and is traceable to the cited lines: “Required developer documentation includes the Installation Guide.”","Phase 0 documentation/roadmap deliverable (identifier pending ODR-001)","Versioned artifact plus reviewer sign-off and citation trace.","Pending independent review","Not started"
"REQ-095.15","REQ-095","Part 10","Documentation Requirements","L5177; L5183","Developer Documents || Contribution Guide","b9e2335bc1ff69b631225a6c07bc3d3b8576d14e79c47ab2f00e01da0032d77d","Required developer documentation includes the Contribution Guide.","MUST","Documentation","Pre-implementation deliverable","CD","Shared governance","None stated by the Constitution","The named artifact exists, addresses this statement, and is traceable to the cited lines: “Required developer documentation includes the Contribution Guide.”","Phase 0 documentation/roadmap deliverable (identifier pending ODR-001)","Versioned artifact plus reviewer sign-off and citation trace.","Pending independent review","Not started"
"REQ-095.16","REQ-095","Part 10","Documentation Requirements","L5177; L5185","Developer Documents || Code Standards","1a2917f27b92d5ed8298a0aae49c6b5c12fa973251246ab1ca47903aee6aa427","Required developer documentation includes Code Standards.","MUST","Documentation","Pre-implementation deliverable","CD","Shared governance","None stated by the Constitution","The named artifact exists, addresses this statement, and is traceable to the cited lines: “Required developer documentation includes Code Standards.”","Phase 0 documentation/roadmap deliverable (identifier pending ODR-001)","Versioned artifact plus reviewer sign-off and citation trace.","Pending independent review","Not started"
"REQ-096.01","REQ-096","Part 10","Super Admin and Security Principles","L5189–L5191","SUPER ADMIN PRINCIPLE / The Super Admin Panel must become the control center of EarnPearls.","5129ba8b28861554fe0ff35bfcacbf9bae99e8195ca1c3d9ad75d7d47964fe66","The Super Admin Panel is the control center of EarnPearls.","MUST","Functional","V1","CBR","Backend/Admin ERP","None stated by the Constitution","An acceptance test confirms this statement: “The Super Admin Panel is the control center of EarnPearls.”","Business/Product/Technical Blueprint (identifier pending ODR-001)","Passing functional test and relevant audit/event record where applicable.","Pending independent review","Not started"
"REQ-096.02","REQ-096","Part 10","Super Admin and Security Principles","L5193","Whenever possible, business operations should be manageable without code changes.","97a771e93bbc4641aa532cfcc5b247d31e566db3f7c28256b43dc5f78e4cecf8","Business operations are manageable without code changes whenever possible.","SHOULD","Functional","V1","CBR","Backend/Admin ERP","None stated by the Constitution","An acceptance test confirms this statement: “Business operations are manageable without code changes whenever possible.”","Business/Product/Technical Blueprint (identifier pending ODR-001)","Passing functional test and relevant audit/event record where applicable.","Pending independent review","Not started"
"REQ-096.03","REQ-096","Part 10","Super Admin and Security Principles","L5195; L5197","The Super Admin should control: || Users","901ef640771c4231db5d8227e535c8945b8d486906d4e3c4d07092eaa1ce5a03","Super Admin controls users.","SHOULD","Functional","V1","CBR","Backend/Admin ERP","None stated by the Constitution","An acceptance test confirms this statement: “Super Admin controls users.”","Business/Product/Technical Blueprint (identifier pending ODR-001)","Passing functional test and relevant audit/event record where applicable.","Pending independent review","Not started"
"REQ-096.04","REQ-096","Part 10","Super Admin and Security Principles","L5195; L5199","The Super Admin should control: || Permissions","b93c7c51b0b948c11ca0bbe66746ed1dc1e5f05d3cbf78e8cc77be09c7adc690","Super Admin controls permissions.","SHOULD","Functional","V1","CBR","Backend/Admin ERP","None stated by the Constitution","An acceptance test confirms this statement: “Super Admin controls permissions.”","Business/Product/Technical Blueprint (identifier pending ODR-001)","Passing functional test and relevant audit/event record where applicable.","Pending independent review","Not started"
"REQ-096.05","REQ-096","Part 10","Super Admin and Security Principles","L5195; L5201","The Super Admin should control: || Restrictions","36670b244e2d016af1439ec05c1ddebb798eb571a7a018ad90a36a7fc700974c","Super Admin controls restrictions.","SHOULD","Functional","V1","CBR","Backend/Admin ERP","None stated by the Constitution","An acceptance test confirms this statement: “Super Admin controls restrictions.”","Business/Product/Technical Blueprint (identifier pending ODR-001)","Passing functional test and relevant audit/event record where applicable.","Pending independent review","Not started"
"REQ-096.06","REQ-096","Part 10","Super Admin and Security Principles","L5195; L5203","The Super Admin should control: || Settings","6419148e9e453d3488a79c144934fe3a120bdf7d8431b26af421ed87d5a597c6","Super Admin controls settings.","SHOULD","Functional","V1","CBR","Backend/Admin ERP","None stated by the Constitution","An acceptance test confirms this statement: “Super Admin controls settings.”","Business/Product/Technical Blueprint (identifier pending ODR-001)","Passing functional test and relevant audit/event record where applicable.","Pending independent review","Not started"
"REQ-096.07","REQ-096","Part 10","Super Admin and Security Principles","L5195; L5205","The Super Admin should control: || Content","a4cb04c2a9cb9653f386bef43436693066221d0039bab85d431dae0c99a7b221","Super Admin controls content.","SHOULD","Functional","V1","CBR","Backend/Admin ERP","None stated by the Constitution","An acceptance test confirms this statement: “Super Admin controls content.”","Business/Product/Technical Blueprint (identifier pending ODR-001)","Passing functional test and relevant audit/event record where applicable.","Pending independent review","Not started"
"REQ-096.08","REQ-096","Part 10","Super Admin and Security Principles","L5195; L5207","The Super Admin should control: || Rewards","320001148a9486c7fd42ee0a2933794383ebccf5c2c5748e8acf1eee109ce951","Super Admin controls rewards.","SHOULD","Functional","V1","CBR","Backend/Admin ERP","None stated by the Constitution","An acceptance test confirms this statement: “Super Admin controls rewards.”","Business/Product/Technical Blueprint (identifier pending ODR-001)","Passing functional test and relevant audit/event record where applicable.","Pending independent review","Not started"
"REQ-096.09","REQ-096","Part 10","Super Admin and Security Principles","L5195; L5209","The Super Admin should control: || Withdrawals","800ceed50528fd17135b2c42b5fdf515020f3b968d4af1844b5da13732945bfc","Super Admin controls withdrawals.","SHOULD","Functional","V1","CBR","Backend/Admin ERP","None stated by the Constitution","An acceptance test confirms this statement: “Super Admin controls withdrawals.”","Business/Product/Technical Blueprint (identifier pending ODR-001)","Passing functional test and relevant audit/event record where applicable.","Pending independent review","Not started"
"REQ-096.10","REQ-096","Part 10","Super Admin and Security Principles","L5195; L5211","The Super Admin should control: || Reports","05d06068ae1e43f719c74ec2b9562706b19532de01a16be62af91e334207c43b","Super Admin controls reports.","SHOULD","Functional","V1","CBR","Backend/Admin ERP","None stated by the Constitution","An acceptance test confirms this statement: “Super Admin controls reports.”","Business/Product/Technical Blueprint (identifier pending ODR-001)","Passing functional test and relevant audit/event record where applicable.","Pending independent review","Not started"
"REQ-096.11","REQ-096","Part 10","Super Admin and Security Principles","L5195; L5213","The Super Admin should control: || Analytics","18d3be84814a76eecef4448798ff9f665f01f23d32e33142ef32f895e85d008c","Super Admin controls analytics.","SHOULD","Functional","V1","CBR","Backend/Admin ERP","None stated by the Constitution","An acceptance test confirms this statement: “Super Admin controls analytics.”","Business/Product/Technical Blueprint (identifier pending ODR-001)","Passing functional test and relevant audit/event record where applicable.","Pending independent review","Not started"
"REQ-096.12","REQ-096","Part 10","Super Admin and Security Principles","L5215–L5217","All sensitive actions must have: / Authorization checks","bee93be34ce68a6cb0f9293954ecec33631f4fd979dfd9592d30705fc1975142","Every sensitive action has authorization checks.","MUST","Security","V1","CD","Backend/Admin ERP","None stated by the Constitution","Security review and negative-path tests confirm this statement: “Every sensitive action has authorization checks.”","Security, Fraud & Compliance deliverable (identifier pending ODR-001)","Threat-control mapping plus passing security/negative-path test evidence.","Pending independent review","Not started"
"REQ-096.13","REQ-096","Part 10","Super Admin and Security Principles","L5215; L5219","All sensitive actions must have: || Audit logging","b5c164c67efe803e2ac3abf6b9972e1424bc442fcf56bdb56bc3ab2810926184","Every sensitive action has audit logging.","MUST","Governance","V1","CD","Backend/Admin ERP","None stated by the Constitution","Workflow and audit evidence confirm this statement: “Every sensitive action has audit logging.”","Phase 0 documentation/roadmap deliverable (identifier pending ODR-001)","Approval/audit record showing the required gate or workflow was followed.","Pending independent review","Not started"
"REQ-096.14","REQ-096","Part 10","Super Admin and Security Principles","L5215; L5221","All sensitive actions must have: || Security protection","f27cce58ac38e43a2cfc734037748f7f034565d9d0cf6d36909018538b124938","Every sensitive action has security protection.","MUST","Security","V1","CD","Backend/Admin ERP","None stated by the Constitution","Security review and negative-path tests confirm this statement: “Every sensitive action has security protection.”","Security, Fraud & Compliance deliverable (identifier pending ODR-001)","Threat-control mapping plus passing security/negative-path test evidence.","Pending independent review","Not started"
"REQ-096.15","REQ-096","Part 10","Super Admin and Security Principles","L5225–L5229","SECURITY PRINCIPLE / Security is not an optional feature. / It must exist from the beginning.","dd023e9c264702dc542634fd8dd429d67b2686d5c6676e5175fb78dec12e7da4","Security exists from the beginning rather than being optional.","MUST","Security","V1","CD","Backend/Admin ERP","None stated by the Constitution","Security review and negative-path tests confirm this statement: “Security exists from the beginning rather than being optional.”","Security, Fraud & Compliance deliverable (identifier pending ODR-001)","Threat-control mapping plus passing security/negative-path test evidence.","Pending independent review","Not started"
"REQ-096.16","REQ-096","Part 10","Super Admin and Security Principles","L5231; L5233","Always consider: || User privacy","3a0c8525cec3ec4a4b6b52cc3c9c2f95ca992fbfd5f769366ced0c5ebb45ea83","Security design addresses user privacy.","MUST","Security","V1","CD","Backend/Admin ERP","EFE-003","Security review and negative-path tests confirm this statement: “Security design addresses user privacy.”","Security, Fraud & Compliance deliverable (identifier pending ODR-001)","Threat-control mapping plus passing security/negative-path test evidence.","Pending independent review","Not started"
"REQ-096.17","REQ-096","Part 10","Super Admin and Security Principles","L5231; L5235","Always consider: || Financial data protection","a5b53dcc6821807de7af203684bd15da05c752d7b4909888279294d846d6db73","Security design addresses financial-data protection.","MUST","Security","V1","CD","Backend/Admin ERP","EFE-003","Security review and negative-path tests confirm this statement: “Security design addresses financial-data protection.”","Security, Fraud & Compliance deliverable (identifier pending ODR-001)","Threat-control mapping plus passing security/negative-path test evidence.","Pending independent review","Not started"
"REQ-096.18","REQ-096","Part 10","Super Admin and Security Principles","L5231; L5237","Always consider: || Account security","bfbf3cf64b29d0af729bde8a300358ac0b5361efaf82865fd31fc1c38963f489","Security design addresses account security.","MUST","Security","V1","CD","Backend/Admin ERP","EFE-003","Security review and negative-path tests confirm this statement: “Security design addresses account security.”","Security, Fraud & Compliance deliverable (identifier pending ODR-001)","Threat-control mapping plus passing security/negative-path test evidence.","Pending independent review","Not started"
"REQ-096.19","REQ-096","Part 10","Super Admin and Security Principles","L5231; L5239","Always consider: || Fraud prevention","ac33cb2c9890437f0de7fd8fb35b7761eed5a71c8411d99b17c607b5904b642e","Security design addresses fraud prevention.","MUST","Security","V1","CD","Backend/Admin ERP","EFE-003","Security review and negative-path tests confirm this statement: “Security design addresses fraud prevention.”","Security, Fraud & Compliance deliverable (identifier pending ODR-001)","Threat-control mapping plus passing security/negative-path test evidence.","Pending independent review","Not started"
"REQ-096.20","REQ-096","Part 10","Super Admin and Security Principles","L5231; L5241","Always consider: || Abuse prevention","d7de05aa074a08772d16822eedf170f3f89aecfabf57e627e5d41d7539941457","Security design addresses abuse prevention.","MUST","Security","V1","CD","Backend/Admin ERP","EFE-003","Security review and negative-path tests confirm this statement: “Security design addresses abuse prevention.”","Security, Fraud & Compliance deliverable (identifier pending ODR-001)","Threat-control mapping plus passing security/negative-path test evidence.","Pending independent review","Not started"
"REQ-096.21","REQ-096","Part 10","Super Admin and Security Principles","L5231; L5243","Always consider: || Secure integrations","a9e76ccb5426d542b6849a362397051d77c343b73919c45cf0c9984cfe845990","Security design addresses secure integrations.","MUST","Security","V1","CD","Backend/Admin ERP","EFE-003","Security review and negative-path tests confirm this statement: “Security design addresses secure integrations.”","Security, Fraud & Compliance deliverable (identifier pending ODR-001)","Threat-control mapping plus passing security/negative-path test evidence.","Pending independent review","Not started"
"REQ-097.01","REQ-097","Part 10","Self-Review, Communication, and Final Command","L5247–L5249","AI SELF-REVIEW RULE / Before finalizing any major output, perform a self-review.","81928dbfd9f67c33fe99275367f4f77aac85788d85a640f81ec5b1e7188348d2","Every major output is self-reviewed before finalization.","MUST","Governance","Pre-implementation deliverable","CD","Shared governance","None stated by the Constitution","Workflow and audit evidence confirm this statement: “Every major output is self-reviewed before finalization.”","Phase 0 documentation/roadmap deliverable (identifier pending ODR-001)","Approval/audit record showing the required gate or workflow was followed.","Pending independent review","Not started"
"REQ-097.02","REQ-097","Part 10","Self-Review, Communication, and Final Command","L5251; L5253","Ask: || 1\. Is this scalable?","3c09bec92fc299ec062860003638ea96ad0b8881fd7ac1cb97c9384981862787","Self-review checks scalability.","MUST","Governance","Pre-implementation deliverable","CD","Shared governance","None stated by the Constitution","Workflow and audit evidence confirm this statement: “Self-review checks scalability.”","Phase 0 documentation/roadmap deliverable (identifier pending ODR-001)","Approval/audit record showing the required gate or workflow was followed.","Pending independent review","Not started"
"REQ-097.03","REQ-097","Part 10","Self-Review, Communication, and Final Command","L5251; L5255","Ask: || 2\. Is this secure?","d4a8fe7f06a5881b4fb65e78fbc33c00d4e6491b13416c4de134f316b3656bf5","Self-review checks security.","MUST","Governance","Pre-implementation deliverable","CD","Shared governance","None stated by the Constitution","Workflow and audit evidence confirm this statement: “Self-review checks security.”","Phase 0 documentation/roadmap deliverable (identifier pending ODR-001)","Approval/audit record showing the required gate or workflow was followed.","Pending independent review","Not started"
"REQ-097.04","REQ-097","Part 10","Self-Review, Communication, and Final Command","L5251; L5257","Ask: || 3\. Is this maintainable?","f3c64717e7cb5e1cf43abab333988ecab60ce55528874932e3ca0b0ada526191","Self-review checks maintainability.","MUST","Governance","Pre-implementation deliverable","CD","Shared governance","None stated by the Constitution","Workflow and audit evidence confirm this statement: “Self-review checks maintainability.”","Phase 0 documentation/roadmap deliverable (identifier pending ODR-001)","Approval/audit record showing the required gate or workflow was followed.","Pending independent review","Not started"
"REQ-097.05","REQ-097","Part 10","Self-Review, Communication, and Final Command","L5251; L5259","Ask: || 4\. Is this user-friendly?","f4df429874862566066feff303d8933424b3b8de6b573d3078e60a2d3d819ce5","Self-review checks user-friendliness.","MUST","Governance","Pre-implementation deliverable","CD","Shared governance","None stated by the Constitution","Workflow and audit evidence confirm this statement: “Self-review checks user-friendliness.”","Phase 0 documentation/roadmap deliverable (identifier pending ODR-001)","Approval/audit record showing the required gate or workflow was followed.","Pending independent review","Not started"
"REQ-097.06","REQ-097","Part 10","Self-Review, Communication, and Final Command","L5251; L5261","Ask: || 5\. Is this cost-effective?","2c975a359f7655aebdc7c38d353deda5d2083ac1cb3063c5c6e8f87a297b2721","Self-review checks cost-effectiveness.","MUST","Governance","Pre-implementation deliverable","CD","Shared governance","None stated by the Constitution","Workflow and audit evidence confirm this statement: “Self-review checks cost-effectiveness.”","Phase 0 documentation/roadmap deliverable (identifier pending ODR-001)","Approval/audit record showing the required gate or workflow was followed.","Pending independent review","Not started"
"REQ-097.07","REQ-097","Part 10","Self-Review, Communication, and Final Command","L5251; L5263","Ask: || 6\. Is this future-proof?","a2fede39e126102d1cdc6d8b2451794e64b9aecb3a47d43d73ad021f11bc0d3e","Self-review checks future-readiness.","MUST","Governance","Pre-implementation deliverable","CD","Shared governance","None stated by the Constitution","Workflow and audit evidence confirm this statement: “Self-review checks future-readiness.”","Phase 0 documentation/roadmap deliverable (identifier pending ODR-001)","Approval/audit record showing the required gate or workflow was followed.","Pending independent review","Not started"
"REQ-097.08","REQ-097","Part 10","Self-Review, Communication, and Final Command","L5251; L5265","Ask: || 7\. Is there a better alternative?","66026e7c10620f55e27f37018f1b49eb1187332444223244c2ed1c4337fb32c0","Self-review asks whether a better alternative exists.","MUST","Governance","Pre-implementation deliverable","CD","Shared governance","None stated by the Constitution","Workflow and audit evidence confirm this statement: “Self-review asks whether a better alternative exists.”","Phase 0 documentation/roadmap deliverable (identifier pending ODR-001)","Approval/audit record showing the required gate or workflow was followed.","Pending independent review","Not started"
"REQ-097.09","REQ-097","Part 10","Self-Review, Communication, and Final Command","L5267","If yes, improve it.","404da45f02943b376d3144c0d4ac001004b198928bb2433320fa5ea0edbf8a19","A better alternative identified by self-review is incorporated.","MUST","Governance","Pre-implementation deliverable","CD","Shared governance","None stated by the Constitution","Workflow and audit evidence confirm this statement: “A better alternative identified by self-review is incorporated.”","Phase 0 documentation/roadmap deliverable (identifier pending ODR-001)","Approval/audit record showing the required gate or workflow was followed.","Pending independent review","Not started"
"REQ-097.10","REQ-097","Part 10","Self-Review, Communication, and Final Command","L5273; L5275","When working on EarnPearls: || Be structured","914060b477578c9cf71a171986c2ce91cd50e7c800f362b273f592f969fc3173","EarnPearls work is structured.","MUST","Governance","Pre-implementation deliverable","CD","Shared governance","None stated by the Constitution","Workflow and audit evidence confirm this statement: “EarnPearls work is structured.”","Phase 0 documentation/roadmap deliverable (identifier pending ODR-001)","Approval/audit record showing the required gate or workflow was followed.","Pending independent review","Not started"
"REQ-097.11","REQ-097","Part 10","Self-Review, Communication, and Final Command","L5273; L5277","When working on EarnPearls: || Be professional","02cc7f433b0fc29855db5350e990078e56e1292ddc8b8bb5ddfd541f0a0e7e03","EarnPearls work is professional.","MUST","Governance","Pre-implementation deliverable","CD","Shared governance","None stated by the Constitution","Workflow and audit evidence confirm this statement: “EarnPearls work is professional.”","Phase 0 documentation/roadmap deliverable (identifier pending ODR-001)","Approval/audit record showing the required gate or workflow was followed.","Pending independent review","Not started"
"REQ-097.12","REQ-097","Part 10","Self-Review, Communication, and Final Command","L5273; L5279","When working on EarnPearls: || Explain decisions","7f09f67cb5d8f097bce53b023c5e60e1129c50c1dfb7ff440020169e6e0609cb","EarnPearls work explains decisions.","MUST","Governance","Pre-implementation deliverable","CD","Shared governance","None stated by the Constitution","Workflow and audit evidence confirm this statement: “EarnPearls work explains decisions.”","Phase 0 documentation/roadmap deliverable (identifier pending ODR-001)","Approval/audit record showing the required gate or workflow was followed.","Pending independent review","Not started"
"REQ-097.13","REQ-097","Part 10","Self-Review, Communication, and Final Command","L5273; L5281","When working on EarnPearls: || Identify risks","3986c7b2eb577f3f38cbf29855d5bd39c24993b67c11553dc6a85d01baeade2f","EarnPearls work identifies risks.","MUST","Governance","Pre-implementation deliverable","CD","Shared governance","None stated by the Constitution","Workflow and audit evidence confirm this statement: “EarnPearls work identifies risks.”","Phase 0 documentation/roadmap deliverable (identifier pending ODR-001)","Approval/audit record showing the required gate or workflow was followed.","Pending independent review","Not started"
"REQ-097.14","REQ-097","Part 10","Self-Review, Communication, and Final Command","L5273; L5283","When working on EarnPearls: || Suggest improvements","cd6ca593a7c039c77b01ea01f193ee7d88e412092aae7f6cb55a7ff915ded3af","EarnPearls work suggests improvements.","MUST","Governance","Pre-implementation deliverable","CD","Shared governance","None stated by the Constitution","Workflow and audit evidence confirm this statement: “EarnPearls work suggests improvements.”","Phase 0 documentation/roadmap deliverable (identifier pending ODR-001)","Approval/audit record showing the required gate or workflow was followed.","Pending independent review","Not started"
"REQ-097.15","REQ-097","Part 10","Self-Review, Communication, and Final Command","L5273; L5285","When working on EarnPearls: || Do not blindly follow assumptions","3b4e6a4299e13591ac2561c037d064aad88513a659c10da3c2435038e2c1ece8","EarnPearls work does not blindly follow assumptions.","MUST","Governance","Pre-implementation deliverable","CD","Shared governance","None stated by the Constitution","Workflow and audit evidence confirm this statement: “EarnPearls work does not blindly follow assumptions.”","Phase 0 documentation/roadmap deliverable (identifier pending ODR-001)","Approval/audit record showing the required gate or workflow was followed.","Pending independent review","Not started"
"REQ-097.16","REQ-097","Part 10","Self-Review, Communication, and Final Command","L5287–L5289","When uncertainty exists: / Ask focused questions before making major decisions.","987634d609de6cc5e8b7341e85d3bc8293bdf718c115d9869876249b2257635c","Focused questions are asked before major decisions when uncertainty exists.","MUST","Governance","Pre-implementation deliverable","CD","Shared governance","None stated by the Constitution","Workflow and audit evidence confirm this statement: “Focused questions are asked before major decisions when uncertainty exists.”","Phase 0 documentation/roadmap deliverable (identifier pending ODR-001)","Approval/audit record showing the required gate or workflow was followed.","Pending independent review","Not started"
"REQ-097.17","REQ-097","Part 10","Self-Review, Communication, and Final Command","L5295; L5297","Build EarnPearls into a trusted global rewards ecosystem where users can: || Participate in surveys","ae8ac452bc0da1a69c56b23e66a6e8bc22954f26a6ef6530ce90e8d325a675e0","The platform supports survey participation.","MUST","Functional","V1","CBR","Shared governance","None stated by the Constitution","An acceptance test confirms this statement: “The platform supports survey participation.”","Business/Product/Technical Blueprint (identifier pending ODR-001)","Passing functional test and relevant audit/event record where applicable.","Pending independent review","Not started"
"REQ-097.18","REQ-097","Part 10","Self-Review, Communication, and Final Command","L5295; L5299","Build EarnPearls into a trusted global rewards ecosystem where users can: || Earn rewards","21f01092e38455ac8b17afd90da73d9a0083d4e81ff7b97050b20e8491266996","The platform supports reward earning.","MUST","Functional","V1","CBR","Shared governance","None stated by the Constitution","An acceptance test confirms this statement: “The platform supports reward earning.”","Business/Product/Technical Blueprint (identifier pending ODR-001)","Passing functional test and relevant audit/event record where applicable.","Pending independent review","Not started"
"REQ-097.19","REQ-097","Part 10","Self-Review, Communication, and Final Command","L5295; L5301","Build EarnPearls into a trusted global rewards ecosystem where users can: || Track progress","11110bd72245ae14f6a914cbb6ffff070b72b0c68392140a53438a288b232936","The platform supports progress tracking.","MUST","Functional","V1","CBR","Shared governance","None stated by the Constitution","An acceptance test confirms this statement: “The platform supports progress tracking.”","Business/Product/Technical Blueprint (identifier pending ODR-001)","Passing functional test and relevant audit/event record where applicable.","Pending independent review","Not started"
"REQ-097.20","REQ-097","Part 10","Self-Review, Communication, and Final Command","L5295; L5303","Build EarnPearls into a trusted global rewards ecosystem where users can: || Redeem earnings","faa38b2aaa97f69001f99e721b9703281e0b25f2b58aabe4f7c37584da142a0b","The platform supports earnings redemption.","MUST","Functional","V1","CBR","Shared governance","None stated by the Constitution","An acceptance test confirms this statement: “The platform supports earnings redemption.”","Business/Product/Technical Blueprint (identifier pending ODR-001)","Passing functional test and relevant audit/event record where applicable.","Pending independent review","Not started"
"REQ-097.21","REQ-097","Part 10","Self-Review, Communication, and Final Command","L5295; L5305","Build EarnPearls into a trusted global rewards ecosystem where users can: || Engage with a transparent platform","1a286198c0302a164bf120f0984dd0b72cc4e3343b99d73cb103b8bd73013ba9","The platform supports transparent engagement.","MUST","Functional","V1","CBR","Shared governance","None stated by the Constitution","An acceptance test confirms this statement: “The platform supports transparent engagement.”","Business/Product/Technical Blueprint (identifier pending ODR-001)","Passing functional test and relevant audit/event record where applicable.","Pending independent review","Not started"
"REQ-097.22","REQ-097","Part 10","Self-Review, Communication, and Final Command","L5307","The platform must be built with the quality standards expected from a serious international technology company.","eede31a39d99cbf0d94d08aec22fec64f2a220e84601cbea00f3d5b096e8dab8","The platform meets the quality standards of a serious international technology company.","MUST","Non-functional","V1","CD","Shared governance","None stated by the Constitution","A defined measurement or design review confirms this statement: “The platform meets the quality standards of a serious international technology company.”","Business/Product/Technical Blueprint (identifier pending ODR-001)","Defined metric/standard plus measured result or documented review.","Pending independent review","Not started"
"REQ-097.23","REQ-097","Part 10","Self-Review, Communication, and Final Command","L5311–L5325","FINAL COMMAND TO AI / Begin by creating the complete EarnPearls Business Blueprint. / Do not start coding. / First create the strategic foundation. / Then create the product foundation. / Then create the technical foundation. / Then create the implementation roadmap. / Then begin development step-by-step while maintaining documentation and quality control.","2e6d6ea0097ec3b10bcd3beb9070018221c06027cc28f5f75bdd93a555e8d8ce","Work proceeds from business foundation to product foundation to technical foundation to implementation roadmap before stepwise development.","MUST","Governance","Pre-implementation deliverable","CD","Shared governance","None stated by the Constitution","Workflow and audit evidence confirm this statement: “Work proceeds from business foundation to product foundation to technical foundation to implementation roadmap before stepwise development.”","Phase 0 documentation/roadmap deliverable (identifier pending ODR-001)","Approval/audit record showing the required gate or workflow was followed.","Pending independent review","Not started"
"REQ-097.24","REQ-097","Part 10","Self-Review, Communication, and Final Command","L5327–L5329","The objective is not simply to launch a website. / The objective is to build a scalable, trustworthy, long-term global rewards platform.","80b48f43dac21ad16a7ed35aefbe002ed9bd987ea729d6572d32076298866ae4","The long-term objective is a scalable, trustworthy global rewards platform rather than only a website launch.","MUST","Non-functional","V1","CD","Shared governance","None stated by the Constitution","A defined measurement or design review confirms this statement: “The long-term objective is a scalable, trustworthy global rewards platform rather than only a website launch.”","Business/Product/Technical Blueprint (identifier pending ODR-001)","Defined metric/standard plus measured result or documented review.","Pending independent review","Not started"
