"predecessor_requirement_id","replacement_requirement_id","change_type","exact_constitution_part","exact_constitution_section","verified_exact_line_range","change_summary"
"REQ-001.01","REQ-001.01","Retained and re-anchored","Part 1","AI MASTER INSTRUCTION","L11","Exact heading, taxonomy, Phase 0 mapping, acceptance criterion, and evidence rule corrected."
"REQ-001.01","REQ-001.02","Retained and re-anchored","Part 1","AI MASTER INSTRUCTION","L13","Exact heading, taxonomy, Phase 0 mapping, acceptance criterion, and evidence rule corrected."
"REQ-001.01","REQ-001.03","Retained and re-anchored","Part 1","AI MASTER INSTRUCTION","L15; L23","Exact heading, taxonomy, Phase 0 mapping, acceptance criterion, and evidence rule corrected."
"REQ-001.01","REQ-001.04","Retained and re-anchored","Part 1","AI MASTER INSTRUCTION","L15; L17","Exact heading, taxonomy, Phase 0 mapping, acceptance criterion, and evidence rule corrected."
"REQ-001.01","REQ-001.05","Retained and re-anchored","Part 1","AI MASTER INSTRUCTION","L15; L19","Exact heading, taxonomy, Phase 0 mapping, acceptance criterion, and evidence rule corrected."
"REQ-001.01","REQ-001.06","Retained and re-anchored","Part 1","AI MASTER INSTRUCTION","L15; L37","Exact heading, taxonomy, Phase 0 mapping, acceptance criterion, and evidence rule corrected."
"REQ-001.01","REQ-001.07","Retained and re-anchored","Part 1","AI MASTER INSTRUCTION","L15; L55","Exact heading, taxonomy, Phase 0 mapping, acceptance criterion, and evidence rule corrected."
"REQ-001.01","REQ-001.08","Retained and re-anchored","Part 1","AI MASTER INSTRUCTION","L15; L35","Exact heading, taxonomy, Phase 0 mapping, acceptance criterion, and evidence rule corrected."
"REQ-001.01","REQ-001.09","Retained and re-anchored","Part 1","AI MASTER INSTRUCTION","L15; L39","Exact heading, taxonomy, Phase 0 mapping, acceptance criterion, and evidence rule corrected."
"REQ-001.01","REQ-001.10","Retained and re-anchored","Part 1","AI MASTER INSTRUCTION","L15; L53","Exact heading, taxonomy, Phase 0 mapping, acceptance criterion, and evidence rule corrected."
"REQ-001.01","REQ-001.11","Retained and re-anchored","Part 1","AI MASTER INSTRUCTION","L15; L59","Exact heading, taxonomy, Phase 0 mapping, acceptance criterion, and evidence rule corrected."
"REQ-001.01","REQ-001.12","Retained and re-anchored","Part 1","AI MASTER INSTRUCTION","L15; L45","Exact heading, taxonomy, Phase 0 mapping, acceptance criterion, and evidence rule corrected."
"REQ-001.01","REQ-001.13","Retained and re-anchored","Part 1","AI MASTER INSTRUCTION","L15; L21","Exact heading, taxonomy, Phase 0 mapping, acceptance criterion, and evidence rule corrected."
"REQ-001.01","REQ-001.14","Retained and re-anchored","Part 1","AI MASTER INSTRUCTION","L15; L25","Exact heading, taxonomy, Phase 0 mapping, acceptance criterion, and evidence rule corrected."
"REQ-001.01","REQ-001.15","Retained and re-anchored","Part 1","AI MASTER INSTRUCTION","L15; L43","Exact heading, taxonomy, Phase 0 mapping, acceptance criterion, and evidence rule corrected."
"REQ-001.01","REQ-001.16","Retained and re-anchored","Part 1","AI MASTER INSTRUCTION","L15; L51","Exact heading, taxonomy, Phase 0 mapping, acceptance criterion, and evidence rule corrected."
"REQ-001.01","REQ-001.17","Retained and re-anchored","Part 1","AI MASTER INSTRUCTION","L15; L29","Exact heading, taxonomy, Phase 0 mapping, acceptance criterion, and evidence rule corrected."
"REQ-001.01","REQ-001.18","Retained and re-anchored","Part 1","AI MASTER INSTRUCTION","L15; L41","Exact heading, taxonomy, Phase 0 mapping, acceptance criterion, and evidence rule corrected."
"REQ-001.01","REQ-001.19","Retained and re-anchored","Part 1","AI MASTER INSTRUCTION","L15; L33","Exact heading, taxonomy, Phase 0 mapping, acceptance criterion, and evidence rule corrected."
"REQ-001.01","REQ-001.20","Retained and re-anchored","Part 1","AI MASTER INSTRUCTION","L15; L31","Exact heading, taxonomy, Phase 0 mapping, acceptance criterion, and evidence rule corrected."
"REQ-001.01","REQ-001.21","Retained and re-anchored","Part 1","AI MASTER INSTRUCTION","L15; L27","Exact heading, taxonomy, Phase 0 mapping, acceptance criterion, and evidence rule corrected."
"REQ-001.01","REQ-001.22","Retained and re-anchored","Part 1","AI MASTER INSTRUCTION","L15; L61","Exact heading, taxonomy, Phase 0 mapping, acceptance criterion, and evidence rule corrected."
"REQ-001.01","REQ-001.23","Retained and re-anchored","Part 1","AI MASTER INSTRUCTION","L15; L57","Exact heading, taxonomy, Phase 0 mapping, acceptance criterion, and evidence rule corrected."
"REQ-001.01","REQ-001.24","Retained and re-anchored","Part 1","AI MASTER INSTRUCTION","L15; L47","Exact heading, taxonomy, Phase 0 mapping, acceptance criterion, and evidence rule corrected."
"REQ-001.01","REQ-001.25","Retained and re-anchored","Part 1","AI MASTER INSTRUCTION","L15; L49","Exact heading, taxonomy, Phase 0 mapping, acceptance criterion, and evidence rule corrected."
"REQ-001.02","REQ-001.26","Retained and re-anchored","Part 1","AI MASTER INSTRUCTION","L63–L65","Exact heading, taxonomy, Phase 0 mapping, acceptance criterion, and evidence rule corrected."
"REQ-001.02","REQ-001.27","Retained and re-anchored","Part 1","AI MASTER INSTRUCTION","L63–L65","Exact heading, taxonomy, Phase 0 mapping, acceptance criterion, and evidence rule corrected."
"REQ-001.03","REQ-002.01","Retained and re-anchored","Part 1","YOUR PRIMARY OBJECTIVE","L69–L71","Exact heading, taxonomy, Phase 0 mapping, acceptance criterion, and evidence rule corrected."
"REQ-001.03","REQ-002.02","Retained and re-anchored","Part 1","YOUR PRIMARY OBJECTIVE","L69–L71","Exact heading, taxonomy, Phase 0 mapping, acceptance criterion, and evidence rule corrected."
"REQ-001.03","REQ-002.03","Retained and re-anchored","Part 1","YOUR PRIMARY OBJECTIVE","L69–L71","Exact heading, taxonomy, Phase 0 mapping, acceptance criterion, and evidence rule corrected."
"REQ-001.03","REQ-002.04","Retained and re-anchored","Part 1","YOUR PRIMARY OBJECTIVE","L69–L71","Exact heading, taxonomy, Phase 0 mapping, acceptance criterion, and evidence rule corrected."
"REQ-001.03","REQ-002.05","Retained and re-anchored","Part 1","YOUR PRIMARY OBJECTIVE","L69–L71","Exact heading, taxonomy, Phase 0 mapping, acceptance criterion, and evidence rule corrected."
"REQ-001.03","REQ-002.06","Retained and re-anchored","Part 1","YOUR PRIMARY OBJECTIVE","L73","Exact heading, taxonomy, Phase 0 mapping, acceptance criterion, and evidence rule corrected."
"REQ-001.04","REQ-002.07","Retained and re-anchored","Part 1","YOUR PRIMARY OBJECTIVE","L73–L75","Exact heading, taxonomy, Phase 0 mapping, acceptance criterion, and evidence rule corrected."
"REQ-001.03","REQ-002.08","Retained and re-anchored","Part 1","YOUR PRIMARY OBJECTIVE","L75","Exact heading, taxonomy, Phase 0 mapping, acceptance criterion, and evidence rule corrected."
"REQ-001.03","REQ-002.09","Retained and re-anchored","Part 1","YOUR PRIMARY OBJECTIVE","L75","Exact heading, taxonomy, Phase 0 mapping, acceptance criterion, and evidence rule corrected."
"—","REQ-002.10","Added from omitted canonical clause","Part 1","YOUR PRIMARY OBJECTIVE","L107","Exact heading, taxonomy, Phase 0 mapping, acceptance criterion, and evidence rule corrected."
"REQ-001.08","REQ-002.11","Retained and re-anchored","Part 1","YOUR PRIMARY OBJECTIVE","L109; L115","Exact heading, taxonomy, Phase 0 mapping, acceptance criterion, and evidence rule corrected."
"REQ-001.11","REQ-002.12","Retained and re-anchored","Part 1","YOUR PRIMARY OBJECTIVE","L109; L121","Exact heading, taxonomy, Phase 0 mapping, acceptance criterion, and evidence rule corrected."
"REQ-001.06","REQ-002.13","Retained and re-anchored","Part 1","YOUR PRIMARY OBJECTIVE","L109; L111","Exact heading, taxonomy, Phase 0 mapping, acceptance criterion, and evidence rule corrected."
"REQ-001.07","REQ-002.14","Retained and re-anchored","Part 1","YOUR PRIMARY OBJECTIVE","L109; L113","Exact heading, taxonomy, Phase 0 mapping, acceptance criterion, and evidence rule corrected."
"REQ-001.09","REQ-002.15","Retained and re-anchored","Part 1","YOUR PRIMARY OBJECTIVE","L109; L117","Exact heading, taxonomy, Phase 0 mapping, acceptance criterion, and evidence rule corrected."
"REQ-001.10","REQ-002.16","Retained and re-anchored","Part 1","YOUR PRIMARY OBJECTIVE","L109; L119","Exact heading, taxonomy, Phase 0 mapping, acceptance criterion, and evidence rule corrected."
"REQ-001.05","REQ-002.17","Retained and re-anchored","Part 1","YOUR PRIMARY OBJECTIVE","L123","Exact heading, taxonomy, Phase 0 mapping, acceptance criterion, and evidence rule corrected."
"REQ-002.01","REQ-003.01","Retained and re-anchored","Part 1","IMPORTANT WORKFLOW","L127–L131; L301","Exact heading, taxonomy, Phase 0 mapping, acceptance criterion, and evidence rule corrected."
"REQ-002.06","REQ-004.01","Retained and re-anchored","Part 1","Phase 1","L133; L143","Exact heading, taxonomy, Phase 0 mapping, acceptance criterion, and evidence rule corrected."
"REQ-002.02","REQ-004.02","Retained and re-anchored","Part 1","Phase 1","L133; L135","Exact heading, taxonomy, Phase 0 mapping, acceptance criterion, and evidence rule corrected."
"REQ-002.04","REQ-004.03","Retained and re-anchored","Part 1","Phase 1","L133; L139","Exact heading, taxonomy, Phase 0 mapping, acceptance criterion, and evidence rule corrected."
"REQ-002.05","REQ-004.04","Retained and re-anchored","Part 1","Phase 1","L133; L141","Exact heading, taxonomy, Phase 0 mapping, acceptance criterion, and evidence rule corrected."
"REQ-002.07","REQ-004.05","Retained and re-anchored","Part 1","Phase 1","L133; L145","Exact heading, taxonomy, Phase 0 mapping, acceptance criterion, and evidence rule corrected."
"REQ-002.03","REQ-004.06","Retained and re-anchored","Part 1","Phase 1","L133; L137","Exact heading, taxonomy, Phase 0 mapping, acceptance criterion, and evidence rule corrected."
"REQ-002.08","REQ-005.01","Retained and re-anchored","Part 1","Phase 2","L149; L151","Exact heading, taxonomy, Phase 0 mapping, acceptance criterion, and evidence rule corrected."
"REQ-002.09","REQ-005.02","Retained and re-anchored","Part 1","Phase 2","L153","Exact heading, taxonomy, Phase 0 mapping, acceptance criterion, and evidence rule corrected."
"REQ-002.09","REQ-005.03","Retained and re-anchored","Part 1","Phase 2","L155","Exact heading, taxonomy, Phase 0 mapping, acceptance criterion, and evidence rule corrected."
"REQ-002.13","REQ-005.04","Retained and re-anchored","Part 1","Phase 2","L157; L165","Exact heading, taxonomy, Phase 0 mapping, acceptance criterion, and evidence rule corrected."
"REQ-002.15","REQ-005.05","Retained and re-anchored","Part 1","Phase 2","L157; L169","Exact heading, taxonomy, Phase 0 mapping, acceptance criterion, and evidence rule corrected."
"REQ-002.20","REQ-005.06","Retained and re-anchored","Part 1","Phase 2","L157; L179","Exact heading, taxonomy, Phase 0 mapping, acceptance criterion, and evidence rule corrected."
"REQ-002.24","REQ-005.07","Retained and re-anchored","Part 1","Phase 2","L157; L187","Exact heading, taxonomy, Phase 0 mapping, acceptance criterion, and evidence rule corrected."
"REQ-002.22","REQ-005.08","Retained and re-anchored","Part 1","Phase 2","L157; L183","Exact heading, taxonomy, Phase 0 mapping, acceptance criterion, and evidence rule corrected."
"REQ-002.18","REQ-005.09","Retained and re-anchored","Part 1","Phase 2","L157; L175","Exact heading, taxonomy, Phase 0 mapping, acceptance criterion, and evidence rule corrected."
"REQ-002.14","REQ-005.10","Retained and re-anchored","Part 1","Phase 2","L157; L167","Exact heading, taxonomy, Phase 0 mapping, acceptance criterion, and evidence rule corrected."
"REQ-002.21","REQ-005.11","Retained and re-anchored","Part 1","Phase 2","L157; L181","Exact heading, taxonomy, Phase 0 mapping, acceptance criterion, and evidence rule corrected."
"REQ-002.16","REQ-005.12","Retained and re-anchored","Part 1","Phase 2","L157; L171","Exact heading, taxonomy, Phase 0 mapping, acceptance criterion, and evidence rule corrected."
"REQ-002.10","REQ-005.13","Retained and re-anchored","Part 1","Phase 2","L157; L159","Exact heading, taxonomy, Phase 0 mapping, acceptance criterion, and evidence rule corrected."
"REQ-002.25","REQ-005.14","Retained and re-anchored","Part 1","Phase 2","L157; L189","Exact heading, taxonomy, Phase 0 mapping, acceptance criterion, and evidence rule corrected."
"REQ-002.12","REQ-005.15","Retained and re-anchored","Part 1","Phase 2","L157; L163","Exact heading, taxonomy, Phase 0 mapping, acceptance criterion, and evidence rule corrected."
"REQ-002.23","REQ-005.16","Retained and re-anchored","Part 1","Phase 2","L157; L185","Exact heading, taxonomy, Phase 0 mapping, acceptance criterion, and evidence rule corrected."
"REQ-002.17","REQ-005.17","Retained and re-anchored","Part 1","Phase 2","L157; L173","Exact heading, taxonomy, Phase 0 mapping, acceptance criterion, and evidence rule corrected."
"REQ-002.19","REQ-005.18","Retained and re-anchored","Part 1","Phase 2","L157; L177","Exact heading, taxonomy, Phase 0 mapping, acceptance criterion, and evidence rule corrected."
"REQ-002.11","REQ-005.19","Retained and re-anchored","Part 1","Phase 2","L157; L161","Exact heading, taxonomy, Phase 0 mapping, acceptance criterion, and evidence rule corrected."
"REQ-002.27","REQ-006.01","Retained and re-anchored","Part 1","Phase 3","L193; L197","Exact heading, taxonomy, Phase 0 mapping, acceptance criterion, and evidence rule corrected."
"REQ-002.28","REQ-006.02","Retained and re-anchored","Part 1","Phase 3","L193; L199","Exact heading, taxonomy, Phase 0 mapping, acceptance criterion, and evidence rule corrected."
"REQ-002.29","REQ-006.03","Retained and re-anchored","Part 1","Phase 3","L193; L201","Exact heading, taxonomy, Phase 0 mapping, acceptance criterion, and evidence rule corrected."
"REQ-002.30","REQ-006.04","Retained and re-anchored","Part 1","Phase 3","L193; L203","Exact heading, taxonomy, Phase 0 mapping, acceptance criterion, and evidence rule corrected."
"REQ-002.26","REQ-006.05","Retained and re-anchored","Part 1","Phase 3","L193; L195","Exact heading, taxonomy, Phase 0 mapping, acceptance criterion, and evidence rule corrected."
"REQ-002.31","REQ-007.01","Retained and re-anchored","Part 1","Phase 4","L207–L209","Exact heading, taxonomy, Phase 0 mapping, acceptance criterion, and evidence rule corrected."
"REQ-002.35","REQ-007.02","Retained and re-anchored","Part 1","Phase 4","L211; L219","Exact heading, taxonomy, Phase 0 mapping, acceptance criterion, and evidence rule corrected."
"REQ-002.39","REQ-007.03","Retained and re-anchored","Part 1","Phase 4","L211; L227","Exact heading, taxonomy, Phase 0 mapping, acceptance criterion, and evidence rule corrected."
"REQ-002.37","REQ-007.04","Retained and re-anchored","Part 1","Phase 4","L211; L223","Exact heading, taxonomy, Phase 0 mapping, acceptance criterion, and evidence rule corrected."
"REQ-002.32","REQ-007.05","Retained and re-anchored","Part 1","Phase 4","L211; L213","Exact heading, taxonomy, Phase 0 mapping, acceptance criterion, and evidence rule corrected."
"REQ-002.38","REQ-007.06","Retained and re-anchored","Part 1","Phase 4","L211; L225","Exact heading, taxonomy, Phase 0 mapping, acceptance criterion, and evidence rule corrected."
"REQ-002.40","REQ-007.07","Retained and re-anchored","Part 1","Phase 4","L211; L229","Exact heading, taxonomy, Phase 0 mapping, acceptance criterion, and evidence rule corrected."
"REQ-002.33","REQ-007.08","Retained and re-anchored","Part 1","Phase 4","L211; L215","Exact heading, taxonomy, Phase 0 mapping, acceptance criterion, and evidence rule corrected."
"REQ-002.36","REQ-007.09","Retained and re-anchored","Part 1","Phase 4","L211; L221","Exact heading, taxonomy, Phase 0 mapping, acceptance criterion, and evidence rule corrected."
"REQ-002.34","REQ-007.10","Retained and re-anchored","Part 1","Phase 4","L211; L217","Exact heading, taxonomy, Phase 0 mapping, acceptance criterion, and evidence rule corrected."
"REQ-002.41","REQ-007.11","Retained and re-anchored","Part 1","Phase 4","L231–L233","Exact heading, taxonomy, Phase 0 mapping, acceptance criterion, and evidence rule corrected."
"REQ-002.41","REQ-007.12","Retained and re-anchored","Part 1","Phase 4","L231–L233","Exact heading, taxonomy, Phase 0 mapping, acceptance criterion, and evidence rule corrected."
"REQ-002.44","REQ-008.01","Retained and re-anchored","Part 1","Phase 5","L237; L243","Exact heading, taxonomy, Phase 0 mapping, acceptance criterion, and evidence rule corrected."
"REQ-002.43","REQ-008.02","Retained and re-anchored","Part 1","Phase 5","L237; L241","Exact heading, taxonomy, Phase 0 mapping, acceptance criterion, and evidence rule corrected."
"REQ-002.45","REQ-008.03","Retained and re-anchored","Part 1","Phase 5","L237; L245","Exact heading, taxonomy, Phase 0 mapping, acceptance criterion, and evidence rule corrected."
"REQ-002.42","REQ-008.04","Retained and re-anchored","Part 1","Phase 5","L237; L239","Exact heading, taxonomy, Phase 0 mapping, acceptance criterion, and evidence rule corrected."
"REQ-002.46","REQ-009.01","Retained and re-anchored","Part 1","Phase 6","L249–L251","Exact heading, taxonomy, Phase 0 mapping, acceptance criterion, and evidence rule corrected."
"REQ-002.49","REQ-009.02","Retained and re-anchored","Part 1","Phase 6","L253; L259","Exact heading, taxonomy, Phase 0 mapping, acceptance criterion, and evidence rule corrected."
"REQ-002.59","REQ-009.03","Retained and re-anchored","Part 1","Phase 6","L253; L279","Exact heading, taxonomy, Phase 0 mapping, acceptance criterion, and evidence rule corrected."
"REQ-002.50","REQ-009.04","Retained and re-anchored","Part 1","Phase 6","L253; L261","Exact heading, taxonomy, Phase 0 mapping, acceptance criterion, and evidence rule corrected."
"REQ-002.51","REQ-009.05","Retained and re-anchored","Part 1","Phase 6","L253; L263","Exact heading, taxonomy, Phase 0 mapping, acceptance criterion, and evidence rule corrected."
"REQ-002.48","REQ-009.06","Retained and re-anchored","Part 1","Phase 6","L253; L257","Exact heading, taxonomy, Phase 0 mapping, acceptance criterion, and evidence rule corrected."
"REQ-002.62","REQ-009.07","Retained and re-anchored","Part 1","Phase 6","L253; L285","Exact heading, taxonomy, Phase 0 mapping, acceptance criterion, and evidence rule corrected."
"REQ-002.60","REQ-009.08","Retained and re-anchored","Part 1","Phase 6","L253; L281","Exact heading, taxonomy, Phase 0 mapping, acceptance criterion, and evidence rule corrected."
"REQ-002.61","REQ-009.09","Retained and re-anchored","Part 1","Phase 6","L253; L283","Exact heading, taxonomy, Phase 0 mapping, acceptance criterion, and evidence rule corrected."
"REQ-002.47","REQ-009.10","Retained and re-anchored","Part 1","Phase 6","L253; L255","Exact heading, taxonomy, Phase 0 mapping, acceptance criterion, and evidence rule corrected."
"REQ-002.58","REQ-009.11","Retained and re-anchored","Part 1","Phase 6","L253; L277","Exact heading, taxonomy, Phase 0 mapping, acceptance criterion, and evidence rule corrected."
"REQ-002.57","REQ-009.12","Retained and re-anchored","Part 1","Phase 6","L253; L275","Exact heading, taxonomy, Phase 0 mapping, acceptance criterion, and evidence rule corrected."
"REQ-002.55","REQ-009.13","Retained and re-anchored","Part 1","Phase 6","L253; L271","Exact heading, taxonomy, Phase 0 mapping, acceptance criterion, and evidence rule corrected."
"REQ-002.56","REQ-009.14","Retained and re-anchored","Part 1","Phase 6","L253; L273","Exact heading, taxonomy, Phase 0 mapping, acceptance criterion, and evidence rule corrected."
"REQ-002.53","REQ-009.15","Retained and re-anchored","Part 1","Phase 6","L253; L267","Exact heading, taxonomy, Phase 0 mapping, acceptance criterion, and evidence rule corrected."
"REQ-002.54","REQ-009.16","Retained and re-anchored","Part 1","Phase 6","L253; L269","Exact heading, taxonomy, Phase 0 mapping, acceptance criterion, and evidence rule corrected."
"REQ-002.52","REQ-009.17","Retained and re-anchored","Part 1","Phase 6","L253; L265","Exact heading, taxonomy, Phase 0 mapping, acceptance criterion, and evidence rule corrected."
"REQ-002.64","REQ-010.01","Retained and re-anchored","Part 1","Phase 7","L289; L293","Exact heading, taxonomy, Phase 0 mapping, acceptance criterion, and evidence rule corrected."
"REQ-002.66","REQ-010.02","Retained and re-anchored","Part 1","Phase 7","L289; L297","Exact heading, taxonomy, Phase 0 mapping, acceptance criterion, and evidence rule corrected."
"REQ-002.65","REQ-010.03","Retained and re-anchored","Part 1","Phase 7","L289; L295","Exact heading, taxonomy, Phase 0 mapping, acceptance criterion, and evidence rule corrected."
"REQ-002.67","REQ-010.04","Retained and re-anchored","Part 1","Phase 7","L289; L299","Exact heading, taxonomy, Phase 0 mapping, acceptance criterion, and evidence rule corrected."
"REQ-002.63","REQ-010.05","Retained and re-anchored","Part 1","Phase 7","L289; L291","Exact heading, taxonomy, Phase 0 mapping, acceptance criterion, and evidence rule corrected."
"REQ-003.01","REQ-011.01","Retained and re-anchored","Part 1","BUSINESS SUMMARY","L305–L313","Exact heading, taxonomy, Phase 0 mapping, acceptance criterion, and evidence rule corrected."
"REQ-003.02","REQ-011.02","Retained and re-anchored","Part 1","BUSINESS SUMMARY","L311–L313","Exact heading, taxonomy, Phase 0 mapping, acceptance criterion, and evidence rule corrected."
"REQ-003.03","REQ-011.03","Retained and re-anchored","Part 1","BUSINESS SUMMARY","L315; L319","Exact heading, taxonomy, Phase 0 mapping, acceptance criterion, and evidence rule corrected."
"REQ-003.03","REQ-011.04","Retained and re-anchored","Part 1","BUSINESS SUMMARY","L315; L333","Exact heading, taxonomy, Phase 0 mapping, acceptance criterion, and evidence rule corrected."
"REQ-003.03","REQ-011.05","Retained and re-anchored","Part 1","BUSINESS SUMMARY","L315; L323","Exact heading, taxonomy, Phase 0 mapping, acceptance criterion, and evidence rule corrected."
"REQ-003.03","REQ-011.06","Retained and re-anchored","Part 1","BUSINESS SUMMARY","L315; L317","Exact heading, taxonomy, Phase 0 mapping, acceptance criterion, and evidence rule corrected."
"REQ-003.03","REQ-011.07","Retained and re-anchored","Part 1","BUSINESS SUMMARY","L315; L321","Exact heading, taxonomy, Phase 0 mapping, acceptance criterion, and evidence rule corrected."
"REQ-003.03","REQ-011.08","Retained and re-anchored","Part 1","BUSINESS SUMMARY","L315; L325","Exact heading, taxonomy, Phase 0 mapping, acceptance criterion, and evidence rule corrected."
"REQ-003.03","REQ-011.09","Retained and re-anchored","Part 1","BUSINESS SUMMARY","L315; L331","Exact heading, taxonomy, Phase 0 mapping, acceptance criterion, and evidence rule corrected."
"REQ-003.03","REQ-011.10","Retained and re-anchored","Part 1","BUSINESS SUMMARY","L315; L327","Exact heading, taxonomy, Phase 0 mapping, acceptance criterion, and evidence rule corrected."
"REQ-003.03","REQ-011.11","Retained and re-anchored","Part 1","BUSINESS SUMMARY","L315; L329","Exact heading, taxonomy, Phase 0 mapping, acceptance criterion, and evidence rule corrected."
"REQ-003.08","REQ-012.01","Retained and re-anchored","Part 1","TARGET COUNTRIES","L339; L349","Exact heading, taxonomy, Phase 0 mapping, acceptance criterion, and evidence rule corrected."
"REQ-003.16","REQ-012.02","Retained and re-anchored","Part 1","TARGET COUNTRIES","L339; L365","Exact heading, taxonomy, Phase 0 mapping, acceptance criterion, and evidence rule corrected."
"REQ-003.10","REQ-012.03","Retained and re-anchored","Part 1","TARGET COUNTRIES","L339; L353","Exact heading, taxonomy, Phase 0 mapping, acceptance criterion, and evidence rule corrected."
"REQ-003.06","REQ-012.04","Retained and re-anchored","Part 1","TARGET COUNTRIES","L339; L345","Exact heading, taxonomy, Phase 0 mapping, acceptance criterion, and evidence rule corrected."
"REQ-003.09","REQ-012.05","Retained and re-anchored","Part 1","TARGET COUNTRIES","L339; L351","Exact heading, taxonomy, Phase 0 mapping, acceptance criterion, and evidence rule corrected."
"REQ-003.07","REQ-012.06","Retained and re-anchored","Part 1","TARGET COUNTRIES","L339; L347","Exact heading, taxonomy, Phase 0 mapping, acceptance criterion, and evidence rule corrected."
"REQ-003.15","REQ-012.07","Retained and re-anchored","Part 1","TARGET COUNTRIES","L339; L363","Exact heading, taxonomy, Phase 0 mapping, acceptance criterion, and evidence rule corrected."
"REQ-003.14","REQ-012.08","Retained and re-anchored","Part 1","TARGET COUNTRIES","L339; L361","Exact heading, taxonomy, Phase 0 mapping, acceptance criterion, and evidence rule corrected."
"REQ-003.12","REQ-012.09","Retained and re-anchored","Part 1","TARGET COUNTRIES","L339; L357","Exact heading, taxonomy, Phase 0 mapping, acceptance criterion, and evidence rule corrected."
"REQ-003.11","REQ-012.10","Retained and re-anchored","Part 1","TARGET COUNTRIES","L339; L355","Exact heading, taxonomy, Phase 0 mapping, acceptance criterion, and evidence rule corrected."
"REQ-003.13","REQ-012.11","Retained and re-anchored","Part 1","TARGET COUNTRIES","L339; L359","Exact heading, taxonomy, Phase 0 mapping, acceptance criterion, and evidence rule corrected."
"REQ-003.05","REQ-012.12","Retained and re-anchored","Part 1","TARGET COUNTRIES","L339; L343","Exact heading, taxonomy, Phase 0 mapping, acceptance criterion, and evidence rule corrected."
"REQ-003.04","REQ-012.13","Retained and re-anchored","Part 1","TARGET COUNTRIES","L339; L341","Exact heading, taxonomy, Phase 0 mapping, acceptance criterion, and evidence rule corrected."
"REQ-003.19","REQ-012.14","Retained and re-anchored","Part 1","TARGET COUNTRIES","L367","Exact heading, taxonomy, Phase 0 mapping, acceptance criterion, and evidence rule corrected."
"REQ-003.20","REQ-012.15","Retained and re-anchored","Part 1","TARGET COUNTRIES","L367","Exact heading, taxonomy, Phase 0 mapping, acceptance criterion, and evidence rule corrected."
"REQ-003.18","REQ-012.16","Retained and re-anchored","Part 1","TARGET COUNTRIES","L367","Exact heading, taxonomy, Phase 0 mapping, acceptance criterion, and evidence rule corrected."
"REQ-003.17","REQ-012.17","Retained and re-anchored","Part 1","TARGET COUNTRIES","L367","Exact heading, taxonomy, Phase 0 mapping, acceptance criterion, and evidence rule corrected."
"REQ-003.21","REQ-012.18","Retained and re-anchored","Part 1","TARGET COUNTRIES","L369","Exact heading, taxonomy, Phase 0 mapping, acceptance criterion, and evidence rule corrected."
"REQ-004.01","REQ-013.01","Retained and re-anchored","Part 1","PLATFORM LANGUAGE","L373–L377","Exact heading, taxonomy, Phase 0 mapping, acceptance criterion, and evidence rule corrected."
"REQ-004.09","REQ-013.02","Retained and re-anchored","Part 1","PLATFORM LANGUAGE","L379; L393","Exact heading, taxonomy, Phase 0 mapping, acceptance criterion, and evidence rule corrected."
"REQ-004.08","REQ-013.03","Retained and re-anchored","Part 1","PLATFORM LANGUAGE","L379; L391","Exact heading, taxonomy, Phase 0 mapping, acceptance criterion, and evidence rule corrected."
"REQ-004.03","REQ-013.04","Retained and re-anchored","Part 1","PLATFORM LANGUAGE","L379; L381","Exact heading, taxonomy, Phase 0 mapping, acceptance criterion, and evidence rule corrected."
"REQ-004.10","REQ-013.05","Retained and re-anchored","Part 1","PLATFORM LANGUAGE","L379; L395","Exact heading, taxonomy, Phase 0 mapping, acceptance criterion, and evidence rule corrected."
"REQ-004.07","REQ-013.06","Retained and re-anchored","Part 1","PLATFORM LANGUAGE","L379; L389","Exact heading, taxonomy, Phase 0 mapping, acceptance criterion, and evidence rule corrected."
"REQ-004.05","REQ-013.07","Retained and re-anchored","Part 1","PLATFORM LANGUAGE","L379; L385","Exact heading, taxonomy, Phase 0 mapping, acceptance criterion, and evidence rule corrected."
"REQ-004.06","REQ-013.08","Retained and re-anchored","Part 1","PLATFORM LANGUAGE","L379; L387","Exact heading, taxonomy, Phase 0 mapping, acceptance criterion, and evidence rule corrected."
"REQ-004.04","REQ-013.09","Retained and re-anchored","Part 1","PLATFORM LANGUAGE","L379; L383","Exact heading, taxonomy, Phase 0 mapping, acceptance criterion, and evidence rule corrected."
"REQ-004.02","REQ-013.10","Retained and re-anchored","Part 1","PLATFORM LANGUAGE","L379","Exact heading, taxonomy, Phase 0 mapping, acceptance criterion, and evidence rule corrected."
"REQ-004.11","REQ-013.11","Retained and re-anchored","Part 1","PLATFORM LANGUAGE","L397","Exact heading, taxonomy, Phase 0 mapping, acceptance criterion, and evidence rule corrected."
"REQ-004.11","REQ-013.12","Retained and re-anchored","Part 1","PLATFORM LANGUAGE","L397","Exact heading, taxonomy, Phase 0 mapping, acceptance criterion, and evidence rule corrected."
"REQ-005.01","REQ-014.01","Retained and re-anchored","Part 1","CURRENCY SYSTEM","L401–L405","Exact heading, taxonomy, Phase 0 mapping, acceptance criterion, and evidence rule corrected."
"REQ-005.02","REQ-014.02","Retained and re-anchored","Part 1","CURRENCY SYSTEM","L407","Exact heading, taxonomy, Phase 0 mapping, acceptance criterion, and evidence rule corrected."
"REQ-005.03","REQ-014.03","Retained and re-anchored","Part 1","CURRENCY SYSTEM","L409–L411","Exact heading, taxonomy, Phase 0 mapping, acceptance criterion, and evidence rule corrected."
"REQ-005.04","REQ-014.04","Retained and re-anchored","Part 1","CURRENCY SYSTEM","L413","Exact heading, taxonomy, Phase 0 mapping, acceptance criterion, and evidence rule corrected."
"REQ-005.05","REQ-014.05","Retained and re-anchored","Part 1","CURRENCY SYSTEM","L415","Exact heading, taxonomy, Phase 0 mapping, acceptance criterion, and evidence rule corrected."
"REQ-005.08","REQ-014.06","Retained and re-anchored","Part 1","CURRENCY SYSTEM","L417; L423","Exact heading, taxonomy, Phase 0 mapping, acceptance criterion, and evidence rule corrected."
"REQ-005.07","REQ-014.07","Retained and re-anchored","Part 1","CURRENCY SYSTEM","L417; L421","Exact heading, taxonomy, Phase 0 mapping, acceptance criterion, and evidence rule corrected."
"REQ-005.06","REQ-014.08","Retained and re-anchored","Part 1","CURRENCY SYSTEM","L417; L419","Exact heading, taxonomy, Phase 0 mapping, acceptance criterion, and evidence rule corrected."
"REQ-005.09","REQ-014.09","Retained and re-anchored","Part 1","CURRENCY SYSTEM","L425","Exact heading, taxonomy, Phase 0 mapping, acceptance criterion, and evidence rule corrected."
"REQ-005.10","REQ-014.10","Retained and re-anchored","Part 1","CURRENCY SYSTEM","L427","Exact heading, taxonomy, Phase 0 mapping, acceptance criterion, and evidence rule corrected."
"REQ-005.10","REQ-014.11","Retained and re-anchored","Part 1","CURRENCY SYSTEM","L427","Exact heading, taxonomy, Phase 0 mapping, acceptance criterion, and evidence rule corrected."
"REQ-005.10","REQ-014.12","Retained and re-anchored","Part 1","CURRENCY SYSTEM","L427","Exact heading, taxonomy, Phase 0 mapping, acceptance criterion, and evidence rule corrected."
"REQ-005.10","REQ-014.13","Retained and re-anchored","Part 1","CURRENCY SYSTEM","L427","Exact heading, taxonomy, Phase 0 mapping, acceptance criterion, and evidence rule corrected."
"REQ-005.10","REQ-014.14","Retained and re-anchored","Part 1","CURRENCY SYSTEM","L427","Exact heading, taxonomy, Phase 0 mapping, acceptance criterion, and evidence rule corrected."
"REQ-006.01","REQ-015.01","Retained and re-anchored","Part 1","USER REGISTRATION","L431–L433","Exact heading, taxonomy, Phase 0 mapping, acceptance criterion, and evidence rule corrected."
"REQ-006.03","REQ-015.02","Retained and re-anchored","Part 1","USER REGISTRATION","L435; L439","Exact heading, taxonomy, Phase 0 mapping, acceptance criterion, and evidence rule corrected."
"REQ-006.02","REQ-015.03","Retained and re-anchored","Part 1","USER REGISTRATION","L435; L437","Exact heading, taxonomy, Phase 0 mapping, acceptance criterion, and evidence rule corrected."
"REQ-006.04","REQ-015.04","Retained and re-anchored","Part 1","USER REGISTRATION","L441–L443","Exact heading, taxonomy, Phase 0 mapping, acceptance criterion, and evidence rule corrected."
"REQ-006.05","REQ-015.05","Retained and re-anchored","Part 1","USER REGISTRATION","L445–L447","Exact heading, taxonomy, Phase 0 mapping, acceptance criterion, and evidence rule corrected."
"REQ-006.06","REQ-015.06","Retained and re-anchored","Part 1","USER REGISTRATION","L449","Exact heading, taxonomy, Phase 0 mapping, acceptance criterion, and evidence rule corrected."
"REQ-006.07","REQ-015.07","Retained and re-anchored","Part 1","USER REGISTRATION","L451","Exact heading, taxonomy, Phase 0 mapping, acceptance criterion, and evidence rule corrected."
"REQ-006.08","REQ-015.08","Retained and re-anchored","Part 1","USER REGISTRATION","L453","Exact heading, taxonomy, Phase 0 mapping, acceptance criterion, and evidence rule corrected."
"REQ-007.01","REQ-016.01","Retained and re-anchored","Part 1","USER ACCOUNT STATUS","L457–L459","Exact heading, taxonomy, Phase 0 mapping, acceptance criterion, and evidence rule corrected."
"REQ-007.03","REQ-016.02","Retained and re-anchored","Part 1","USER ACCOUNT STATUS","L459–L465","Exact heading, taxonomy, Phase 0 mapping, acceptance criterion, and evidence rule corrected."
"REQ-007.02","REQ-016.03","Retained and re-anchored","Part 1","USER ACCOUNT STATUS","L459–L465","Exact heading, taxonomy, Phase 0 mapping, acceptance criterion, and evidence rule corrected."
"REQ-007.04","REQ-016.04","Retained and re-anchored","Part 1","USER ACCOUNT STATUS","L467","Exact heading, taxonomy, Phase 0 mapping, acceptance criterion, and evidence rule corrected."
"REQ-007.11","REQ-016.05","Retained and re-anchored","Part 1","USER ACCOUNT STATUS","L469","Exact heading, taxonomy, Phase 0 mapping, acceptance criterion, and evidence rule corrected."
"REQ-007.12","REQ-016.06","Retained and re-anchored","Part 1","USER ACCOUNT STATUS","L469","Exact heading, taxonomy, Phase 0 mapping, acceptance criterion, and evidence rule corrected."
"REQ-007.06","REQ-016.07","Retained and re-anchored","Part 1","USER ACCOUNT STATUS","L469","Exact heading, taxonomy, Phase 0 mapping, acceptance criterion, and evidence rule corrected."
"REQ-007.05","REQ-016.08","Retained and re-anchored","Part 1","USER ACCOUNT STATUS","L469","Exact heading, taxonomy, Phase 0 mapping, acceptance criterion, and evidence rule corrected."
"REQ-007.15","REQ-016.09","Retained and re-anchored","Part 1","USER ACCOUNT STATUS","L471","Exact heading, taxonomy, Phase 0 mapping, acceptance criterion, and evidence rule corrected."
"REQ-007.13","REQ-016.10","Retained and re-anchored","Part 1","USER ACCOUNT STATUS","L471","Exact heading, taxonomy, Phase 0 mapping, acceptance criterion, and evidence rule corrected."
"REQ-007.14","REQ-016.11","Retained and re-anchored","Part 1","USER ACCOUNT STATUS","L471","Exact heading, taxonomy, Phase 0 mapping, acceptance criterion, and evidence rule corrected."
"REQ-008.01","REQ-017.01","Retained and re-anchored","Part 2","PRODUCT PHILOSOPHY","L483","Exact heading, taxonomy, Phase 0 mapping, acceptance criterion, and evidence rule corrected."
"REQ-008.01","REQ-017.02","Retained and re-anchored","Part 2","PRODUCT PHILOSOPHY","L483","Exact heading, taxonomy, Phase 0 mapping, acceptance criterion, and evidence rule corrected."
"REQ-008.01","REQ-017.03","Retained and re-anchored","Part 2","PRODUCT PHILOSOPHY","L483","Exact heading, taxonomy, Phase 0 mapping, acceptance criterion, and evidence rule corrected."
"REQ-008.01","REQ-017.04","Retained and re-anchored","Part 2","PRODUCT PHILOSOPHY","L483","Exact heading, taxonomy, Phase 0 mapping, acceptance criterion, and evidence rule corrected."
"REQ-008.01","REQ-017.05","Retained and re-anchored","Part 2","PRODUCT PHILOSOPHY","L483","Exact heading, taxonomy, Phase 0 mapping, acceptance criterion, and evidence rule corrected."
"REQ-008.02","REQ-017.06","Retained and re-anchored","Part 2","PRODUCT PHILOSOPHY","L485","Exact heading, taxonomy, Phase 0 mapping, acceptance criterion, and evidence rule corrected."
"REQ-008.02","REQ-017.07","Retained and re-anchored","Part 2","PRODUCT PHILOSOPHY","L485","Exact heading, taxonomy, Phase 0 mapping, acceptance criterion, and evidence rule corrected."
"REQ-008.02","REQ-017.08","Retained and re-anchored","Part 2","PRODUCT PHILOSOPHY","L485","Exact heading, taxonomy, Phase 0 mapping, acceptance criterion, and evidence rule corrected."
"REQ-008.02","REQ-017.09","Retained and re-anchored","Part 2","PRODUCT PHILOSOPHY","L485","Exact heading, taxonomy, Phase 0 mapping, acceptance criterion, and evidence rule corrected."
"REQ-008.03","REQ-017.10","Retained and re-anchored","Part 2","PRODUCT PHILOSOPHY","L487–L491","Exact heading, taxonomy, Phase 0 mapping, acceptance criterion, and evidence rule corrected."
"REQ-008.03","REQ-017.11","Retained and re-anchored","Part 2","PRODUCT PHILOSOPHY","L487–L491","Exact heading, taxonomy, Phase 0 mapping, acceptance criterion, and evidence rule corrected."
"REQ-008.03","REQ-017.12","Retained and re-anchored","Part 2","PRODUCT PHILOSOPHY","L487–L491","Exact heading, taxonomy, Phase 0 mapping, acceptance criterion, and evidence rule corrected."
"REQ-008.04","REQ-017.13","Retained and re-anchored","Part 2","PRODUCT PHILOSOPHY","L493","Exact heading, taxonomy, Phase 0 mapping, acceptance criterion, and evidence rule corrected."
"REQ-008.04","REQ-017.14","Retained and re-anchored","Part 2","PRODUCT PHILOSOPHY","L493","Exact heading, taxonomy, Phase 0 mapping, acceptance criterion, and evidence rule corrected."
"REQ-008.15","REQ-018.01","Retained and re-anchored","Part 2","PRODUCT DESIGN PRINCIPLES","L499; L521","Exact heading, taxonomy, Phase 0 mapping, acceptance criterion, and evidence rule corrected."
"REQ-008.06","REQ-018.02","Retained and re-anchored","Part 2","PRODUCT DESIGN PRINCIPLES","L499; L503","Exact heading, taxonomy, Phase 0 mapping, acceptance criterion, and evidence rule corrected."
"REQ-008.09","REQ-018.03","Retained and re-anchored","Part 2","PRODUCT DESIGN PRINCIPLES","L499; L509","Exact heading, taxonomy, Phase 0 mapping, acceptance criterion, and evidence rule corrected."
"REQ-008.08","REQ-018.04","Retained and re-anchored","Part 2","PRODUCT DESIGN PRINCIPLES","L499; L507","Exact heading, taxonomy, Phase 0 mapping, acceptance criterion, and evidence rule corrected."
"REQ-008.14","REQ-018.05","Retained and re-anchored","Part 2","PRODUCT DESIGN PRINCIPLES","L499; L519","Exact heading, taxonomy, Phase 0 mapping, acceptance criterion, and evidence rule corrected."
"REQ-008.12","REQ-018.06","Retained and re-anchored","Part 2","PRODUCT DESIGN PRINCIPLES","L499; L515","Exact heading, taxonomy, Phase 0 mapping, acceptance criterion, and evidence rule corrected."
"REQ-008.10","REQ-018.07","Retained and re-anchored","Part 2","PRODUCT DESIGN PRINCIPLES","L499; L511","Exact heading, taxonomy, Phase 0 mapping, acceptance criterion, and evidence rule corrected."
"REQ-008.11","REQ-018.08","Retained and re-anchored","Part 2","PRODUCT DESIGN PRINCIPLES","L499; L513","Exact heading, taxonomy, Phase 0 mapping, acceptance criterion, and evidence rule corrected."
"REQ-008.13","REQ-018.09","Retained and re-anchored","Part 2","PRODUCT DESIGN PRINCIPLES","L499; L517","Exact heading, taxonomy, Phase 0 mapping, acceptance criterion, and evidence rule corrected."
"REQ-008.16","REQ-018.10","Retained and re-anchored","Part 2","PRODUCT DESIGN PRINCIPLES","L499; L523","Exact heading, taxonomy, Phase 0 mapping, acceptance criterion, and evidence rule corrected."
"REQ-008.17","REQ-018.11","Retained and re-anchored","Part 2","PRODUCT DESIGN PRINCIPLES","L499; L525","Exact heading, taxonomy, Phase 0 mapping, acceptance criterion, and evidence rule corrected."
"REQ-008.07","REQ-018.12","Retained and re-anchored","Part 2","PRODUCT DESIGN PRINCIPLES","L499; L505","Exact heading, taxonomy, Phase 0 mapping, acceptance criterion, and evidence rule corrected."
"REQ-008.07","REQ-018.13","Retained and re-anchored","Part 2","PRODUCT DESIGN PRINCIPLES","L499; L505","Exact heading, taxonomy, Phase 0 mapping, acceptance criterion, and evidence rule corrected."
"REQ-008.05","REQ-018.14","Retained and re-anchored","Part 2","PRODUCT DESIGN PRINCIPLES","L499; L501","Exact heading, taxonomy, Phase 0 mapping, acceptance criterion, and evidence rule corrected."
"REQ-008.18","REQ-018.15","Retained and re-anchored","Part 2","PRODUCT DESIGN PRINCIPLES","L527","Exact heading, taxonomy, Phase 0 mapping, acceptance criterion, and evidence rule corrected."
"REQ-009.01","REQ-019.01","Retained and re-anchored","Part 2","HOMEPAGE","L531–L533","Exact heading, taxonomy, Phase 0 mapping, acceptance criterion, and evidence rule corrected."
"REQ-009.08","REQ-019.02","Retained and re-anchored","Part 2","HOMEPAGE","L535; L549","Exact heading, taxonomy, Phase 0 mapping, acceptance criterion, and evidence rule corrected."
"REQ-009.06","REQ-019.03","Retained and re-anchored","Part 2","HOMEPAGE","L535; L545","Exact heading, taxonomy, Phase 0 mapping, acceptance criterion, and evidence rule corrected."
"REQ-009.09","REQ-019.04","Retained and re-anchored","Part 2","HOMEPAGE","L535; L551","Exact heading, taxonomy, Phase 0 mapping, acceptance criterion, and evidence rule corrected."
"REQ-009.07","REQ-019.05","Retained and re-anchored","Part 2","HOMEPAGE","L535; L547","Exact heading, taxonomy, Phase 0 mapping, acceptance criterion, and evidence rule corrected."
"REQ-009.03","REQ-019.06","Retained and re-anchored","Part 2","HOMEPAGE","L535; L539","Exact heading, taxonomy, Phase 0 mapping, acceptance criterion, and evidence rule corrected."
"REQ-009.14","REQ-019.07","Retained and re-anchored","Part 2","HOMEPAGE","L535; L561","Exact heading, taxonomy, Phase 0 mapping, acceptance criterion, and evidence rule corrected."
"REQ-009.02","REQ-019.08","Retained and re-anchored","Part 2","HOMEPAGE","L535; L537","Exact heading, taxonomy, Phase 0 mapping, acceptance criterion, and evidence rule corrected."
"REQ-009.04","REQ-019.09","Retained and re-anchored","Part 2","HOMEPAGE","L535; L541","Exact heading, taxonomy, Phase 0 mapping, acceptance criterion, and evidence rule corrected."
"REQ-009.05","REQ-019.10","Retained and re-anchored","Part 2","HOMEPAGE","L535; L543","Exact heading, taxonomy, Phase 0 mapping, acceptance criterion, and evidence rule corrected."
"REQ-009.10","REQ-019.11","Retained and re-anchored","Part 2","HOMEPAGE","L535; L553","Exact heading, taxonomy, Phase 0 mapping, acceptance criterion, and evidence rule corrected."
"REQ-009.12","REQ-019.12","Retained and re-anchored","Part 2","HOMEPAGE","L535; L557","Exact heading, taxonomy, Phase 0 mapping, acceptance criterion, and evidence rule corrected."
"REQ-009.13","REQ-019.13","Retained and re-anchored","Part 2","HOMEPAGE","L535; L559","Exact heading, taxonomy, Phase 0 mapping, acceptance criterion, and evidence rule corrected."
"REQ-009.11","REQ-019.14","Retained and re-anchored","Part 2","HOMEPAGE","L535; L555","Exact heading, taxonomy, Phase 0 mapping, acceptance criterion, and evidence rule corrected."
"REQ-009.15","REQ-019.15","Retained and re-anchored","Part 2","HOMEPAGE","L563","Exact heading, taxonomy, Phase 0 mapping, acceptance criterion, and evidence rule corrected."
"—","REQ-020.01","Added from omitted canonical clause","Part 2","USER DASHBOARD","L569","Exact heading, taxonomy, Phase 0 mapping, acceptance criterion, and evidence rule corrected."
"REQ-010.01","REQ-020.02","Retained and re-anchored","Part 2","USER DASHBOARD","L571; L573","Exact heading, taxonomy, Phase 0 mapping, acceptance criterion, and evidence rule corrected."
"REQ-010.04","REQ-020.03","Retained and re-anchored","Part 2","USER DASHBOARD","L571; L579","Exact heading, taxonomy, Phase 0 mapping, acceptance criterion, and evidence rule corrected."
"REQ-010.12","REQ-020.04","Retained and re-anchored","Part 2","USER DASHBOARD","L571; L595","Exact heading, taxonomy, Phase 0 mapping, acceptance criterion, and evidence rule corrected."
"REQ-010.02","REQ-020.05","Retained and re-anchored","Part 2","USER DASHBOARD","L571; L575","Exact heading, taxonomy, Phase 0 mapping, acceptance criterion, and evidence rule corrected."
"REQ-010.17","REQ-020.06","Retained and re-anchored","Part 2","USER DASHBOARD","L571; L605","Exact heading, taxonomy, Phase 0 mapping, acceptance criterion, and evidence rule corrected."
"REQ-010.11","REQ-020.07","Retained and re-anchored","Part 2","USER DASHBOARD","L571; L593","Exact heading, taxonomy, Phase 0 mapping, acceptance criterion, and evidence rule corrected."
"REQ-010.10","REQ-020.08","Retained and re-anchored","Part 2","USER DASHBOARD","L571; L591","Exact heading, taxonomy, Phase 0 mapping, acceptance criterion, and evidence rule corrected."
"REQ-010.14","REQ-020.09","Retained and re-anchored","Part 2","USER DASHBOARD","L571; L599","Exact heading, taxonomy, Phase 0 mapping, acceptance criterion, and evidence rule corrected."
"REQ-010.16","REQ-020.10","Retained and re-anchored","Part 2","USER DASHBOARD","L571; L603","Exact heading, taxonomy, Phase 0 mapping, acceptance criterion, and evidence rule corrected."
"REQ-010.13","REQ-020.11","Retained and re-anchored","Part 2","USER DASHBOARD","L571; L597","Exact heading, taxonomy, Phase 0 mapping, acceptance criterion, and evidence rule corrected."
"REQ-010.15","REQ-020.12","Retained and re-anchored","Part 2","USER DASHBOARD","L571; L601","Exact heading, taxonomy, Phase 0 mapping, acceptance criterion, and evidence rule corrected."
"REQ-010.03","REQ-020.13","Retained and re-anchored","Part 2","USER DASHBOARD","L571; L577","Exact heading, taxonomy, Phase 0 mapping, acceptance criterion, and evidence rule corrected."
"REQ-010.07","REQ-020.14","Retained and re-anchored","Part 2","USER DASHBOARD","L571; L585","Exact heading, taxonomy, Phase 0 mapping, acceptance criterion, and evidence rule corrected."
"REQ-010.06","REQ-020.15","Retained and re-anchored","Part 2","USER DASHBOARD","L571; L583","Exact heading, taxonomy, Phase 0 mapping, acceptance criterion, and evidence rule corrected."
"REQ-010.05","REQ-020.16","Retained and re-anchored","Part 2","USER DASHBOARD","L571; L581","Exact heading, taxonomy, Phase 0 mapping, acceptance criterion, and evidence rule corrected."
"REQ-010.08","REQ-020.17","Retained and re-anchored","Part 2","USER DASHBOARD","L571; L587","Exact heading, taxonomy, Phase 0 mapping, acceptance criterion, and evidence rule corrected."
"REQ-010.09","REQ-020.18","Retained and re-anchored","Part 2","USER DASHBOARD","L571; L589","Exact heading, taxonomy, Phase 0 mapping, acceptance criterion, and evidence rule corrected."
"REQ-010.18","REQ-020.19","Retained and re-anchored","Part 2","USER DASHBOARD","L607","Exact heading, taxonomy, Phase 0 mapping, acceptance criterion, and evidence rule corrected."
"REQ-011.01","REQ-021.01","Retained and re-anchored","Part 2","WALLET SYSTEM","L611–L613","Exact heading, taxonomy, Phase 0 mapping, acceptance criterion, and evidence rule corrected."
"REQ-011.12","REQ-021.02","Retained and re-anchored","Part 2","WALLET SYSTEM","L615; L637","Exact heading, taxonomy, Phase 0 mapping, acceptance criterion, and evidence rule corrected."
"REQ-011.02","REQ-021.03","Retained and re-anchored","Part 2","WALLET SYSTEM","L615; L617","Exact heading, taxonomy, Phase 0 mapping, acceptance criterion, and evidence rule corrected."
"REQ-011.13","REQ-021.04","Retained and re-anchored","Part 2","WALLET SYSTEM","L615; L639","Exact heading, taxonomy, Phase 0 mapping, acceptance criterion, and evidence rule corrected."
"REQ-011.05","REQ-021.05","Retained and re-anchored","Part 2","WALLET SYSTEM","L615; L623","Exact heading, taxonomy, Phase 0 mapping, acceptance criterion, and evidence rule corrected."
"REQ-011.03","REQ-021.06","Retained and re-anchored","Part 2","WALLET SYSTEM","L615; L619","Exact heading, taxonomy, Phase 0 mapping, acceptance criterion, and evidence rule corrected."
"REQ-011.09","REQ-021.07","Retained and re-anchored","Part 2","WALLET SYSTEM","L615; L631","Exact heading, taxonomy, Phase 0 mapping, acceptance criterion, and evidence rule corrected."
"REQ-011.16","REQ-021.08","Retained and re-anchored","Part 2","WALLET SYSTEM","L615; L645","Exact heading, taxonomy, Phase 0 mapping, acceptance criterion, and evidence rule corrected."
"REQ-011.10","REQ-021.09","Retained and re-anchored","Part 2","WALLET SYSTEM","L615; L633","Exact heading, taxonomy, Phase 0 mapping, acceptance criterion, and evidence rule corrected."
"REQ-011.18","REQ-021.10","Retained and re-anchored","Part 2","WALLET SYSTEM","L615; L649","Exact heading, taxonomy, Phase 0 mapping, acceptance criterion, and evidence rule corrected."
"REQ-011.11","REQ-021.11","Retained and re-anchored","Part 2","WALLET SYSTEM","L615; L635","Exact heading, taxonomy, Phase 0 mapping, acceptance criterion, and evidence rule corrected."
"REQ-011.07","REQ-021.12","Retained and re-anchored","Part 2","WALLET SYSTEM","L615; L627","Exact heading, taxonomy, Phase 0 mapping, acceptance criterion, and evidence rule corrected."
"REQ-011.08","REQ-021.13","Retained and re-anchored","Part 2","WALLET SYSTEM","L615; L629","Exact heading, taxonomy, Phase 0 mapping, acceptance criterion, and evidence rule corrected."
"REQ-011.15","REQ-021.14","Retained and re-anchored","Part 2","WALLET SYSTEM","L615; L643","Exact heading, taxonomy, Phase 0 mapping, acceptance criterion, and evidence rule corrected."
"REQ-011.04","REQ-021.15","Retained and re-anchored","Part 2","WALLET SYSTEM","L615; L621","Exact heading, taxonomy, Phase 0 mapping, acceptance criterion, and evidence rule corrected."
"REQ-011.14","REQ-021.16","Retained and re-anchored","Part 2","WALLET SYSTEM","L615; L641","Exact heading, taxonomy, Phase 0 mapping, acceptance criterion, and evidence rule corrected."
"REQ-011.06","REQ-021.17","Retained and re-anchored","Part 2","WALLET SYSTEM","L615; L625","Exact heading, taxonomy, Phase 0 mapping, acceptance criterion, and evidence rule corrected."
"REQ-011.17","REQ-021.18","Retained and re-anchored","Part 2","WALLET SYSTEM","L615; L647","Exact heading, taxonomy, Phase 0 mapping, acceptance criterion, and evidence rule corrected."
"REQ-011.19","REQ-021.19","Retained and re-anchored","Part 2","WALLET SYSTEM","L651","Exact heading, taxonomy, Phase 0 mapping, acceptance criterion, and evidence rule corrected."
"REQ-011.19","REQ-021.20","Retained and re-anchored","Part 2","WALLET SYSTEM","L651","Exact heading, taxonomy, Phase 0 mapping, acceptance criterion, and evidence rule corrected."
"REQ-011.23","REQ-021.21","Retained and re-anchored","Part 2","WALLET SYSTEM","L653; L661","Exact heading, taxonomy, Phase 0 mapping, acceptance criterion, and evidence rule corrected."
"REQ-011.20","REQ-021.22","Retained and re-anchored","Part 2","WALLET SYSTEM","L653; L655","Exact heading, taxonomy, Phase 0 mapping, acceptance criterion, and evidence rule corrected."
"REQ-011.21","REQ-021.23","Retained and re-anchored","Part 2","WALLET SYSTEM","L653; L657","Exact heading, taxonomy, Phase 0 mapping, acceptance criterion, and evidence rule corrected."
"REQ-011.22","REQ-021.24","Retained and re-anchored","Part 2","WALLET SYSTEM","L653; L659","Exact heading, taxonomy, Phase 0 mapping, acceptance criterion, and evidence rule corrected."
"REQ-012.01","REQ-022.01","Retained and re-anchored","Part 2","BALANCE MATURITY SYSTEM","L665–L669","Exact heading, taxonomy, Phase 0 mapping, acceptance criterion, and evidence rule corrected."
"REQ-012.09","REQ-022.02","Retained and re-anchored","Part 2","BALANCE MATURITY SYSTEM","L695; L709","Exact heading, taxonomy, Phase 0 mapping, acceptance criterion, and evidence rule corrected."
"REQ-012.07","REQ-022.03","Retained and re-anchored","Part 2","BALANCE MATURITY SYSTEM","L695; L705","Exact heading, taxonomy, Phase 0 mapping, acceptance criterion, and evidence rule corrected."
"REQ-012.05","REQ-022.04","Retained and re-anchored","Part 2","BALANCE MATURITY SYSTEM","L695; L701","Exact heading, taxonomy, Phase 0 mapping, acceptance criterion, and evidence rule corrected."
"REQ-012.06","REQ-022.05","Retained and re-anchored","Part 2","BALANCE MATURITY SYSTEM","L695; L703","Exact heading, taxonomy, Phase 0 mapping, acceptance criterion, and evidence rule corrected."
"REQ-012.08","REQ-022.06","Retained and re-anchored","Part 2","BALANCE MATURITY SYSTEM","L695; L707","Exact heading, taxonomy, Phase 0 mapping, acceptance criterion, and evidence rule corrected."
"REQ-012.04","REQ-022.07","Retained and re-anchored","Part 2","BALANCE MATURITY SYSTEM","L695; L699","Exact heading, taxonomy, Phase 0 mapping, acceptance criterion, and evidence rule corrected."
"REQ-012.03","REQ-022.08","Retained and re-anchored","Part 2","BALANCE MATURITY SYSTEM","L695; L697","Exact heading, taxonomy, Phase 0 mapping, acceptance criterion, and evidence rule corrected."
"REQ-012.10","REQ-022.09","Retained and re-anchored","Part 2","BALANCE MATURITY SYSTEM","L695; L711","Exact heading, taxonomy, Phase 0 mapping, acceptance criterion, and evidence rule corrected."
"REQ-012.11","REQ-022.10","Retained and re-anchored","Part 2","BALANCE MATURITY SYSTEM","L713","Exact heading, taxonomy, Phase 0 mapping, acceptance criterion, and evidence rule corrected."
"REQ-013.01","REQ-023.01","Retained and re-anchored","Part 2","LEADERBOARD SYSTEM","L717–L719","Exact heading, taxonomy, Phase 0 mapping, acceptance criterion, and evidence rule corrected."
"REQ-013.02","REQ-023.02","Retained and re-anchored","Part 2","LEADERBOARD SYSTEM","L721","Exact heading, taxonomy, Phase 0 mapping, acceptance criterion, and evidence rule corrected."
"REQ-013.10","REQ-023.03","Retained and re-anchored","Part 2","LEADERBOARD SYSTEM","L735; L741","Exact heading, taxonomy, Phase 0 mapping, acceptance criterion, and evidence rule corrected."
"REQ-013.12","REQ-023.04","Retained and re-anchored","Part 2","LEADERBOARD SYSTEM","L735; L745","Exact heading, taxonomy, Phase 0 mapping, acceptance criterion, and evidence rule corrected."
"REQ-013.08","REQ-023.05","Retained and re-anchored","Part 2","LEADERBOARD SYSTEM","L735; L737","Exact heading, taxonomy, Phase 0 mapping, acceptance criterion, and evidence rule corrected."
"REQ-013.11","REQ-023.06","Retained and re-anchored","Part 2","LEADERBOARD SYSTEM","L735; L743","Exact heading, taxonomy, Phase 0 mapping, acceptance criterion, and evidence rule corrected."
"REQ-013.09","REQ-023.07","Retained and re-anchored","Part 2","LEADERBOARD SYSTEM","L735; L739","Exact heading, taxonomy, Phase 0 mapping, acceptance criterion, and evidence rule corrected."
"REQ-013.13","REQ-023.08","Retained and re-anchored","Part 2","LEADERBOARD SYSTEM","L747","Exact heading, taxonomy, Phase 0 mapping, acceptance criterion, and evidence rule corrected."
"REQ-014.01","REQ-024.01","Retained and re-anchored","Part 2","SURVEY EXPERIENCE","L751–L753","Exact heading, taxonomy, Phase 0 mapping, acceptance criterion, and evidence rule corrected."
"REQ-014.05","REQ-024.02","Retained and re-anchored","Part 2","SURVEY EXPERIENCE","L755; L763","Exact heading, taxonomy, Phase 0 mapping, acceptance criterion, and evidence rule corrected."
"REQ-014.06","REQ-024.03","Retained and re-anchored","Part 2","SURVEY EXPERIENCE","L755; L765","Exact heading, taxonomy, Phase 0 mapping, acceptance criterion, and evidence rule corrected."
"REQ-014.07","REQ-024.04","Retained and re-anchored","Part 2","SURVEY EXPERIENCE","L755; L767","Exact heading, taxonomy, Phase 0 mapping, acceptance criterion, and evidence rule corrected."
"REQ-014.08","REQ-024.05","Retained and re-anchored","Part 2","SURVEY EXPERIENCE","L755; L769","Exact heading, taxonomy, Phase 0 mapping, acceptance criterion, and evidence rule corrected."
"REQ-014.03","REQ-024.06","Retained and re-anchored","Part 2","SURVEY EXPERIENCE","L755; L759","Exact heading, taxonomy, Phase 0 mapping, acceptance criterion, and evidence rule corrected."
"REQ-014.02","REQ-024.07","Retained and re-anchored","Part 2","SURVEY EXPERIENCE","L755; L757","Exact heading, taxonomy, Phase 0 mapping, acceptance criterion, and evidence rule corrected."
"REQ-014.04","REQ-024.08","Retained and re-anchored","Part 2","SURVEY EXPERIENCE","L755; L761","Exact heading, taxonomy, Phase 0 mapping, acceptance criterion, and evidence rule corrected."
"REQ-014.09","REQ-024.09","Retained and re-anchored","Part 2","SURVEY EXPERIENCE","L771–L773","Exact heading, taxonomy, Phase 0 mapping, acceptance criterion, and evidence rule corrected."
"REQ-014.10","REQ-024.10","Retained and re-anchored","Part 2","SURVEY EXPERIENCE","L775","Exact heading, taxonomy, Phase 0 mapping, acceptance criterion, and evidence rule corrected."
"REQ-014.11","REQ-024.11","Retained and re-anchored","Part 2","SURVEY EXPERIENCE","L777–L779","Exact heading, taxonomy, Phase 0 mapping, acceptance criterion, and evidence rule corrected."
"REQ-014.12","REQ-024.12","Retained and re-anchored","Part 2","SURVEY EXPERIENCE","L781","Exact heading, taxonomy, Phase 0 mapping, acceptance criterion, and evidence rule corrected."
"REQ-015.01","REQ-025.01","Retained and re-anchored","Part 2","REWARD POINT SYSTEM","L785–L789","Exact heading, taxonomy, Phase 0 mapping, acceptance criterion, and evidence rule corrected."
"REQ-015.02","REQ-025.02","Retained and re-anchored","Part 2","REWARD POINT SYSTEM","L795","Exact heading, taxonomy, Phase 0 mapping, acceptance criterion, and evidence rule corrected."
"REQ-015.03","REQ-025.03","Retained and re-anchored","Part 2","REWARD POINT SYSTEM","L797","Exact heading, taxonomy, Phase 0 mapping, acceptance criterion, and evidence rule corrected."
"REQ-015.05","REQ-025.04","Retained and re-anchored","Part 2","REWARD POINT SYSTEM","L799; L803","Exact heading, taxonomy, Phase 0 mapping, acceptance criterion, and evidence rule corrected."
"REQ-015.06","REQ-025.05","Retained and re-anchored","Part 2","REWARD POINT SYSTEM","L799; L805","Exact heading, taxonomy, Phase 0 mapping, acceptance criterion, and evidence rule corrected."
"REQ-015.04","REQ-025.06","Retained and re-anchored","Part 2","REWARD POINT SYSTEM","L799; L801","Exact heading, taxonomy, Phase 0 mapping, acceptance criterion, and evidence rule corrected."
"REQ-015.07","REQ-025.07","Retained and re-anchored","Part 2","REWARD POINT SYSTEM","L807","Exact heading, taxonomy, Phase 0 mapping, acceptance criterion, and evidence rule corrected."
"REQ-016.01","REQ-026.01","Retained and re-anchored","Part 2","WITHDRAWAL SYSTEM","L811–L813","Exact heading, taxonomy, Phase 0 mapping, acceptance criterion, and evidence rule corrected."
"REQ-016.01","REQ-026.02","Retained and re-anchored","Part 2","WITHDRAWAL SYSTEM","L811–L813","Exact heading, taxonomy, Phase 0 mapping, acceptance criterion, and evidence rule corrected."
"REQ-016.02","REQ-026.03","Retained and re-anchored","Part 2","WITHDRAWAL SYSTEM","L815; L817","Exact heading, taxonomy, Phase 0 mapping, acceptance criterion, and evidence rule corrected."
"REQ-016.03","REQ-026.04","Retained and re-anchored","Part 2","WITHDRAWAL SYSTEM","L815; L819","Exact heading, taxonomy, Phase 0 mapping, acceptance criterion, and evidence rule corrected."
"REQ-016.04","REQ-026.05","Retained and re-anchored","Part 2","WITHDRAWAL SYSTEM","L815; L821","Exact heading, taxonomy, Phase 0 mapping, acceptance criterion, and evidence rule corrected."
"REQ-016.05","REQ-026.06","Retained and re-anchored","Part 2","WITHDRAWAL SYSTEM","L823","Exact heading, taxonomy, Phase 0 mapping, acceptance criterion, and evidence rule corrected."
"REQ-016.11","REQ-026.07","Retained and re-anchored","Part 2","WITHDRAWAL SYSTEM","L825; L837","Exact heading, taxonomy, Phase 0 mapping, acceptance criterion, and evidence rule corrected."
"REQ-016.09","REQ-026.08","Retained and re-anchored","Part 2","WITHDRAWAL SYSTEM","L825; L833","Exact heading, taxonomy, Phase 0 mapping, acceptance criterion, and evidence rule corrected."
"REQ-016.08","REQ-026.09","Retained and re-anchored","Part 2","WITHDRAWAL SYSTEM","L825; L831","Exact heading, taxonomy, Phase 0 mapping, acceptance criterion, and evidence rule corrected."
"REQ-016.07","REQ-026.10","Retained and re-anchored","Part 2","WITHDRAWAL SYSTEM","L825; L829","Exact heading, taxonomy, Phase 0 mapping, acceptance criterion, and evidence rule corrected."
"REQ-016.06","REQ-026.11","Retained and re-anchored","Part 2","WITHDRAWAL SYSTEM","L825; L827","Exact heading, taxonomy, Phase 0 mapping, acceptance criterion, and evidence rule corrected."
"REQ-016.10","REQ-026.12","Retained and re-anchored","Part 2","WITHDRAWAL SYSTEM","L825; L835","Exact heading, taxonomy, Phase 0 mapping, acceptance criterion, and evidence rule corrected."
"REQ-016.12","REQ-026.13","Retained and re-anchored","Part 2","WITHDRAWAL SYSTEM","L839","Exact heading, taxonomy, Phase 0 mapping, acceptance criterion, and evidence rule corrected."
"REQ-017.01","REQ-027.01","Retained and re-anchored","Part 2","NOTIFICATION CENTER","L843–L845","Exact heading, taxonomy, Phase 0 mapping, acceptance criterion, and evidence rule corrected."
"REQ-017.06","REQ-027.02","Retained and re-anchored","Part 2","NOTIFICATION CENTER","L847; L857","Exact heading, taxonomy, Phase 0 mapping, acceptance criterion, and evidence rule corrected."
"REQ-017.08","REQ-027.03","Retained and re-anchored","Part 2","NOTIFICATION CENTER","L847; L861","Exact heading, taxonomy, Phase 0 mapping, acceptance criterion, and evidence rule corrected."
"REQ-017.03","REQ-027.04","Retained and re-anchored","Part 2","NOTIFICATION CENTER","L847; L851","Exact heading, taxonomy, Phase 0 mapping, acceptance criterion, and evidence rule corrected."
"REQ-017.05","REQ-027.05","Retained and re-anchored","Part 2","NOTIFICATION CENTER","L847; L855","Exact heading, taxonomy, Phase 0 mapping, acceptance criterion, and evidence rule corrected."
"REQ-017.07","REQ-027.06","Retained and re-anchored","Part 2","NOTIFICATION CENTER","L847; L859","Exact heading, taxonomy, Phase 0 mapping, acceptance criterion, and evidence rule corrected."
"REQ-017.02","REQ-027.07","Retained and re-anchored","Part 2","NOTIFICATION CENTER","L847; L849","Exact heading, taxonomy, Phase 0 mapping, acceptance criterion, and evidence rule corrected."
"REQ-017.09","REQ-027.08","Retained and re-anchored","Part 2","NOTIFICATION CENTER","L847; L863","Exact heading, taxonomy, Phase 0 mapping, acceptance criterion, and evidence rule corrected."
"REQ-017.04","REQ-027.09","Retained and re-anchored","Part 2","NOTIFICATION CENTER","L847; L853","Exact heading, taxonomy, Phase 0 mapping, acceptance criterion, and evidence rule corrected."
"REQ-017.12","REQ-027.10","Retained and re-anchored","Part 2","NOTIFICATION CENTER","L865; L871","Exact heading, taxonomy, Phase 0 mapping, acceptance criterion, and evidence rule corrected."
"REQ-017.13","REQ-027.11","Retained and re-anchored","Part 2","NOTIFICATION CENTER","L865; L873","Exact heading, taxonomy, Phase 0 mapping, acceptance criterion, and evidence rule corrected."
"REQ-017.11","REQ-027.12","Retained and re-anchored","Part 2","NOTIFICATION CENTER","L865; L869","Exact heading, taxonomy, Phase 0 mapping, acceptance criterion, and evidence rule corrected."
"REQ-017.10","REQ-027.13","Retained and re-anchored","Part 2","NOTIFICATION CENTER","L865; L867","Exact heading, taxonomy, Phase 0 mapping, acceptance criterion, and evidence rule corrected."
"REQ-017.14","REQ-027.14","Retained and re-anchored","Part 2","NOTIFICATION CENTER","L875","Exact heading, taxonomy, Phase 0 mapping, acceptance criterion, and evidence rule corrected."
"REQ-018.01","REQ-028.01","Retained and re-anchored","Part 2","SUPPORT CENTER","L879–L881","Exact heading, taxonomy, Phase 0 mapping, acceptance criterion, and evidence rule corrected."
"REQ-018.05","REQ-028.02","Retained and re-anchored","Part 2","SUPPORT CENTER","L883; L891","Exact heading, taxonomy, Phase 0 mapping, acceptance criterion, and evidence rule corrected."
"REQ-018.06","REQ-028.03","Retained and re-anchored","Part 2","SUPPORT CENTER","L883; L893","Exact heading, taxonomy, Phase 0 mapping, acceptance criterion, and evidence rule corrected."
"REQ-018.07","REQ-028.04","Retained and re-anchored","Part 2","SUPPORT CENTER","L883; L895","Exact heading, taxonomy, Phase 0 mapping, acceptance criterion, and evidence rule corrected."
"REQ-018.08","REQ-028.05","Retained and re-anchored","Part 2","SUPPORT CENTER","L883; L897","Exact heading, taxonomy, Phase 0 mapping, acceptance criterion, and evidence rule corrected."
"REQ-018.09","REQ-028.06","Retained and re-anchored","Part 2","SUPPORT CENTER","L883; L899","Exact heading, taxonomy, Phase 0 mapping, acceptance criterion, and evidence rule corrected."
"REQ-018.10","REQ-028.07","Retained and re-anchored","Part 2","SUPPORT CENTER","L883; L901","Exact heading, taxonomy, Phase 0 mapping, acceptance criterion, and evidence rule corrected."
"REQ-018.02","REQ-028.08","Retained and re-anchored","Part 2","SUPPORT CENTER","L883; L885","Exact heading, taxonomy, Phase 0 mapping, acceptance criterion, and evidence rule corrected."
"REQ-018.03","REQ-028.09","Retained and re-anchored","Part 2","SUPPORT CENTER","L883; L887","Exact heading, taxonomy, Phase 0 mapping, acceptance criterion, and evidence rule corrected."
"REQ-018.04","REQ-028.10","Retained and re-anchored","Part 2","SUPPORT CENTER","L883; L889","Exact heading, taxonomy, Phase 0 mapping, acceptance criterion, and evidence rule corrected."
"REQ-018.11","REQ-028.11","Retained and re-anchored","Part 2","SUPPORT CENTER","L903","Exact heading, taxonomy, Phase 0 mapping, acceptance criterion, and evidence rule corrected."
"REQ-019.01","REQ-029.01","Retained and re-anchored","Part 2","BLOG SYSTEM","L907–L909","Exact heading, taxonomy, Phase 0 mapping, acceptance criterion, and evidence rule corrected."
"REQ-019.02","REQ-029.02","Retained and re-anchored","Part 2","BLOG SYSTEM","L911; L921","Exact heading, taxonomy, Phase 0 mapping, acceptance criterion, and evidence rule corrected."
"REQ-019.02","REQ-029.03","Retained and re-anchored","Part 2","BLOG SYSTEM","L911; L915","Exact heading, taxonomy, Phase 0 mapping, acceptance criterion, and evidence rule corrected."
"REQ-019.02","REQ-029.04","Retained and re-anchored","Part 2","BLOG SYSTEM","L911; L913","Exact heading, taxonomy, Phase 0 mapping, acceptance criterion, and evidence rule corrected."
"REQ-019.02","REQ-029.05","Retained and re-anchored","Part 2","BLOG SYSTEM","L911; L917","Exact heading, taxonomy, Phase 0 mapping, acceptance criterion, and evidence rule corrected."
"REQ-019.02","REQ-029.06","Retained and re-anchored","Part 2","BLOG SYSTEM","L911; L919","Exact heading, taxonomy, Phase 0 mapping, acceptance criterion, and evidence rule corrected."
"REQ-019.06","REQ-029.07","Retained and re-anchored","Part 2","BLOG SYSTEM","L939; L945","Exact heading, taxonomy, Phase 0 mapping, acceptance criterion, and evidence rule corrected."
"REQ-019.10","REQ-029.08","Retained and re-anchored","Part 2","BLOG SYSTEM","L939; L953","Exact heading, taxonomy, Phase 0 mapping, acceptance criterion, and evidence rule corrected."
"REQ-019.08","REQ-029.09","Retained and re-anchored","Part 2","BLOG SYSTEM","L939; L949","Exact heading, taxonomy, Phase 0 mapping, acceptance criterion, and evidence rule corrected."
"REQ-019.04","REQ-029.10","Retained and re-anchored","Part 2","BLOG SYSTEM","L939; L941","Exact heading, taxonomy, Phase 0 mapping, acceptance criterion, and evidence rule corrected."
"REQ-019.07","REQ-029.11","Retained and re-anchored","Part 2","BLOG SYSTEM","L939; L947","Exact heading, taxonomy, Phase 0 mapping, acceptance criterion, and evidence rule corrected."
"REQ-019.12","REQ-029.12","Retained and re-anchored","Part 2","BLOG SYSTEM","L939; L957","Exact heading, taxonomy, Phase 0 mapping, acceptance criterion, and evidence rule corrected."
"REQ-019.05","REQ-029.13","Retained and re-anchored","Part 2","BLOG SYSTEM","L939; L943","Exact heading, taxonomy, Phase 0 mapping, acceptance criterion, and evidence rule corrected."
"REQ-019.11","REQ-029.14","Retained and re-anchored","Part 2","BLOG SYSTEM","L939; L955","Exact heading, taxonomy, Phase 0 mapping, acceptance criterion, and evidence rule corrected."
"REQ-019.09","REQ-029.15","Retained and re-anchored","Part 2","BLOG SYSTEM","L939; L951","Exact heading, taxonomy, Phase 0 mapping, acceptance criterion, and evidence rule corrected."
"REQ-020.01","REQ-030.01","Retained and re-anchored","Part 2","SEO REQUIREMENTS","L961–L963","Exact heading, taxonomy, Phase 0 mapping, acceptance criterion, and evidence rule corrected."
"REQ-020.05","REQ-030.02","Retained and re-anchored","Part 2","SEO REQUIREMENTS","L965; L973","Exact heading, taxonomy, Phase 0 mapping, acceptance criterion, and evidence rule corrected."
"REQ-020.13","REQ-030.03","Retained and re-anchored","Part 2","SEO REQUIREMENTS","L965; L989","Exact heading, taxonomy, Phase 0 mapping, acceptance criterion, and evidence rule corrected."
"REQ-020.12","REQ-030.04","Retained and re-anchored","Part 2","SEO REQUIREMENTS","L965; L987","Exact heading, taxonomy, Phase 0 mapping, acceptance criterion, and evidence rule corrected."
"REQ-020.06","REQ-030.05","Retained and re-anchored","Part 2","SEO REQUIREMENTS","L965; L975","Exact heading, taxonomy, Phase 0 mapping, acceptance criterion, and evidence rule corrected."
"REQ-020.08","REQ-030.06","Retained and re-anchored","Part 2","SEO REQUIREMENTS","L965; L979","Exact heading, taxonomy, Phase 0 mapping, acceptance criterion, and evidence rule corrected."
"REQ-020.10","REQ-030.07","Retained and re-anchored","Part 2","SEO REQUIREMENTS","L965; L983","Exact heading, taxonomy, Phase 0 mapping, acceptance criterion, and evidence rule corrected."
"REQ-020.04","REQ-030.08","Retained and re-anchored","Part 2","SEO REQUIREMENTS","L965; L971","Exact heading, taxonomy, Phase 0 mapping, acceptance criterion, and evidence rule corrected."
"REQ-020.11","REQ-030.09","Retained and re-anchored","Part 2","SEO REQUIREMENTS","L965; L985","Exact heading, taxonomy, Phase 0 mapping, acceptance criterion, and evidence rule corrected."
"REQ-020.03","REQ-030.10","Retained and re-anchored","Part 2","SEO REQUIREMENTS","L965; L969","Exact heading, taxonomy, Phase 0 mapping, acceptance criterion, and evidence rule corrected."
"REQ-020.02","REQ-030.11","Retained and re-anchored","Part 2","SEO REQUIREMENTS","L965; L967","Exact heading, taxonomy, Phase 0 mapping, acceptance criterion, and evidence rule corrected."
"REQ-020.09","REQ-030.12","Retained and re-anchored","Part 2","SEO REQUIREMENTS","L965; L981","Exact heading, taxonomy, Phase 0 mapping, acceptance criterion, and evidence rule corrected."
"REQ-020.07","REQ-030.13","Retained and re-anchored","Part 2","SEO REQUIREMENTS","L965; L977","Exact heading, taxonomy, Phase 0 mapping, acceptance criterion, and evidence rule corrected."
"REQ-020.14","REQ-030.14","Retained and re-anchored","Part 2","SEO REQUIREMENTS","L991","Exact heading, taxonomy, Phase 0 mapping, acceptance criterion, and evidence rule corrected."
"REQ-021.05","REQ-031.01","Retained and re-anchored","Part 2","PERFORMANCE TARGETS","L997; L1007","Exact heading, taxonomy, Phase 0 mapping, acceptance criterion, and evidence rule corrected."
"REQ-021.07","REQ-031.02","Retained and re-anchored","Part 2","PERFORMANCE TARGETS","L997; L1011","Exact heading, taxonomy, Phase 0 mapping, acceptance criterion, and evidence rule corrected."
"REQ-021.01","REQ-031.03","Retained and re-anchored","Part 2","PERFORMANCE TARGETS","L997; L999","Exact heading, taxonomy, Phase 0 mapping, acceptance criterion, and evidence rule corrected."
"REQ-021.06","REQ-031.04","Retained and re-anchored","Part 2","PERFORMANCE TARGETS","L997; L1009","Exact heading, taxonomy, Phase 0 mapping, acceptance criterion, and evidence rule corrected."
"REQ-021.04","REQ-031.05","Retained and re-anchored","Part 2","PERFORMANCE TARGETS","L997; L1005","Exact heading, taxonomy, Phase 0 mapping, acceptance criterion, and evidence rule corrected."
"REQ-021.03","REQ-031.06","Retained and re-anchored","Part 2","PERFORMANCE TARGETS","L997; L1003","Exact heading, taxonomy, Phase 0 mapping, acceptance criterion, and evidence rule corrected."
"REQ-021.02","REQ-031.07","Retained and re-anchored","Part 2","PERFORMANCE TARGETS","L997; L1001","Exact heading, taxonomy, Phase 0 mapping, acceptance criterion, and evidence rule corrected."
"REQ-021.08","REQ-031.08","Retained and re-anchored","Part 2","PERFORMANCE TARGETS","L1013","Exact heading, taxonomy, Phase 0 mapping, acceptance criterion, and evidence rule corrected."
"REQ-021.08","REQ-031.09","Retained and re-anchored","Part 2","PERFORMANCE TARGETS","L1013","Exact heading, taxonomy, Phase 0 mapping, acceptance criterion, and evidence rule corrected."
"REQ-022.01","REQ-032.01","Retained and re-anchored","Part 3","SUPER ADMIN ERP","L1059–L1063","Exact heading, taxonomy, Phase 0 mapping, acceptance criterion, and evidence rule corrected."
"REQ-022.02","REQ-032.02","Retained and re-anchored","Part 3","SUPER ADMIN ERP","L1065","Exact heading, taxonomy, Phase 0 mapping, acceptance criterion, and evidence rule corrected."
"REQ-022.03","REQ-032.03","Retained and re-anchored","Part 3","SUPER ADMIN ERP","L1067","Exact heading, taxonomy, Phase 0 mapping, acceptance criterion, and evidence rule corrected."
"REQ-022.04","REQ-033.01","Retained and re-anchored","Part 3","ADMIN DASHBOARD","L1071–L1073","Exact heading, taxonomy, Phase 0 mapping, acceptance criterion, and evidence rule corrected."
"REQ-022.29","REQ-033.02","Retained and re-anchored","Part 3","ADMIN DASHBOARD","L1075; L1125","Exact heading, taxonomy, Phase 0 mapping, acceptance criterion, and evidence rule corrected."
"REQ-022.06","REQ-033.03","Retained and re-anchored","Part 3","ADMIN DASHBOARD","L1075; L1079","Exact heading, taxonomy, Phase 0 mapping, acceptance criterion, and evidence rule corrected."
"REQ-022.25","REQ-033.04","Retained and re-anchored","Part 3","ADMIN DASHBOARD","L1075; L1117","Exact heading, taxonomy, Phase 0 mapping, acceptance criterion, and evidence rule corrected."
"REQ-022.15","REQ-033.05","Retained and re-anchored","Part 3","ADMIN DASHBOARD","L1075; L1097","Exact heading, taxonomy, Phase 0 mapping, acceptance criterion, and evidence rule corrected."
"REQ-022.19","REQ-033.06","Retained and re-anchored","Part 3","ADMIN DASHBOARD","L1075; L1105","Exact heading, taxonomy, Phase 0 mapping, acceptance criterion, and evidence rule corrected."
"REQ-022.11","REQ-033.07","Retained and re-anchored","Part 3","ADMIN DASHBOARD","L1075; L1089","Exact heading, taxonomy, Phase 0 mapping, acceptance criterion, and evidence rule corrected."
"REQ-022.30","REQ-033.08","Retained and re-anchored","Part 3","ADMIN DASHBOARD","L1075; L1127","Exact heading, taxonomy, Phase 0 mapping, acceptance criterion, and evidence rule corrected."
"REQ-022.27","REQ-033.09","Retained and re-anchored","Part 3","ADMIN DASHBOARD","L1075; L1121","Exact heading, taxonomy, Phase 0 mapping, acceptance criterion, and evidence rule corrected."
"REQ-022.16","REQ-033.10","Retained and re-anchored","Part 3","ADMIN DASHBOARD","L1075; L1099","Exact heading, taxonomy, Phase 0 mapping, acceptance criterion, and evidence rule corrected."
"REQ-022.23","REQ-033.11","Retained and re-anchored","Part 3","ADMIN DASHBOARD","L1075; L1113","Exact heading, taxonomy, Phase 0 mapping, acceptance criterion, and evidence rule corrected."
"REQ-022.09","REQ-033.12","Retained and re-anchored","Part 3","ADMIN DASHBOARD","L1075; L1085","Exact heading, taxonomy, Phase 0 mapping, acceptance criterion, and evidence rule corrected."
"REQ-022.21","REQ-033.13","Retained and re-anchored","Part 3","ADMIN DASHBOARD","L1075; L1109","Exact heading, taxonomy, Phase 0 mapping, acceptance criterion, and evidence rule corrected."
"REQ-022.12","REQ-033.14","Retained and re-anchored","Part 3","ADMIN DASHBOARD","L1075; L1091","Exact heading, taxonomy, Phase 0 mapping, acceptance criterion, and evidence rule corrected."
"REQ-022.07","REQ-033.15","Retained and re-anchored","Part 3","ADMIN DASHBOARD","L1075; L1081","Exact heading, taxonomy, Phase 0 mapping, acceptance criterion, and evidence rule corrected."
"REQ-022.10","REQ-033.16","Retained and re-anchored","Part 3","ADMIN DASHBOARD","L1075; L1087","Exact heading, taxonomy, Phase 0 mapping, acceptance criterion, and evidence rule corrected."
"REQ-022.14","REQ-033.17","Retained and re-anchored","Part 3","ADMIN DASHBOARD","L1075; L1095","Exact heading, taxonomy, Phase 0 mapping, acceptance criterion, and evidence rule corrected."
"REQ-022.18","REQ-033.18","Retained and re-anchored","Part 3","ADMIN DASHBOARD","L1075; L1103","Exact heading, taxonomy, Phase 0 mapping, acceptance criterion, and evidence rule corrected."
"REQ-022.26","REQ-033.19","Retained and re-anchored","Part 3","ADMIN DASHBOARD","L1075; L1119","Exact heading, taxonomy, Phase 0 mapping, acceptance criterion, and evidence rule corrected."
"REQ-022.28","REQ-033.20","Retained and re-anchored","Part 3","ADMIN DASHBOARD","L1075; L1123","Exact heading, taxonomy, Phase 0 mapping, acceptance criterion, and evidence rule corrected."
"REQ-022.22","REQ-033.21","Retained and re-anchored","Part 3","ADMIN DASHBOARD","L1075; L1111","Exact heading, taxonomy, Phase 0 mapping, acceptance criterion, and evidence rule corrected."
"REQ-022.17","REQ-033.22","Retained and re-anchored","Part 3","ADMIN DASHBOARD","L1075; L1101","Exact heading, taxonomy, Phase 0 mapping, acceptance criterion, and evidence rule corrected."
"REQ-022.24","REQ-033.23","Retained and re-anchored","Part 3","ADMIN DASHBOARD","L1075; L1115","Exact heading, taxonomy, Phase 0 mapping, acceptance criterion, and evidence rule corrected."
"REQ-022.05","REQ-033.24","Retained and re-anchored","Part 3","ADMIN DASHBOARD","L1075; L1077","Exact heading, taxonomy, Phase 0 mapping, acceptance criterion, and evidence rule corrected."
"REQ-022.13","REQ-033.25","Retained and re-anchored","Part 3","ADMIN DASHBOARD","L1075; L1093","Exact heading, taxonomy, Phase 0 mapping, acceptance criterion, and evidence rule corrected."
"REQ-022.08","REQ-033.26","Retained and re-anchored","Part 3","ADMIN DASHBOARD","L1075; L1083","Exact heading, taxonomy, Phase 0 mapping, acceptance criterion, and evidence rule corrected."
"REQ-022.20","REQ-033.27","Retained and re-anchored","Part 3","ADMIN DASHBOARD","L1075; L1107","Exact heading, taxonomy, Phase 0 mapping, acceptance criterion, and evidence rule corrected."
"REQ-022.31","REQ-033.28","Retained and re-anchored","Part 3","ADMIN DASHBOARD","L1129","Exact heading, taxonomy, Phase 0 mapping, acceptance criterion, and evidence rule corrected."
"REQ-023.04","REQ-034.01","Retained and re-anchored","Part 3","USER MANAGEMENT","L1135; L1143","Exact heading, taxonomy, Phase 0 mapping, acceptance criterion, and evidence rule corrected."
"REQ-023.02","REQ-034.02","Retained and re-anchored","Part 3","USER MANAGEMENT","L1135; L1139","Exact heading, taxonomy, Phase 0 mapping, acceptance criterion, and evidence rule corrected."
"REQ-023.15","REQ-034.03","Retained and re-anchored","Part 3","USER MANAGEMENT","L1135; L1165","Exact heading, taxonomy, Phase 0 mapping, acceptance criterion, and evidence rule corrected."
"REQ-023.05","REQ-034.04","Retained and re-anchored","Part 3","USER MANAGEMENT","L1135; L1145","Exact heading, taxonomy, Phase 0 mapping, acceptance criterion, and evidence rule corrected."
"REQ-023.14","REQ-034.05","Retained and re-anchored","Part 3","USER MANAGEMENT","L1135; L1163","Exact heading, taxonomy, Phase 0 mapping, acceptance criterion, and evidence rule corrected."
"REQ-023.17","REQ-034.06","Retained and re-anchored","Part 3","USER MANAGEMENT","L1135; L1169","Exact heading, taxonomy, Phase 0 mapping, acceptance criterion, and evidence rule corrected."
"REQ-023.21","REQ-034.07","Retained and re-anchored","Part 3","USER MANAGEMENT","L1135; L1177","Exact heading, taxonomy, Phase 0 mapping, acceptance criterion, and evidence rule corrected."
"REQ-023.20","REQ-034.08","Retained and re-anchored","Part 3","USER MANAGEMENT","L1135; L1175","Exact heading, taxonomy, Phase 0 mapping, acceptance criterion, and evidence rule corrected."
"REQ-023.01","REQ-034.09","Retained and re-anchored","Part 3","USER MANAGEMENT","L1135; L1137","Exact heading, taxonomy, Phase 0 mapping, acceptance criterion, and evidence rule corrected."
"REQ-023.19","REQ-034.10","Retained and re-anchored","Part 3","USER MANAGEMENT","L1135; L1173","Exact heading, taxonomy, Phase 0 mapping, acceptance criterion, and evidence rule corrected."
"REQ-023.03","REQ-034.11","Retained and re-anchored","Part 3","USER MANAGEMENT","L1135; L1141","Exact heading, taxonomy, Phase 0 mapping, acceptance criterion, and evidence rule corrected."
"REQ-023.16","REQ-034.12","Retained and re-anchored","Part 3","USER MANAGEMENT","L1135; L1167","Exact heading, taxonomy, Phase 0 mapping, acceptance criterion, and evidence rule corrected."
"REQ-023.18","REQ-034.13","Retained and re-anchored","Part 3","USER MANAGEMENT","L1135; L1171","Exact heading, taxonomy, Phase 0 mapping, acceptance criterion, and evidence rule corrected."
"REQ-023.06","REQ-034.14","Retained and re-anchored","Part 3","USER MANAGEMENT","L1135; L1147","Exact heading, taxonomy, Phase 0 mapping, acceptance criterion, and evidence rule corrected."
"REQ-023.13","REQ-034.15","Retained and re-anchored","Part 3","USER MANAGEMENT","L1135; L1161","Exact heading, taxonomy, Phase 0 mapping, acceptance criterion, and evidence rule corrected."
"REQ-023.12","REQ-034.16","Retained and re-anchored","Part 3","USER MANAGEMENT","L1135; L1159","Exact heading, taxonomy, Phase 0 mapping, acceptance criterion, and evidence rule corrected."
"REQ-023.11","REQ-034.17","Retained and re-anchored","Part 3","USER MANAGEMENT","L1135; L1157","Exact heading, taxonomy, Phase 0 mapping, acceptance criterion, and evidence rule corrected."
"REQ-023.08","REQ-034.18","Retained and re-anchored","Part 3","USER MANAGEMENT","L1135; L1151","Exact heading, taxonomy, Phase 0 mapping, acceptance criterion, and evidence rule corrected."
"REQ-023.09","REQ-034.19","Retained and re-anchored","Part 3","USER MANAGEMENT","L1135; L1153","Exact heading, taxonomy, Phase 0 mapping, acceptance criterion, and evidence rule corrected."
"REQ-023.07","REQ-034.20","Retained and re-anchored","Part 3","USER MANAGEMENT","L1135; L1149","Exact heading, taxonomy, Phase 0 mapping, acceptance criterion, and evidence rule corrected."
"REQ-023.10","REQ-034.21","Retained and re-anchored","Part 3","USER MANAGEMENT","L1135; L1155","Exact heading, taxonomy, Phase 0 mapping, acceptance criterion, and evidence rule corrected."
"REQ-024.01","REQ-035.01","Retained and re-anchored","Part 3","ACCOUNT MODERATION","L1181–L1183","Exact heading, taxonomy, Phase 0 mapping, acceptance criterion, and evidence rule corrected."
"REQ-024.03","REQ-035.02","Retained and re-anchored","Part 3","ACCOUNT MODERATION","L1197","Exact heading, taxonomy, Phase 0 mapping, acceptance criterion, and evidence rule corrected."
"REQ-025.01","REQ-036.01","Retained and re-anchored","Part 3","LIMIT TEMPLATE SYSTEM","L1201–L1203","Exact heading, taxonomy, Phase 0 mapping, acceptance criterion, and evidence rule corrected."
"REQ-025.02","REQ-036.02","Retained and re-anchored","Part 3","LIMIT TEMPLATE SYSTEM","L1227","Exact heading, taxonomy, Phase 0 mapping, acceptance criterion, and evidence rule corrected."
"REQ-025.17","REQ-036.03","Retained and re-anchored","Part 3","LIMIT TEMPLATE SYSTEM","L1255","Exact heading, taxonomy, Phase 0 mapping, acceptance criterion, and evidence rule corrected."
"REQ-025.16","REQ-036.04","Retained and re-anchored","Part 3","LIMIT TEMPLATE SYSTEM","L1255","Exact heading, taxonomy, Phase 0 mapping, acceptance criterion, and evidence rule corrected."
"REQ-025.15","REQ-036.05","Retained and re-anchored","Part 3","LIMIT TEMPLATE SYSTEM","L1255","Exact heading, taxonomy, Phase 0 mapping, acceptance criterion, and evidence rule corrected."
"REQ-026.01","REQ-037.01","Retained and re-anchored","Part 3","ROLE MANAGEMENT","L1259–L1261","Exact heading, taxonomy, Phase 0 mapping, acceptance criterion, and evidence rule corrected."
"REQ-026.04","REQ-037.02","Retained and re-anchored","Part 3","ROLE MANAGEMENT","L1281","Exact heading, taxonomy, Phase 0 mapping, acceptance criterion, and evidence rule corrected."
"REQ-026.03","REQ-037.03","Retained and re-anchored","Part 3","ROLE MANAGEMENT","L1281","Exact heading, taxonomy, Phase 0 mapping, acceptance criterion, and evidence rule corrected."
"REQ-027.01","REQ-038.01","Retained and re-anchored","Part 3","SYSTEM SETTINGS","L1285–L1287","Exact heading, taxonomy, Phase 0 mapping, acceptance criterion, and evidence rule corrected."
"REQ-027.04","REQ-038.02","Retained and re-anchored","Part 3","SYSTEM SETTINGS","L1289; L1295","Exact heading, taxonomy, Phase 0 mapping, acceptance criterion, and evidence rule corrected."
"REQ-027.12","REQ-038.03","Retained and re-anchored","Part 3","SYSTEM SETTINGS","L1289; L1311","Exact heading, taxonomy, Phase 0 mapping, acceptance criterion, and evidence rule corrected."
"REQ-027.11","REQ-038.04","Retained and re-anchored","Part 3","SYSTEM SETTINGS","L1289; L1309","Exact heading, taxonomy, Phase 0 mapping, acceptance criterion, and evidence rule corrected."
"REQ-027.07","REQ-038.05","Retained and re-anchored","Part 3","SYSTEM SETTINGS","L1289; L1301","Exact heading, taxonomy, Phase 0 mapping, acceptance criterion, and evidence rule corrected."
"REQ-027.10","REQ-038.06","Retained and re-anchored","Part 3","SYSTEM SETTINGS","L1289; L1307","Exact heading, taxonomy, Phase 0 mapping, acceptance criterion, and evidence rule corrected."
"REQ-027.13","REQ-038.07","Retained and re-anchored","Part 3","SYSTEM SETTINGS","L1289; L1313","Exact heading, taxonomy, Phase 0 mapping, acceptance criterion, and evidence rule corrected."
"REQ-027.14","REQ-038.08","Retained and re-anchored","Part 3","SYSTEM SETTINGS","L1289; L1315","Exact heading, taxonomy, Phase 0 mapping, acceptance criterion, and evidence rule corrected."
"REQ-027.05","REQ-038.09","Retained and re-anchored","Part 3","SYSTEM SETTINGS","L1289; L1297","Exact heading, taxonomy, Phase 0 mapping, acceptance criterion, and evidence rule corrected."
"REQ-027.09","REQ-038.10","Retained and re-anchored","Part 3","SYSTEM SETTINGS","L1289; L1305","Exact heading, taxonomy, Phase 0 mapping, acceptance criterion, and evidence rule corrected."
"REQ-027.03","REQ-038.11","Retained and re-anchored","Part 3","SYSTEM SETTINGS","L1289; L1293","Exact heading, taxonomy, Phase 0 mapping, acceptance criterion, and evidence rule corrected."
"REQ-027.08","REQ-038.12","Retained and re-anchored","Part 3","SYSTEM SETTINGS","L1289; L1303","Exact heading, taxonomy, Phase 0 mapping, acceptance criterion, and evidence rule corrected."
"REQ-027.02","REQ-038.13","Retained and re-anchored","Part 3","SYSTEM SETTINGS","L1289; L1291","Exact heading, taxonomy, Phase 0 mapping, acceptance criterion, and evidence rule corrected."
"REQ-027.06","REQ-038.14","Retained and re-anchored","Part 3","SYSTEM SETTINGS","L1289; L1299","Exact heading, taxonomy, Phase 0 mapping, acceptance criterion, and evidence rule corrected."
"REQ-028.04","REQ-039.01","Retained and re-anchored","Part 3","CONTENT MANAGEMENT SYSTEM (CMS)","L1321; L1329","Exact heading, taxonomy, Phase 0 mapping, acceptance criterion, and evidence rule corrected."
"REQ-028.10","REQ-039.02","Retained and re-anchored","Part 3","CONTENT MANAGEMENT SYSTEM (CMS)","L1321; L1341","Exact heading, taxonomy, Phase 0 mapping, acceptance criterion, and evidence rule corrected."
"REQ-028.11","REQ-039.03","Retained and re-anchored","Part 3","CONTENT MANAGEMENT SYSTEM (CMS)","L1321; L1343","Exact heading, taxonomy, Phase 0 mapping, acceptance criterion, and evidence rule corrected."
"REQ-028.12","REQ-039.04","Retained and re-anchored","Part 3","CONTENT MANAGEMENT SYSTEM (CMS)","L1321; L1345","Exact heading, taxonomy, Phase 0 mapping, acceptance criterion, and evidence rule corrected."
"REQ-028.09","REQ-039.05","Retained and re-anchored","Part 3","CONTENT MANAGEMENT SYSTEM (CMS)","L1321; L1339","Exact heading, taxonomy, Phase 0 mapping, acceptance criterion, and evidence rule corrected."
"REQ-028.01","REQ-039.06","Retained and re-anchored","Part 3","CONTENT MANAGEMENT SYSTEM (CMS)","L1321; L1323","Exact heading, taxonomy, Phase 0 mapping, acceptance criterion, and evidence rule corrected."
"REQ-028.02","REQ-039.07","Retained and re-anchored","Part 3","CONTENT MANAGEMENT SYSTEM (CMS)","L1321; L1325","Exact heading, taxonomy, Phase 0 mapping, acceptance criterion, and evidence rule corrected."
"REQ-028.03","REQ-039.08","Retained and re-anchored","Part 3","CONTENT MANAGEMENT SYSTEM (CMS)","L1321; L1327","Exact heading, taxonomy, Phase 0 mapping, acceptance criterion, and evidence rule corrected."
"REQ-028.07","REQ-039.09","Retained and re-anchored","Part 3","CONTENT MANAGEMENT SYSTEM (CMS)","L1321; L1335","Exact heading, taxonomy, Phase 0 mapping, acceptance criterion, and evidence rule corrected."
"REQ-028.05","REQ-039.10","Retained and re-anchored","Part 3","CONTENT MANAGEMENT SYSTEM (CMS)","L1321; L1331","Exact heading, taxonomy, Phase 0 mapping, acceptance criterion, and evidence rule corrected."
"REQ-028.06","REQ-039.11","Retained and re-anchored","Part 3","CONTENT MANAGEMENT SYSTEM (CMS)","L1321; L1333","Exact heading, taxonomy, Phase 0 mapping, acceptance criterion, and evidence rule corrected."
"REQ-028.08","REQ-039.12","Retained and re-anchored","Part 3","CONTENT MANAGEMENT SYSTEM (CMS)","L1321; L1337","Exact heading, taxonomy, Phase 0 mapping, acceptance criterion, and evidence rule corrected."
"REQ-028.13","REQ-039.13","Retained and re-anchored","Part 3","CONTENT MANAGEMENT SYSTEM (CMS)","L1347","Exact heading, taxonomy, Phase 0 mapping, acceptance criterion, and evidence rule corrected."
"REQ-028.14","REQ-039.14","Retained and re-anchored","Part 3","CONTENT MANAGEMENT SYSTEM (CMS)","L1347","Exact heading, taxonomy, Phase 0 mapping, acceptance criterion, and evidence rule corrected."
"REQ-029.01","REQ-040.01","Retained and re-anchored","Part 3","PROVIDER INTEGRATION FRAMEWORK","L1351–L1353","Exact heading, taxonomy, Phase 0 mapping, acceptance criterion, and evidence rule corrected."
"REQ-029.02","REQ-040.02","Retained and re-anchored","Part 3","PROVIDER INTEGRATION FRAMEWORK","L1355","Exact heading, taxonomy, Phase 0 mapping, acceptance criterion, and evidence rule corrected."
"REQ-029.03","REQ-040.03","Retained and re-anchored","Part 3","PROVIDER INTEGRATION FRAMEWORK","L1357","Exact heading, taxonomy, Phase 0 mapping, acceptance criterion, and evidence rule corrected."
"REQ-029.04","REQ-040.04","Retained and re-anchored","Part 3","PROVIDER INTEGRATION FRAMEWORK","L1359","Exact heading, taxonomy, Phase 0 mapping, acceptance criterion, and evidence rule corrected."
"REQ-029.05","REQ-040.05","Retained and re-anchored","Part 3","PROVIDER INTEGRATION FRAMEWORK","L1361","Exact heading, taxonomy, Phase 0 mapping, acceptance criterion, and evidence rule corrected."
"REQ-029.06","REQ-040.06","Retained and re-anchored","Part 3","PROVIDER INTEGRATION FRAMEWORK","L1361","Exact heading, taxonomy, Phase 0 mapping, acceptance criterion, and evidence rule corrected."
"REQ-029.08","REQ-040.07","Retained and re-anchored","Part 3","PROVIDER INTEGRATION FRAMEWORK","L1361","Exact heading, taxonomy, Phase 0 mapping, acceptance criterion, and evidence rule corrected."
"REQ-029.07","REQ-040.08","Retained and re-anchored","Part 3","PROVIDER INTEGRATION FRAMEWORK","L1361","Exact heading, taxonomy, Phase 0 mapping, acceptance criterion, and evidence rule corrected."
"REQ-029.09","REQ-040.09","Retained and re-anchored","Part 3","PROVIDER INTEGRATION FRAMEWORK","L1363","Exact heading, taxonomy, Phase 0 mapping, acceptance criterion, and evidence rule corrected."
"REQ-029.09","REQ-040.10","Retained and re-anchored","Part 3","PROVIDER INTEGRATION FRAMEWORK","L1363","Exact heading, taxonomy, Phase 0 mapping, acceptance criterion, and evidence rule corrected."
"REQ-030.02","REQ-041.01","Retained and re-anchored","Part 3","API MANAGEMENT","L1369; L1373","Exact heading, taxonomy, Phase 0 mapping, acceptance criterion, and evidence rule corrected."
"REQ-030.04","REQ-041.02","Retained and re-anchored","Part 3","API MANAGEMENT","L1369; L1377","Exact heading, taxonomy, Phase 0 mapping, acceptance criterion, and evidence rule corrected."
"REQ-030.05","REQ-041.03","Retained and re-anchored","Part 3","API MANAGEMENT","L1369; L1379","Exact heading, taxonomy, Phase 0 mapping, acceptance criterion, and evidence rule corrected."
"REQ-030.06","REQ-041.04","Retained and re-anchored","Part 3","API MANAGEMENT","L1369; L1381","Exact heading, taxonomy, Phase 0 mapping, acceptance criterion, and evidence rule corrected."
"REQ-030.01","REQ-041.05","Retained and re-anchored","Part 3","API MANAGEMENT","L1369; L1371","Exact heading, taxonomy, Phase 0 mapping, acceptance criterion, and evidence rule corrected."
"REQ-030.03","REQ-041.06","Retained and re-anchored","Part 3","API MANAGEMENT","L1369; L1375","Exact heading, taxonomy, Phase 0 mapping, acceptance criterion, and evidence rule corrected."
"REQ-030.07","REQ-041.07","Retained and re-anchored","Part 3","API MANAGEMENT","L1369; L1383","Exact heading, taxonomy, Phase 0 mapping, acceptance criterion, and evidence rule corrected."
"REQ-031.01","REQ-042.01","Retained and re-anchored","Part 3","EMAIL SYSTEM","L1389; L1391","Exact heading, taxonomy, Phase 0 mapping, acceptance criterion, and evidence rule corrected."
"REQ-031.02","REQ-042.02","Retained and re-anchored","Part 3","EMAIL SYSTEM","L1389; L1393","Exact heading, taxonomy, Phase 0 mapping, acceptance criterion, and evidence rule corrected."
"REQ-031.05","REQ-042.03","Retained and re-anchored","Part 3","EMAIL SYSTEM","L1389; L1399","Exact heading, taxonomy, Phase 0 mapping, acceptance criterion, and evidence rule corrected."
"REQ-031.03","REQ-042.04","Retained and re-anchored","Part 3","EMAIL SYSTEM","L1389; L1395","Exact heading, taxonomy, Phase 0 mapping, acceptance criterion, and evidence rule corrected."
"REQ-031.06","REQ-042.05","Retained and re-anchored","Part 3","EMAIL SYSTEM","L1389; L1401","Exact heading, taxonomy, Phase 0 mapping, acceptance criterion, and evidence rule corrected."
"REQ-031.04","REQ-042.06","Retained and re-anchored","Part 3","EMAIL SYSTEM","L1389; L1397","Exact heading, taxonomy, Phase 0 mapping, acceptance criterion, and evidence rule corrected."
"REQ-031.07","REQ-042.07","Retained and re-anchored","Part 3","EMAIL SYSTEM","L1403","Exact heading, taxonomy, Phase 0 mapping, acceptance criterion, and evidence rule corrected."
"REQ-031.07","REQ-042.08","Retained and re-anchored","Part 3","EMAIL SYSTEM","L1403","Exact heading, taxonomy, Phase 0 mapping, acceptance criterion, and evidence rule corrected."
"REQ-031.07","REQ-042.09","Retained and re-anchored","Part 3","EMAIL SYSTEM","L1403","Exact heading, taxonomy, Phase 0 mapping, acceptance criterion, and evidence rule corrected."
"REQ-031.07","REQ-042.10","Retained and re-anchored","Part 3","EMAIL SYSTEM","L1403","Exact heading, taxonomy, Phase 0 mapping, acceptance criterion, and evidence rule corrected."
"REQ-032.01","REQ-043.01","Retained and re-anchored","Part 3","AUDIT LOGGING","L1407–L1409","Exact heading, taxonomy, Phase 0 mapping, acceptance criterion, and evidence rule corrected."
"REQ-032.08","REQ-043.02","Retained and re-anchored","Part 3","AUDIT LOGGING","L1427; L1439","Exact heading, taxonomy, Phase 0 mapping, acceptance criterion, and evidence rule corrected."
"REQ-032.03","REQ-043.03","Retained and re-anchored","Part 3","AUDIT LOGGING","L1427; L1429","Exact heading, taxonomy, Phase 0 mapping, acceptance criterion, and evidence rule corrected."
"REQ-032.05","REQ-043.04","Retained and re-anchored","Part 3","AUDIT LOGGING","L1427; L1433","Exact heading, taxonomy, Phase 0 mapping, acceptance criterion, and evidence rule corrected."
"REQ-032.09","REQ-043.05","Retained and re-anchored","Part 3","AUDIT LOGGING","L1427; L1441","Exact heading, taxonomy, Phase 0 mapping, acceptance criterion, and evidence rule corrected."
"REQ-032.07","REQ-043.06","Retained and re-anchored","Part 3","AUDIT LOGGING","L1427; L1437","Exact heading, taxonomy, Phase 0 mapping, acceptance criterion, and evidence rule corrected."
"REQ-032.04","REQ-043.07","Retained and re-anchored","Part 3","AUDIT LOGGING","L1427; L1431","Exact heading, taxonomy, Phase 0 mapping, acceptance criterion, and evidence rule corrected."
"REQ-032.06","REQ-043.08","Retained and re-anchored","Part 3","AUDIT LOGGING","L1427; L1435","Exact heading, taxonomy, Phase 0 mapping, acceptance criterion, and evidence rule corrected."
"REQ-032.10","REQ-043.09","Retained and re-anchored","Part 3","AUDIT LOGGING","L1443","Exact heading, taxonomy, Phase 0 mapping, acceptance criterion, and evidence rule corrected."
"REQ-033.01","REQ-044.01","Retained and re-anchored","Part 3","SECURITY","L1447–L1451","Exact heading, taxonomy, Phase 0 mapping, acceptance criterion, and evidence rule corrected."
"REQ-033.04","REQ-044.02","Retained and re-anchored","Part 3","SECURITY","L1451; L1457","Exact heading, taxonomy, Phase 0 mapping, acceptance criterion, and evidence rule corrected."
"REQ-033.06","REQ-044.03","Retained and re-anchored","Part 3","SECURITY","L1451; L1461","Exact heading, taxonomy, Phase 0 mapping, acceptance criterion, and evidence rule corrected."
"REQ-033.05","REQ-044.04","Retained and re-anchored","Part 3","SECURITY","L1451; L1459","Exact heading, taxonomy, Phase 0 mapping, acceptance criterion, and evidence rule corrected."
"REQ-033.16","REQ-044.05","Retained and re-anchored","Part 3","SECURITY","L1451; L1481","Exact heading, taxonomy, Phase 0 mapping, acceptance criterion, and evidence rule corrected."
"REQ-033.09","REQ-044.06","Retained and re-anchored","Part 3","SECURITY","L1451; L1467","Exact heading, taxonomy, Phase 0 mapping, acceptance criterion, and evidence rule corrected."
"REQ-033.17","REQ-044.07","Retained and re-anchored","Part 3","SECURITY","L1451; L1483","Exact heading, taxonomy, Phase 0 mapping, acceptance criterion, and evidence rule corrected."
"REQ-033.10","REQ-044.08","Retained and re-anchored","Part 3","SECURITY","L1451; L1469","Exact heading, taxonomy, Phase 0 mapping, acceptance criterion, and evidence rule corrected."
"REQ-033.15","REQ-044.09","Retained and re-anchored","Part 3","SECURITY","L1451; L1479","Exact heading, taxonomy, Phase 0 mapping, acceptance criterion, and evidence rule corrected."
"REQ-033.15","REQ-044.10","Retained and re-anchored","Part 3","SECURITY","L1451; L1479","Exact heading, taxonomy, Phase 0 mapping, acceptance criterion, and evidence rule corrected."
"REQ-033.11","REQ-044.11","Retained and re-anchored","Part 3","SECURITY","L1451; L1471","Exact heading, taxonomy, Phase 0 mapping, acceptance criterion, and evidence rule corrected."
"REQ-033.08","REQ-044.12","Retained and re-anchored","Part 3","SECURITY","L1451; L1465","Exact heading, taxonomy, Phase 0 mapping, acceptance criterion, and evidence rule corrected."
"REQ-033.13","REQ-044.13","Retained and re-anchored","Part 3","SECURITY","L1451; L1475","Exact heading, taxonomy, Phase 0 mapping, acceptance criterion, and evidence rule corrected."
"REQ-033.02","REQ-044.14","Retained and re-anchored","Part 3","SECURITY","L1451; L1453","Exact heading, taxonomy, Phase 0 mapping, acceptance criterion, and evidence rule corrected."
"REQ-033.12","REQ-044.15","Retained and re-anchored","Part 3","SECURITY","L1451; L1473","Exact heading, taxonomy, Phase 0 mapping, acceptance criterion, and evidence rule corrected."
"REQ-033.07","REQ-044.16","Retained and re-anchored","Part 3","SECURITY","L1451; L1463","Exact heading, taxonomy, Phase 0 mapping, acceptance criterion, and evidence rule corrected."
"REQ-033.14","REQ-044.17","Retained and re-anchored","Part 3","SECURITY","L1451; L1477","Exact heading, taxonomy, Phase 0 mapping, acceptance criterion, and evidence rule corrected."
"REQ-033.03","REQ-044.18","Retained and re-anchored","Part 3","SECURITY","L1451; L1455","Exact heading, taxonomy, Phase 0 mapping, acceptance criterion, and evidence rule corrected."
"REQ-033.18","REQ-044.19","Retained and re-anchored","Part 3","SECURITY","L1485","Exact heading, taxonomy, Phase 0 mapping, acceptance criterion, and evidence rule corrected."
"REQ-034.01","REQ-045.01","Retained and re-anchored","Part 3","DATABASE ARCHITECTURE","L1489–L1491","Exact heading, taxonomy, Phase 0 mapping, acceptance criterion, and evidence rule corrected."
"REQ-034.01","REQ-045.02","Retained and re-anchored","Part 3","DATABASE ARCHITECTURE","L1489–L1491","Exact heading, taxonomy, Phase 0 mapping, acceptance criterion, and evidence rule corrected."
"REQ-034.01","REQ-045.03","Retained and re-anchored","Part 3","DATABASE ARCHITECTURE","L1489–L1491","Exact heading, taxonomy, Phase 0 mapping, acceptance criterion, and evidence rule corrected."
"REQ-034.07","REQ-045.04","Retained and re-anchored","Part 3","DATABASE ARCHITECTURE","L1493; L1505","Exact heading, taxonomy, Phase 0 mapping, acceptance criterion, and evidence rule corrected."
"REQ-034.09","REQ-045.05","Retained and re-anchored","Part 3","DATABASE ARCHITECTURE","L1493; L1509","Exact heading, taxonomy, Phase 0 mapping, acceptance criterion, and evidence rule corrected."
"REQ-034.08","REQ-045.06","Retained and re-anchored","Part 3","DATABASE ARCHITECTURE","L1493; L1507","Exact heading, taxonomy, Phase 0 mapping, acceptance criterion, and evidence rule corrected."
"REQ-034.05","REQ-045.07","Retained and re-anchored","Part 3","DATABASE ARCHITECTURE","L1493; L1501","Exact heading, taxonomy, Phase 0 mapping, acceptance criterion, and evidence rule corrected."
"REQ-034.04","REQ-045.08","Retained and re-anchored","Part 3","DATABASE ARCHITECTURE","L1493; L1499","Exact heading, taxonomy, Phase 0 mapping, acceptance criterion, and evidence rule corrected."
"REQ-034.06","REQ-045.09","Retained and re-anchored","Part 3","DATABASE ARCHITECTURE","L1493; L1503","Exact heading, taxonomy, Phase 0 mapping, acceptance criterion, and evidence rule corrected."
"REQ-034.03","REQ-045.10","Retained and re-anchored","Part 3","DATABASE ARCHITECTURE","L1493; L1497","Exact heading, taxonomy, Phase 0 mapping, acceptance criterion, and evidence rule corrected."
"REQ-034.02","REQ-045.11","Retained and re-anchored","Part 3","DATABASE ARCHITECTURE","L1493; L1495","Exact heading, taxonomy, Phase 0 mapping, acceptance criterion, and evidence rule corrected."
"REQ-034.11","REQ-045.12","Retained and re-anchored","Part 3","DATABASE ARCHITECTURE","L1511","Exact heading, taxonomy, Phase 0 mapping, acceptance criterion, and evidence rule corrected."
"REQ-034.10","REQ-045.13","Retained and re-anchored","Part 3","DATABASE ARCHITECTURE","L1511","Exact heading, taxonomy, Phase 0 mapping, acceptance criterion, and evidence rule corrected."
"REQ-035.01","REQ-046.01","Retained and re-anchored","Part 3","BACKEND ARCHITECTURE","L1515–L1517","Exact heading, taxonomy, Phase 0 mapping, acceptance criterion, and evidence rule corrected."
"REQ-035.02","REQ-046.02","Retained and re-anchored","Part 3","BACKEND ARCHITECTURE","L1519; L1531","Exact heading, taxonomy, Phase 0 mapping, acceptance criterion, and evidence rule corrected."
"REQ-035.02","REQ-046.03","Retained and re-anchored","Part 3","BACKEND ARCHITECTURE","L1519; L1521","Exact heading, taxonomy, Phase 0 mapping, acceptance criterion, and evidence rule corrected."
"REQ-035.02","REQ-046.04","Retained and re-anchored","Part 3","BACKEND ARCHITECTURE","L1519; L1533","Exact heading, taxonomy, Phase 0 mapping, acceptance criterion, and evidence rule corrected."
"REQ-035.02","REQ-046.05","Retained and re-anchored","Part 3","BACKEND ARCHITECTURE","L1519; L1527","Exact heading, taxonomy, Phase 0 mapping, acceptance criterion, and evidence rule corrected."
"REQ-035.02","REQ-046.06","Retained and re-anchored","Part 3","BACKEND ARCHITECTURE","L1519; L1529","Exact heading, taxonomy, Phase 0 mapping, acceptance criterion, and evidence rule corrected."
"REQ-035.02","REQ-046.07","Retained and re-anchored","Part 3","BACKEND ARCHITECTURE","L1519; L1523","Exact heading, taxonomy, Phase 0 mapping, acceptance criterion, and evidence rule corrected."
"REQ-035.02","REQ-046.08","Retained and re-anchored","Part 3","BACKEND ARCHITECTURE","L1519; L1525","Exact heading, taxonomy, Phase 0 mapping, acceptance criterion, and evidence rule corrected."
"REQ-035.03","REQ-046.09","Retained and re-anchored","Part 3","BACKEND ARCHITECTURE","L1535","Exact heading, taxonomy, Phase 0 mapping, acceptance criterion, and evidence rule corrected."
"REQ-035.03","REQ-046.10","Retained and re-anchored","Part 3","BACKEND ARCHITECTURE","L1535","Exact heading, taxonomy, Phase 0 mapping, acceptance criterion, and evidence rule corrected."
"REQ-035.03","REQ-046.11","Retained and re-anchored","Part 3","BACKEND ARCHITECTURE","L1535","Exact heading, taxonomy, Phase 0 mapping, acceptance criterion, and evidence rule corrected."
"REQ-035.04","REQ-046.12","Retained and re-anchored","Part 3","BACKEND ARCHITECTURE","L1537","Exact heading, taxonomy, Phase 0 mapping, acceptance criterion, and evidence rule corrected."
"REQ-035.07","REQ-047.01","Retained and re-anchored","Part 3","FRONTEND ARCHITECTURE","L1543; L1549","Exact heading, taxonomy, Phase 0 mapping, acceptance criterion, and evidence rule corrected."
"REQ-035.08","REQ-047.02","Retained and re-anchored","Part 3","FRONTEND ARCHITECTURE","L1543; L1551","Exact heading, taxonomy, Phase 0 mapping, acceptance criterion, and evidence rule corrected."
"REQ-035.10","REQ-047.03","Retained and re-anchored","Part 3","FRONTEND ARCHITECTURE","L1543; L1555","Exact heading, taxonomy, Phase 0 mapping, acceptance criterion, and evidence rule corrected."
"REQ-035.06","REQ-047.04","Retained and re-anchored","Part 3","FRONTEND ARCHITECTURE","L1543; L1547","Exact heading, taxonomy, Phase 0 mapping, acceptance criterion, and evidence rule corrected."
"REQ-035.09","REQ-047.05","Retained and re-anchored","Part 3","FRONTEND ARCHITECTURE","L1543; L1553","Exact heading, taxonomy, Phase 0 mapping, acceptance criterion, and evidence rule corrected."
"REQ-035.05","REQ-047.06","Retained and re-anchored","Part 3","FRONTEND ARCHITECTURE","L1543; L1545","Exact heading, taxonomy, Phase 0 mapping, acceptance criterion, and evidence rule corrected."
"REQ-035.11","REQ-047.07","Retained and re-anchored","Part 3","FRONTEND ARCHITECTURE","L1557","Exact heading, taxonomy, Phase 0 mapping, acceptance criterion, and evidence rule corrected."
"REQ-036.06","REQ-048.01","Retained and re-anchored","Part 3","PROJECT DOCUMENTATION","L1563; L1575","Exact heading, taxonomy, Phase 0 mapping, acceptance criterion, and evidence rule corrected."
"REQ-036.11","REQ-048.02","Retained and re-anchored","Part 3","PROJECT DOCUMENTATION","L1563; L1585","Exact heading, taxonomy, Phase 0 mapping, acceptance criterion, and evidence rule corrected."
"REQ-036.13","REQ-048.03","Retained and re-anchored","Part 3","PROJECT DOCUMENTATION","L1563; L1589","Exact heading, taxonomy, Phase 0 mapping, acceptance criterion, and evidence rule corrected."
"REQ-036.03","REQ-048.04","Retained and re-anchored","Part 3","PROJECT DOCUMENTATION","L1563; L1569","Exact heading, taxonomy, Phase 0 mapping, acceptance criterion, and evidence rule corrected."
"REQ-036.12","REQ-048.05","Retained and re-anchored","Part 3","PROJECT DOCUMENTATION","L1563; L1587","Exact heading, taxonomy, Phase 0 mapping, acceptance criterion, and evidence rule corrected."
"REQ-036.01","REQ-048.06","Retained and re-anchored","Part 3","PROJECT DOCUMENTATION","L1563; L1565","Exact heading, taxonomy, Phase 0 mapping, acceptance criterion, and evidence rule corrected."
"REQ-036.10","REQ-048.07","Retained and re-anchored","Part 3","PROJECT DOCUMENTATION","L1563; L1583","Exact heading, taxonomy, Phase 0 mapping, acceptance criterion, and evidence rule corrected."
"REQ-036.09","REQ-048.08","Retained and re-anchored","Part 3","PROJECT DOCUMENTATION","L1563; L1581","Exact heading, taxonomy, Phase 0 mapping, acceptance criterion, and evidence rule corrected."
"REQ-036.08","REQ-048.09","Retained and re-anchored","Part 3","PROJECT DOCUMENTATION","L1563; L1579","Exact heading, taxonomy, Phase 0 mapping, acceptance criterion, and evidence rule corrected."
"REQ-036.07","REQ-048.10","Retained and re-anchored","Part 3","PROJECT DOCUMENTATION","L1563; L1577","Exact heading, taxonomy, Phase 0 mapping, acceptance criterion, and evidence rule corrected."
"REQ-036.02","REQ-048.11","Retained and re-anchored","Part 3","PROJECT DOCUMENTATION","L1563; L1567","Exact heading, taxonomy, Phase 0 mapping, acceptance criterion, and evidence rule corrected."
"REQ-036.05","REQ-048.12","Retained and re-anchored","Part 3","PROJECT DOCUMENTATION","L1563; L1573","Exact heading, taxonomy, Phase 0 mapping, acceptance criterion, and evidence rule corrected."
"REQ-036.04","REQ-048.13","Retained and re-anchored","Part 3","PROJECT DOCUMENTATION","L1563; L1571","Exact heading, taxonomy, Phase 0 mapping, acceptance criterion, and evidence rule corrected."
"REQ-036.14","REQ-048.14","Retained and re-anchored","Part 3","PROJECT DOCUMENTATION","L1591","Exact heading, taxonomy, Phase 0 mapping, acceptance criterion, and evidence rule corrected."
"REQ-036.15","REQ-049.01","Retained and re-anchored","Part 3","INTERACTIVE DEVELOPMENT ROADMAP","L1595–L1597","Exact heading, taxonomy, Phase 0 mapping, acceptance criterion, and evidence rule corrected."
"REQ-036.17","REQ-049.02","Retained and re-anchored","Part 3","INTERACTIVE DEVELOPMENT ROADMAP","L1599; L1603","Exact heading, taxonomy, Phase 0 mapping, acceptance criterion, and evidence rule corrected."
"REQ-036.20","REQ-049.03","Retained and re-anchored","Part 3","INTERACTIVE DEVELOPMENT ROADMAP","L1599; L1609","Exact heading, taxonomy, Phase 0 mapping, acceptance criterion, and evidence rule corrected."
"REQ-036.16","REQ-049.04","Retained and re-anchored","Part 3","INTERACTIVE DEVELOPMENT ROADMAP","L1599; L1601","Exact heading, taxonomy, Phase 0 mapping, acceptance criterion, and evidence rule corrected."
"REQ-036.19","REQ-049.05","Retained and re-anchored","Part 3","INTERACTIVE DEVELOPMENT ROADMAP","L1599; L1607","Exact heading, taxonomy, Phase 0 mapping, acceptance criterion, and evidence rule corrected."
"REQ-036.18","REQ-049.06","Retained and re-anchored","Part 3","INTERACTIVE DEVELOPMENT ROADMAP","L1599; L1605","Exact heading, taxonomy, Phase 0 mapping, acceptance criterion, and evidence rule corrected."
"REQ-036.21","REQ-049.07","Retained and re-anchored","Part 3","INTERACTIVE DEVELOPMENT ROADMAP","L1599; L1611","Exact heading, taxonomy, Phase 0 mapping, acceptance criterion, and evidence rule corrected."
"REQ-036.22","REQ-049.08","Retained and re-anchored","Part 3","INTERACTIVE DEVELOPMENT ROADMAP","L1613","Exact heading, taxonomy, Phase 0 mapping, acceptance criterion, and evidence rule corrected."
"REQ-036.22","REQ-049.09","Retained and re-anchored","Part 3","INTERACTIVE DEVELOPMENT ROADMAP","L1613","Exact heading, taxonomy, Phase 0 mapping, acceptance criterion, and evidence rule corrected."
"REQ-037.01","REQ-050.01","Retained and re-anchored","Part 3","QUALITY STANDARD","L1617–L1619","Exact heading, taxonomy, Phase 0 mapping, acceptance criterion, and evidence rule corrected."
"REQ-037.02","REQ-050.02","Retained and re-anchored","Part 3","QUALITY STANDARD","L1621","Exact heading, taxonomy, Phase 0 mapping, acceptance criterion, and evidence rule corrected."
"REQ-037.02","REQ-050.03","Retained and re-anchored","Part 3","QUALITY STANDARD","L1621","Exact heading, taxonomy, Phase 0 mapping, acceptance criterion, and evidence rule corrected."
"REQ-037.03","REQ-050.04","Retained and re-anchored","Part 3","QUALITY STANDARD","L1623","Exact heading, taxonomy, Phase 0 mapping, acceptance criterion, and evidence rule corrected."
"—","REQ-050.05","Added from omitted canonical clause","Part 3","QUALITY STANDARD","L1633","Exact heading, taxonomy, Phase 0 mapping, acceptance criterion, and evidence rule corrected."
"REQ-038.01","REQ-051.01","Retained and re-anchored","Part 4","CORE PHILOSOPHY","L1647; L1663","Exact heading, taxonomy, Phase 0 mapping, acceptance criterion, and evidence rule corrected."
"REQ-038.01","REQ-051.02","Retained and re-anchored","Part 4","CORE PHILOSOPHY","L1647; L1665","Exact heading, taxonomy, Phase 0 mapping, acceptance criterion, and evidence rule corrected."
"REQ-038.01","REQ-051.03","Retained and re-anchored","Part 4","CORE PHILOSOPHY","L1647; L1667","Exact heading, taxonomy, Phase 0 mapping, acceptance criterion, and evidence rule corrected."
"REQ-038.01","REQ-051.04","Retained and re-anchored","Part 4","CORE PHILOSOPHY","L1647; L1661","Exact heading, taxonomy, Phase 0 mapping, acceptance criterion, and evidence rule corrected."
"REQ-038.01","REQ-051.05","Retained and re-anchored","Part 4","CORE PHILOSOPHY","L1647; L1657","Exact heading, taxonomy, Phase 0 mapping, acceptance criterion, and evidence rule corrected."
"REQ-038.01","REQ-051.06","Retained and re-anchored","Part 4","CORE PHILOSOPHY","L1647; L1659","Exact heading, taxonomy, Phase 0 mapping, acceptance criterion, and evidence rule corrected."
"REQ-038.01","REQ-051.07","Retained and re-anchored","Part 4","CORE PHILOSOPHY","L1647; L1655","Exact heading, taxonomy, Phase 0 mapping, acceptance criterion, and evidence rule corrected."
"REQ-038.01","REQ-051.08","Retained and re-anchored","Part 4","CORE PHILOSOPHY","L1647; L1651","Exact heading, taxonomy, Phase 0 mapping, acceptance criterion, and evidence rule corrected."
"REQ-038.01","REQ-051.09","Retained and re-anchored","Part 4","CORE PHILOSOPHY","L1647; L1653","Exact heading, taxonomy, Phase 0 mapping, acceptance criterion, and evidence rule corrected."
"REQ-038.01","REQ-051.10","Retained and re-anchored","Part 4","CORE PHILOSOPHY","L1647; L1649","Exact heading, taxonomy, Phase 0 mapping, acceptance criterion, and evidence rule corrected."
"REQ-038.02","REQ-051.11","Retained and re-anchored","Part 4","CORE PHILOSOPHY","L1669","Exact heading, taxonomy, Phase 0 mapping, acceptance criterion, and evidence rule corrected."
"REQ-038.06","REQ-052.01","Retained and re-anchored","Part 4","ENGINEERING PRINCIPLES","L1675; L1683","Exact heading, taxonomy, Phase 0 mapping, acceptance criterion, and evidence rule corrected."
"REQ-038.07","REQ-052.02","Retained and re-anchored","Part 4","ENGINEERING PRINCIPLES","L1675; L1685","Exact heading, taxonomy, Phase 0 mapping, acceptance criterion, and evidence rule corrected."
"REQ-038.10","REQ-052.03","Retained and re-anchored","Part 4","ENGINEERING PRINCIPLES","L1675; L1691","Exact heading, taxonomy, Phase 0 mapping, acceptance criterion, and evidence rule corrected."
"REQ-038.09","REQ-052.04","Retained and re-anchored","Part 4","ENGINEERING PRINCIPLES","L1675; L1689","Exact heading, taxonomy, Phase 0 mapping, acceptance criterion, and evidence rule corrected."
"REQ-038.05","REQ-052.05","Retained and re-anchored","Part 4","ENGINEERING PRINCIPLES","L1675; L1681","Exact heading, taxonomy, Phase 0 mapping, acceptance criterion, and evidence rule corrected."
"REQ-038.04","REQ-052.06","Retained and re-anchored","Part 4","ENGINEERING PRINCIPLES","L1675; L1679","Exact heading, taxonomy, Phase 0 mapping, acceptance criterion, and evidence rule corrected."
"REQ-038.08","REQ-052.07","Retained and re-anchored","Part 4","ENGINEERING PRINCIPLES","L1675; L1687","Exact heading, taxonomy, Phase 0 mapping, acceptance criterion, and evidence rule corrected."
"REQ-038.03","REQ-052.08","Retained and re-anchored","Part 4","ENGINEERING PRINCIPLES","L1675; L1677","Exact heading, taxonomy, Phase 0 mapping, acceptance criterion, and evidence rule corrected."
"REQ-038.12","REQ-052.09","Retained and re-anchored","Part 4","ENGINEERING PRINCIPLES","L1675; L1695","Exact heading, taxonomy, Phase 0 mapping, acceptance criterion, and evidence rule corrected."
"REQ-038.11","REQ-052.10","Retained and re-anchored","Part 4","ENGINEERING PRINCIPLES","L1675; L1693","Exact heading, taxonomy, Phase 0 mapping, acceptance criterion, and evidence rule corrected."
"REQ-038.13","REQ-052.11","Retained and re-anchored","Part 4","ENGINEERING PRINCIPLES","L1697","Exact heading, taxonomy, Phase 0 mapping, acceptance criterion, and evidence rule corrected."
"REQ-039.01","REQ-053.01","Retained and re-anchored","Part 4","PROJECT STRUCTURE","L1701–L1703","Exact heading, taxonomy, Phase 0 mapping, acceptance criterion, and evidence rule corrected."
"REQ-039.04","REQ-053.02","Retained and re-anchored","Part 4","PROJECT STRUCTURE","L1741","Exact heading, taxonomy, Phase 0 mapping, acceptance criterion, and evidence rule corrected."
"REQ-039.03","REQ-053.03","Retained and re-anchored","Part 4","PROJECT STRUCTURE","L1741","Exact heading, taxonomy, Phase 0 mapping, acceptance criterion, and evidence rule corrected."
"REQ-040.05","REQ-054.01","Retained and re-anchored","Part 4","DEVELOPMENT STANDARDS","L1747; L1757","Exact heading, taxonomy, Phase 0 mapping, acceptance criterion, and evidence rule corrected."
"REQ-040.03","REQ-054.02","Retained and re-anchored","Part 4","DEVELOPMENT STANDARDS","L1747; L1753","Exact heading, taxonomy, Phase 0 mapping, acceptance criterion, and evidence rule corrected."
"REQ-040.01","REQ-054.03","Retained and re-anchored","Part 4","DEVELOPMENT STANDARDS","L1747; L1749","Exact heading, taxonomy, Phase 0 mapping, acceptance criterion, and evidence rule corrected."
"REQ-040.07","REQ-054.04","Retained and re-anchored","Part 4","DEVELOPMENT STANDARDS","L1747; L1761","Exact heading, taxonomy, Phase 0 mapping, acceptance criterion, and evidence rule corrected."
"REQ-040.04","REQ-054.05","Retained and re-anchored","Part 4","DEVELOPMENT STANDARDS","L1747; L1755","Exact heading, taxonomy, Phase 0 mapping, acceptance criterion, and evidence rule corrected."
"REQ-040.06","REQ-054.06","Retained and re-anchored","Part 4","DEVELOPMENT STANDARDS","L1747; L1759","Exact heading, taxonomy, Phase 0 mapping, acceptance criterion, and evidence rule corrected."
"REQ-040.02","REQ-054.07","Retained and re-anchored","Part 4","DEVELOPMENT STANDARDS","L1747; L1751","Exact heading, taxonomy, Phase 0 mapping, acceptance criterion, and evidence rule corrected."
"REQ-040.08","REQ-054.08","Retained and re-anchored","Part 4","DEVELOPMENT STANDARDS","L1763","Exact heading, taxonomy, Phase 0 mapping, acceptance criterion, and evidence rule corrected."
"REQ-040.09","REQ-055.01","Retained and re-anchored","Part 4","USER EXPERIENCE STANDARDS","L1767–L1769","Exact heading, taxonomy, Phase 0 mapping, acceptance criterion, and evidence rule corrected."
"REQ-040.11","REQ-055.02","Retained and re-anchored","Part 4","USER EXPERIENCE STANDARDS","L1783","Exact heading, taxonomy, Phase 0 mapping, acceptance criterion, and evidence rule corrected."
"REQ-041.06","REQ-056.01","Retained and re-anchored","Part 4","PERFORMANCE GOALS","L1789; L1801","Exact heading, taxonomy, Phase 0 mapping, acceptance criterion, and evidence rule corrected."
"REQ-041.04","REQ-056.02","Retained and re-anchored","Part 4","PERFORMANCE GOALS","L1789; L1797","Exact heading, taxonomy, Phase 0 mapping, acceptance criterion, and evidence rule corrected."
"REQ-041.03","REQ-056.03","Retained and re-anchored","Part 4","PERFORMANCE GOALS","L1789; L1795","Exact heading, taxonomy, Phase 0 mapping, acceptance criterion, and evidence rule corrected."
"REQ-041.01","REQ-056.04","Retained and re-anchored","Part 4","PERFORMANCE GOALS","L1789; L1791","Exact heading, taxonomy, Phase 0 mapping, acceptance criterion, and evidence rule corrected."
"REQ-041.02","REQ-056.05","Retained and re-anchored","Part 4","PERFORMANCE GOALS","L1789; L1793","Exact heading, taxonomy, Phase 0 mapping, acceptance criterion, and evidence rule corrected."
"REQ-041.05","REQ-056.06","Retained and re-anchored","Part 4","PERFORMANCE GOALS","L1789; L1799","Exact heading, taxonomy, Phase 0 mapping, acceptance criterion, and evidence rule corrected."
"REQ-041.07","REQ-056.07","Retained and re-anchored","Part 4","PERFORMANCE GOALS","L1803","Exact heading, taxonomy, Phase 0 mapping, acceptance criterion, and evidence rule corrected."
"—","REQ-057.01","Added from omitted canonical clause","Part 4","ACCESSIBILITY","L1809","Exact heading, taxonomy, Phase 0 mapping, acceptance criterion, and evidence rule corrected."
"REQ-041.10","REQ-057.02","Retained and re-anchored","Part 4","ACCESSIBILITY","L1811; L1817","Exact heading, taxonomy, Phase 0 mapping, acceptance criterion, and evidence rule corrected."
"REQ-041.11","REQ-057.03","Retained and re-anchored","Part 4","ACCESSIBILITY","L1811; L1819","Exact heading, taxonomy, Phase 0 mapping, acceptance criterion, and evidence rule corrected."
"REQ-041.08","REQ-057.04","Retained and re-anchored","Part 4","ACCESSIBILITY","L1811; L1813","Exact heading, taxonomy, Phase 0 mapping, acceptance criterion, and evidence rule corrected."
"REQ-041.12","REQ-057.05","Retained and re-anchored","Part 4","ACCESSIBILITY","L1811; L1821","Exact heading, taxonomy, Phase 0 mapping, acceptance criterion, and evidence rule corrected."
"REQ-041.09","REQ-057.06","Retained and re-anchored","Part 4","ACCESSIBILITY","L1811; L1815","Exact heading, taxonomy, Phase 0 mapping, acceptance criterion, and evidence rule corrected."
"REQ-041.13","REQ-057.07","Retained and re-anchored","Part 4","ACCESSIBILITY","L1823","Exact heading, taxonomy, Phase 0 mapping, acceptance criterion, and evidence rule corrected."
"REQ-042.01","REQ-058.01","Retained and re-anchored","Part 4","CONFIGURATION PHILOSOPHY","L1827–L1829","Exact heading, taxonomy, Phase 0 mapping, acceptance criterion, and evidence rule corrected."
"REQ-042.02","REQ-058.02","Retained and re-anchored","Part 4","CONFIGURATION PHILOSOPHY","L1831","Exact heading, taxonomy, Phase 0 mapping, acceptance criterion, and evidence rule corrected."
"REQ-043.01","REQ-059.01","Retained and re-anchored","Part 4","ANALYTICS","L1855–L1857","Exact heading, taxonomy, Phase 0 mapping, acceptance criterion, and evidence rule corrected."
"REQ-043.13","REQ-059.02","Retained and re-anchored","Part 4","ANALYTICS","L1883","Exact heading, taxonomy, Phase 0 mapping, acceptance criterion, and evidence rule corrected."
"REQ-044.03","REQ-060.01","Retained and re-anchored","Part 4","ERROR HANDLING","L1889; L1895","Exact heading, taxonomy, Phase 0 mapping, acceptance criterion, and evidence rule corrected."
"REQ-044.01","REQ-060.02","Retained and re-anchored","Part 4","ERROR HANDLING","L1889; L1891","Exact heading, taxonomy, Phase 0 mapping, acceptance criterion, and evidence rule corrected."
"REQ-044.02","REQ-060.03","Retained and re-anchored","Part 4","ERROR HANDLING","L1889; L1893","Exact heading, taxonomy, Phase 0 mapping, acceptance criterion, and evidence rule corrected."
"REQ-044.04","REQ-060.04","Retained and re-anchored","Part 4","ERROR HANDLING","L1889; L1897","Exact heading, taxonomy, Phase 0 mapping, acceptance criterion, and evidence rule corrected."
"REQ-044.05","REQ-060.05","Retained and re-anchored","Part 4","ERROR HANDLING","L1899","Exact heading, taxonomy, Phase 0 mapping, acceptance criterion, and evidence rule corrected."
"REQ-044.06","REQ-060.06","Retained and re-anchored","Part 4","ERROR HANDLING","L1901","Exact heading, taxonomy, Phase 0 mapping, acceptance criterion, and evidence rule corrected."
"REQ-044.07","REQ-061.01","Retained and re-anchored","Part 4","BACKGROUND PROCESSING","L1905–L1907","Exact heading, taxonomy, Phase 0 mapping, acceptance criterion, and evidence rule corrected."
"REQ-044.09","REQ-061.02","Retained and re-anchored","Part 4","BACKGROUND PROCESSING","L1923","Exact heading, taxonomy, Phase 0 mapping, acceptance criterion, and evidence rule corrected."
"REQ-045.01","REQ-062.01","Retained and re-anchored","Part 4","RELEASE MANAGEMENT","L1927–L1929","Exact heading, taxonomy, Phase 0 mapping, acceptance criterion, and evidence rule corrected."
"REQ-045.06","REQ-062.02","Retained and re-anchored","Part 4","RELEASE MANAGEMENT","L1943; L1951","Exact heading, taxonomy, Phase 0 mapping, acceptance criterion, and evidence rule corrected."
"REQ-045.05","REQ-062.03","Retained and re-anchored","Part 4","RELEASE MANAGEMENT","L1943; L1949","Exact heading, taxonomy, Phase 0 mapping, acceptance criterion, and evidence rule corrected."
"REQ-045.04","REQ-062.04","Retained and re-anchored","Part 4","RELEASE MANAGEMENT","L1943; L1947","Exact heading, taxonomy, Phase 0 mapping, acceptance criterion, and evidence rule corrected."
"REQ-045.03","REQ-062.05","Retained and re-anchored","Part 4","RELEASE MANAGEMENT","L1943; L1945","Exact heading, taxonomy, Phase 0 mapping, acceptance criterion, and evidence rule corrected."
"REQ-045.07","REQ-063.01","Retained and re-anchored","Part 4","BACKUP & RECOVERY","L1955–L1957","Exact heading, taxonomy, Phase 0 mapping, acceptance criterion, and evidence rule corrected."
"REQ-045.08","REQ-063.02","Retained and re-anchored","Part 4","BACKUP & RECOVERY","L1957; L1959; L1963","Exact heading, taxonomy, Phase 0 mapping, acceptance criterion, and evidence rule corrected."
"REQ-045.08","REQ-063.03","Retained and re-anchored","Part 4","BACKUP & RECOVERY","L1957; L1959; L1961","Exact heading, taxonomy, Phase 0 mapping, acceptance criterion, and evidence rule corrected."
"REQ-045.08","REQ-063.04","Retained and re-anchored","Part 4","BACKUP & RECOVERY","L1957; L1959; L1965","Exact heading, taxonomy, Phase 0 mapping, acceptance criterion, and evidence rule corrected."
"REQ-045.08","REQ-063.05","Retained and re-anchored","Part 4","BACKUP & RECOVERY","L1957; L1959; L1969","Exact heading, taxonomy, Phase 0 mapping, acceptance criterion, and evidence rule corrected."
"REQ-045.08","REQ-063.06","Retained and re-anchored","Part 4","BACKUP & RECOVERY","L1957; L1959; L1967","Exact heading, taxonomy, Phase 0 mapping, acceptance criterion, and evidence rule corrected."
"REQ-045.09","REQ-063.07","Retained and re-anchored","Part 4","BACKUP & RECOVERY","L1971","Exact heading, taxonomy, Phase 0 mapping, acceptance criterion, and evidence rule corrected."
"REQ-045.10","REQ-064.01","Retained and re-anchored","Part 4","CONTINUOUS IMPROVEMENT","L1979; L1985","Exact heading, taxonomy, Phase 0 mapping, acceptance criterion, and evidence rule corrected."
"REQ-045.10","REQ-064.02","Retained and re-anchored","Part 4","CONTINUOUS IMPROVEMENT","L1979; L1987","Exact heading, taxonomy, Phase 0 mapping, acceptance criterion, and evidence rule corrected."
"REQ-045.10","REQ-064.03","Retained and re-anchored","Part 4","CONTINUOUS IMPROVEMENT","L1979; L1989","Exact heading, taxonomy, Phase 0 mapping, acceptance criterion, and evidence rule corrected."
"REQ-045.10","REQ-064.04","Retained and re-anchored","Part 4","CONTINUOUS IMPROVEMENT","L1979; L1983","Exact heading, taxonomy, Phase 0 mapping, acceptance criterion, and evidence rule corrected."
"REQ-045.10","REQ-064.05","Retained and re-anchored","Part 4","CONTINUOUS IMPROVEMENT","L1979; L1981","Exact heading, taxonomy, Phase 0 mapping, acceptance criterion, and evidence rule corrected."
"REQ-045.11","REQ-064.06","Retained and re-anchored","Part 4","CONTINUOUS IMPROVEMENT","L1991","Exact heading, taxonomy, Phase 0 mapping, acceptance criterion, and evidence rule corrected."
"REQ-046.01","REQ-065.01","Retained and re-anchored","Part 4","FINAL DIRECTIVE TO THE AI","L1995–L1999","Exact heading, taxonomy, Phase 0 mapping, acceptance criterion, and evidence rule corrected."
"REQ-046.01","REQ-065.02","Retained and re-anchored","Part 4","FINAL DIRECTIVE TO THE AI","L1995–L1999","Exact heading, taxonomy, Phase 0 mapping, acceptance criterion, and evidence rule corrected."
"REQ-046.01","REQ-065.03","Retained and re-anchored","Part 4","FINAL DIRECTIVE TO THE AI","L1995–L1999","Exact heading, taxonomy, Phase 0 mapping, acceptance criterion, and evidence rule corrected."
"REQ-046.02","REQ-065.04","Retained and re-anchored","Part 4","FINAL DIRECTIVE TO THE AI","L2001","Exact heading, taxonomy, Phase 0 mapping, acceptance criterion, and evidence rule corrected."
"REQ-046.02","REQ-065.05","Retained and re-anchored","Part 4","FINAL DIRECTIVE TO THE AI","L2001","Exact heading, taxonomy, Phase 0 mapping, acceptance criterion, and evidence rule corrected."
"REQ-046.02","REQ-065.06","Retained and re-anchored","Part 4","FINAL DIRECTIVE TO THE AI","L2001","Exact heading, taxonomy, Phase 0 mapping, acceptance criterion, and evidence rule corrected."
"REQ-047.01","REQ-066.01","Retained and re-anchored","Part 5","DATABASE PHILOSOPHY","L2037–L2042","Exact heading, taxonomy, Phase 0 mapping, acceptance criterion, and evidence rule corrected."
"REQ-047.03","REQ-066.02","Retained and re-anchored","Part 5","DATABASE PHILOSOPHY","L2041","Exact heading, taxonomy, Phase 0 mapping, acceptance criterion, and evidence rule corrected."
"REQ-047.05","REQ-066.03","Retained and re-anchored","Part 5","DATABASE PHILOSOPHY","L2041","Exact heading, taxonomy, Phase 0 mapping, acceptance criterion, and evidence rule corrected."
"REQ-047.04","REQ-066.04","Retained and re-anchored","Part 5","DATABASE PHILOSOPHY","L2041","Exact heading, taxonomy, Phase 0 mapping, acceptance criterion, and evidence rule corrected."
"REQ-047.02","REQ-066.05","Retained and re-anchored","Part 5","DATABASE PHILOSOPHY","L2041","Exact heading, taxonomy, Phase 0 mapping, acceptance criterion, and evidence rule corrected."
"REQ-047.06","REQ-066.06","Retained and re-anchored","Part 5","DATABASE PHILOSOPHY","L2043","Exact heading, taxonomy, Phase 0 mapping, acceptance criterion, and evidence rule corrected."
"REQ-047.07","REQ-066.07","Retained and re-anchored","Part 5","DATABASE PHILOSOPHY","L2045","Exact heading, taxonomy, Phase 0 mapping, acceptance criterion, and evidence rule corrected."
"REQ-047.08","REQ-066.08","Retained and re-anchored","Part 5","DATABASE PHILOSOPHY","L2047","Exact heading, taxonomy, Phase 0 mapping, acceptance criterion, and evidence rule corrected."
"REQ-047.08","REQ-066.09","Retained and re-anchored","Part 5","DATABASE PHILOSOPHY","L2047","Exact heading, taxonomy, Phase 0 mapping, acceptance criterion, and evidence rule corrected."
"REQ-047.08","REQ-066.10","Retained and re-anchored","Part 5","DATABASE PHILOSOPHY","L2047","Exact heading, taxonomy, Phase 0 mapping, acceptance criterion, and evidence rule corrected."
"REQ-047.08","REQ-066.11","Retained and re-anchored","Part 5","DATABASE PHILOSOPHY","L2047","Exact heading, taxonomy, Phase 0 mapping, acceptance criterion, and evidence rule corrected."
"REQ-047.09","REQ-066.12","Retained and re-anchored","Part 5","DATABASE PHILOSOPHY","L2049","Exact heading, taxonomy, Phase 0 mapping, acceptance criterion, and evidence rule corrected."
"REQ-047.18","REQ-067.01","Retained and re-anchored","Part 5","DATABASE OBJECTIVES","L2055; L2073","Exact heading, taxonomy, Phase 0 mapping, acceptance criterion, and evidence rule corrected."
"REQ-047.16","REQ-067.02","Retained and re-anchored","Part 5","DATABASE OBJECTIVES","L2055; L2069","Exact heading, taxonomy, Phase 0 mapping, acceptance criterion, and evidence rule corrected."
"REQ-047.13","REQ-067.03","Retained and re-anchored","Part 5","DATABASE OBJECTIVES","L2055; L2063","Exact heading, taxonomy, Phase 0 mapping, acceptance criterion, and evidence rule corrected."
"REQ-047.12","REQ-067.04","Retained and re-anchored","Part 5","DATABASE OBJECTIVES","L2055; L2061","Exact heading, taxonomy, Phase 0 mapping, acceptance criterion, and evidence rule corrected."
"REQ-047.17","REQ-067.05","Retained and re-anchored","Part 5","DATABASE OBJECTIVES","L2055; L2071","Exact heading, taxonomy, Phase 0 mapping, acceptance criterion, and evidence rule corrected."
"REQ-047.10","REQ-067.06","Retained and re-anchored","Part 5","DATABASE OBJECTIVES","L2055; L2057","Exact heading, taxonomy, Phase 0 mapping, acceptance criterion, and evidence rule corrected."
"REQ-047.19","REQ-067.07","Retained and re-anchored","Part 5","DATABASE OBJECTIVES","L2055; L2075","Exact heading, taxonomy, Phase 0 mapping, acceptance criterion, and evidence rule corrected."
"REQ-047.11","REQ-067.08","Retained and re-anchored","Part 5","DATABASE OBJECTIVES","L2055; L2059","Exact heading, taxonomy, Phase 0 mapping, acceptance criterion, and evidence rule corrected."
"REQ-047.15","REQ-067.09","Retained and re-anchored","Part 5","DATABASE OBJECTIVES","L2055; L2067","Exact heading, taxonomy, Phase 0 mapping, acceptance criterion, and evidence rule corrected."
"REQ-047.14","REQ-067.10","Retained and re-anchored","Part 5","DATABASE OBJECTIVES","L2055; L2065","Exact heading, taxonomy, Phase 0 mapping, acceptance criterion, and evidence rule corrected."
"REQ-048.01","REQ-068.01","Retained and re-anchored","Part 5","DATABASE DESIGN PRINCIPLES","L2079–L2083","Exact heading, taxonomy, Phase 0 mapping, acceptance criterion, and evidence rule corrected."
"REQ-048.02","REQ-068.02","Retained and re-anchored","Part 5","DATABASE DESIGN PRINCIPLES","L2085","Exact heading, taxonomy, Phase 0 mapping, acceptance criterion, and evidence rule corrected."
"REQ-048.02","REQ-068.03","Retained and re-anchored","Part 5","DATABASE DESIGN PRINCIPLES","L2085","Exact heading, taxonomy, Phase 0 mapping, acceptance criterion, and evidence rule corrected."
"REQ-048.03","REQ-068.04","Retained and re-anchored","Part 5","DATABASE DESIGN PRINCIPLES","L2087","Exact heading, taxonomy, Phase 0 mapping, acceptance criterion, and evidence rule corrected."
"REQ-048.04","REQ-068.05","Retained and re-anchored","Part 5","DATABASE DESIGN PRINCIPLES","L2089","Exact heading, taxonomy, Phase 0 mapping, acceptance criterion, and evidence rule corrected."
"REQ-048.05","REQ-068.06","Retained and re-anchored","Part 5","DATABASE DESIGN PRINCIPLES","L2091","Exact heading, taxonomy, Phase 0 mapping, acceptance criterion, and evidence rule corrected."
"REQ-048.06","REQ-068.07","Retained and re-anchored","Part 5","DATABASE DESIGN PRINCIPLES","L2093","Exact heading, taxonomy, Phase 0 mapping, acceptance criterion, and evidence rule corrected."
"REQ-048.07","REQ-069.01","Retained and re-anchored","Part 5","DATABASE DOCUMENTATION","L2097–L2099","Exact heading, taxonomy, Phase 0 mapping, acceptance criterion, and evidence rule corrected."
"REQ-048.11","REQ-069.02","Retained and re-anchored","Part 5","DATABASE DOCUMENTATION","L2099; L2107","Exact heading, taxonomy, Phase 0 mapping, acceptance criterion, and evidence rule corrected."
"REQ-048.13","REQ-069.03","Retained and re-anchored","Part 5","DATABASE DOCUMENTATION","L2099; L2111","Exact heading, taxonomy, Phase 0 mapping, acceptance criterion, and evidence rule corrected."
"REQ-048.12","REQ-069.04","Retained and re-anchored","Part 5","DATABASE DOCUMENTATION","L2099; L2109","Exact heading, taxonomy, Phase 0 mapping, acceptance criterion, and evidence rule corrected."
"REQ-048.09","REQ-069.05","Retained and re-anchored","Part 5","DATABASE DOCUMENTATION","L2099; L2103","Exact heading, taxonomy, Phase 0 mapping, acceptance criterion, and evidence rule corrected."
"REQ-048.08","REQ-069.06","Retained and re-anchored","Part 5","DATABASE DOCUMENTATION","L2099; L2101","Exact heading, taxonomy, Phase 0 mapping, acceptance criterion, and evidence rule corrected."
"REQ-048.14","REQ-069.07","Retained and re-anchored","Part 5","DATABASE DOCUMENTATION","L2099; L2113","Exact heading, taxonomy, Phase 0 mapping, acceptance criterion, and evidence rule corrected."
"REQ-048.16","REQ-069.08","Retained and re-anchored","Part 5","DATABASE DOCUMENTATION","L2099; L2117","Exact heading, taxonomy, Phase 0 mapping, acceptance criterion, and evidence rule corrected."
"REQ-048.10","REQ-069.09","Retained and re-anchored","Part 5","DATABASE DOCUMENTATION","L2099; L2105","Exact heading, taxonomy, Phase 0 mapping, acceptance criterion, and evidence rule corrected."
"REQ-048.15","REQ-069.10","Retained and re-anchored","Part 5","DATABASE DOCUMENTATION","L2099; L2115","Exact heading, taxonomy, Phase 0 mapping, acceptance criterion, and evidence rule corrected."
"REQ-048.17","REQ-069.11","Retained and re-anchored","Part 5","DATABASE DOCUMENTATION","L2119","Exact heading, taxonomy, Phase 0 mapping, acceptance criterion, and evidence rule corrected."
"REQ-049.01","REQ-070.01","Retained and re-anchored","Part 5","CORE BUSINESS DOMAINS","L2123–L2125","Exact heading, taxonomy, Phase 0 mapping, acceptance criterion, and evidence rule corrected."
"REQ-049.09","REQ-071.01","Retained and re-anchored","Part 5","User Profiles","L2163","Exact heading, taxonomy, Phase 0 mapping, acceptance criterion, and evidence rule corrected."
"REQ-050.02","REQ-072.01","Retained and re-anchored","Part 5","Wallet Domain","L2169; L2173","Exact heading, taxonomy, Phase 0 mapping, acceptance criterion, and evidence rule corrected."
"REQ-050.08","REQ-072.02","Retained and re-anchored","Part 5","Wallet Domain","L2169; L2185","Exact heading, taxonomy, Phase 0 mapping, acceptance criterion, and evidence rule corrected."
"REQ-050.05","REQ-072.03","Retained and re-anchored","Part 5","Wallet Domain","L2169; L2179","Exact heading, taxonomy, Phase 0 mapping, acceptance criterion, and evidence rule corrected."
"REQ-050.03","REQ-072.04","Retained and re-anchored","Part 5","Wallet Domain","L2169; L2175","Exact heading, taxonomy, Phase 0 mapping, acceptance criterion, and evidence rule corrected."
"REQ-050.01","REQ-072.05","Retained and re-anchored","Part 5","Wallet Domain","L2169; L2171","Exact heading, taxonomy, Phase 0 mapping, acceptance criterion, and evidence rule corrected."
"REQ-050.07","REQ-072.06","Retained and re-anchored","Part 5","Wallet Domain","L2169; L2183","Exact heading, taxonomy, Phase 0 mapping, acceptance criterion, and evidence rule corrected."
"REQ-050.04","REQ-072.07","Retained and re-anchored","Part 5","Wallet Domain","L2169; L2177","Exact heading, taxonomy, Phase 0 mapping, acceptance criterion, and evidence rule corrected."
"REQ-050.06","REQ-072.08","Retained and re-anchored","Part 5","Wallet Domain","L2169; L2181","Exact heading, taxonomy, Phase 0 mapping, acceptance criterion, and evidence rule corrected."
"REQ-050.09","REQ-072.09","Retained and re-anchored","Part 5","Wallet Domain","L2187","Exact heading, taxonomy, Phase 0 mapping, acceptance criterion, and evidence rule corrected."
"REQ-051.01","REQ-073.01","Retained and re-anchored","Part 5","Survey Domain","L2191–L2193","Exact heading, taxonomy, Phase 0 mapping, acceptance criterion, and evidence rule corrected."
"REQ-051.08","REQ-073.02","Retained and re-anchored","Part 5","Survey Domain","L2209","Exact heading, taxonomy, Phase 0 mapping, acceptance criterion, and evidence rule corrected."
"REQ-052.09","REQ-074.01","Retained and re-anchored","Part 5","Withdrawal Domain","L2215; L2233","Exact heading, taxonomy, Phase 0 mapping, acceptance criterion, and evidence rule corrected."
"REQ-052.03","REQ-074.02","Retained and re-anchored","Part 5","Withdrawal Domain","L2215; L2221","Exact heading, taxonomy, Phase 0 mapping, acceptance criterion, and evidence rule corrected."
"REQ-052.05","REQ-074.03","Retained and re-anchored","Part 5","Withdrawal Domain","L2215; L2225","Exact heading, taxonomy, Phase 0 mapping, acceptance criterion, and evidence rule corrected."
"REQ-052.06","REQ-074.04","Retained and re-anchored","Part 5","Withdrawal Domain","L2215; L2227","Exact heading, taxonomy, Phase 0 mapping, acceptance criterion, and evidence rule corrected."
"REQ-052.04","REQ-074.05","Retained and re-anchored","Part 5","Withdrawal Domain","L2215; L2223","Exact heading, taxonomy, Phase 0 mapping, acceptance criterion, and evidence rule corrected."
"REQ-052.07","REQ-074.06","Retained and re-anchored","Part 5","Withdrawal Domain","L2215; L2229","Exact heading, taxonomy, Phase 0 mapping, acceptance criterion, and evidence rule corrected."
"REQ-052.08","REQ-074.07","Retained and re-anchored","Part 5","Withdrawal Domain","L2215; L2231","Exact heading, taxonomy, Phase 0 mapping, acceptance criterion, and evidence rule corrected."
"REQ-052.01","REQ-074.08","Retained and re-anchored","Part 5","Withdrawal Domain","L2215; L2217","Exact heading, taxonomy, Phase 0 mapping, acceptance criterion, and evidence rule corrected."
"REQ-052.02","REQ-074.09","Retained and re-anchored","Part 5","Withdrawal Domain","L2215; L2219","Exact heading, taxonomy, Phase 0 mapping, acceptance criterion, and evidence rule corrected."
"REQ-052.10","REQ-074.10","Retained and re-anchored","Part 5","Withdrawal Domain","L2235","Exact heading, taxonomy, Phase 0 mapping, acceptance criterion, and evidence rule corrected."
"REQ-053.05","REQ-075.01","Retained and re-anchored","Part 5","Notification Domain","L2241; L2251","Exact heading, taxonomy, Phase 0 mapping, acceptance criterion, and evidence rule corrected."
"REQ-053.03","REQ-075.02","Retained and re-anchored","Part 5","Notification Domain","L2241; L2247","Exact heading, taxonomy, Phase 0 mapping, acceptance criterion, and evidence rule corrected."
"REQ-053.04","REQ-075.03","Retained and re-anchored","Part 5","Notification Domain","L2241; L2249","Exact heading, taxonomy, Phase 0 mapping, acceptance criterion, and evidence rule corrected."
"REQ-053.02","REQ-075.04","Retained and re-anchored","Part 5","Notification Domain","L2241; L2245","Exact heading, taxonomy, Phase 0 mapping, acceptance criterion, and evidence rule corrected."
"REQ-053.01","REQ-075.05","Retained and re-anchored","Part 5","Notification Domain","L2241; L2243","Exact heading, taxonomy, Phase 0 mapping, acceptance criterion, and evidence rule corrected."
"REQ-053.06","REQ-075.06","Retained and re-anchored","Part 5","Notification Domain","L2253","Exact heading, taxonomy, Phase 0 mapping, acceptance criterion, and evidence rule corrected."
"REQ-053.09","REQ-076.01","Retained and re-anchored","Part 5","Support Domain","L2259; L2265","Exact heading, taxonomy, Phase 0 mapping, acceptance criterion, and evidence rule corrected."
"REQ-053.10","REQ-076.02","Retained and re-anchored","Part 5","Support Domain","L2259; L2267","Exact heading, taxonomy, Phase 0 mapping, acceptance criterion, and evidence rule corrected."
"REQ-053.08","REQ-076.03","Retained and re-anchored","Part 5","Support Domain","L2259; L2263","Exact heading, taxonomy, Phase 0 mapping, acceptance criterion, and evidence rule corrected."
"REQ-053.13","REQ-076.04","Retained and re-anchored","Part 5","Support Domain","L2259; L2273","Exact heading, taxonomy, Phase 0 mapping, acceptance criterion, and evidence rule corrected."
"REQ-053.11","REQ-076.05","Retained and re-anchored","Part 5","Support Domain","L2259; L2269","Exact heading, taxonomy, Phase 0 mapping, acceptance criterion, and evidence rule corrected."
"REQ-053.12","REQ-076.06","Retained and re-anchored","Part 5","Support Domain","L2259; L2271","Exact heading, taxonomy, Phase 0 mapping, acceptance criterion, and evidence rule corrected."
"REQ-053.07","REQ-076.07","Retained and re-anchored","Part 5","Support Domain","L2259; L2261","Exact heading, taxonomy, Phase 0 mapping, acceptance criterion, and evidence rule corrected."
"REQ-053.14","REQ-076.08","Retained and re-anchored","Part 5","Support Domain","L2275","Exact heading, taxonomy, Phase 0 mapping, acceptance criterion, and evidence rule corrected."
"REQ-054.06","REQ-077.01","Retained and re-anchored","Part 5","CMS Domain","L2281; L2293","Exact heading, taxonomy, Phase 0 mapping, acceptance criterion, and evidence rule corrected."
"REQ-054.05","REQ-077.02","Retained and re-anchored","Part 5","CMS Domain","L2281; L2291","Exact heading, taxonomy, Phase 0 mapping, acceptance criterion, and evidence rule corrected."
"REQ-054.02","REQ-077.03","Retained and re-anchored","Part 5","CMS Domain","L2281; L2285","Exact heading, taxonomy, Phase 0 mapping, acceptance criterion, and evidence rule corrected."
"REQ-054.03","REQ-077.04","Retained and re-anchored","Part 5","CMS Domain","L2281; L2287","Exact heading, taxonomy, Phase 0 mapping, acceptance criterion, and evidence rule corrected."
"REQ-054.07","REQ-077.05","Retained and re-anchored","Part 5","CMS Domain","L2281; L2295","Exact heading, taxonomy, Phase 0 mapping, acceptance criterion, and evidence rule corrected."
"REQ-054.01","REQ-077.06","Retained and re-anchored","Part 5","CMS Domain","L2281; L2283","Exact heading, taxonomy, Phase 0 mapping, acceptance criterion, and evidence rule corrected."
"REQ-054.04","REQ-077.07","Retained and re-anchored","Part 5","CMS Domain","L2281; L2289","Exact heading, taxonomy, Phase 0 mapping, acceptance criterion, and evidence rule corrected."
"REQ-054.10","REQ-078.01","Retained and re-anchored","Part 5","Leaderboard Domain","L2301; L2307","Exact heading, taxonomy, Phase 0 mapping, acceptance criterion, and evidence rule corrected."
"REQ-054.09","REQ-078.02","Retained and re-anchored","Part 5","Leaderboard Domain","L2301; L2305","Exact heading, taxonomy, Phase 0 mapping, acceptance criterion, and evidence rule corrected."
"REQ-054.08","REQ-078.03","Retained and re-anchored","Part 5","Leaderboard Domain","L2301; L2303","Exact heading, taxonomy, Phase 0 mapping, acceptance criterion, and evidence rule corrected."
"REQ-054.12","REQ-078.04","Retained and re-anchored","Part 5","Leaderboard Domain","L2309","Exact heading, taxonomy, Phase 0 mapping, acceptance criterion, and evidence rule corrected."
"REQ-054.11","REQ-078.05","Retained and re-anchored","Part 5","Leaderboard Domain","L2309","Exact heading, taxonomy, Phase 0 mapping, acceptance criterion, and evidence rule corrected."
"REQ-054.13","REQ-079.01","Retained and re-anchored","Part 5","Audit Domain","L2313–L2315","Exact heading, taxonomy, Phase 0 mapping, acceptance criterion, and evidence rule corrected."
"REQ-054.15","REQ-080.01","Retained and re-anchored","Part 5","Analytics Domain","L2329–L2331","Exact heading, taxonomy, Phase 0 mapping, acceptance criterion, and evidence rule corrected."
"REQ-054.16","REQ-080.02","Retained and re-anchored","Part 5","Analytics Domain","L2333","Exact heading, taxonomy, Phase 0 mapping, acceptance criterion, and evidence rule corrected."
"REQ-055.01","REQ-081.01","Retained and re-anchored","Part 5","DATA RETENTION","L2337–L2339","Exact heading, taxonomy, Phase 0 mapping, acceptance criterion, and evidence rule corrected."
"REQ-055.03","REQ-081.02","Retained and re-anchored","Part 5","DATA RETENTION","L2353","Exact heading, taxonomy, Phase 0 mapping, acceptance criterion, and evidence rule corrected."
"REQ-055.04","REQ-082.01","Retained and re-anchored","Part 5","MIGRATIONS","L2357–L2359","Exact heading, taxonomy, Phase 0 mapping, acceptance criterion, and evidence rule corrected."
"REQ-055.07","REQ-082.02","Retained and re-anchored","Part 5","MIGRATIONS","L2361; L2367","Exact heading, taxonomy, Phase 0 mapping, acceptance criterion, and evidence rule corrected."
"REQ-055.06","REQ-082.03","Retained and re-anchored","Part 5","MIGRATIONS","L2361; L2365","Exact heading, taxonomy, Phase 0 mapping, acceptance criterion, and evidence rule corrected."
"REQ-055.05","REQ-082.04","Retained and re-anchored","Part 5","MIGRATIONS","L2361–L2363","Exact heading, taxonomy, Phase 0 mapping, acceptance criterion, and evidence rule corrected."
"REQ-055.11","REQ-083.01","Retained and re-anchored","Part 5","SEED DATA","L2373; L2381","Exact heading, taxonomy, Phase 0 mapping, acceptance criterion, and evidence rule corrected."
"REQ-055.08","REQ-083.02","Retained and re-anchored","Part 5","SEED DATA","L2373; L2375","Exact heading, taxonomy, Phase 0 mapping, acceptance criterion, and evidence rule corrected."
"REQ-055.10","REQ-083.03","Retained and re-anchored","Part 5","SEED DATA","L2373; L2379","Exact heading, taxonomy, Phase 0 mapping, acceptance criterion, and evidence rule corrected."
"REQ-055.12","REQ-083.04","Retained and re-anchored","Part 5","SEED DATA","L2373; L2383","Exact heading, taxonomy, Phase 0 mapping, acceptance criterion, and evidence rule corrected."
"REQ-055.13","REQ-083.05","Retained and re-anchored","Part 5","SEED DATA","L2373; L2385","Exact heading, taxonomy, Phase 0 mapping, acceptance criterion, and evidence rule corrected."
"REQ-055.09","REQ-083.06","Retained and re-anchored","Part 5","SEED DATA","L2373; L2377","Exact heading, taxonomy, Phase 0 mapping, acceptance criterion, and evidence rule corrected."
"REQ-055.14","REQ-083.07","Retained and re-anchored","Part 5","SEED DATA","L2387","Exact heading, taxonomy, Phase 0 mapping, acceptance criterion, and evidence rule corrected."
"REQ-056.01","REQ-084.01","Retained and re-anchored","Part 5","INDEXING STRATEGY","L2391–L2393","Exact heading, taxonomy, Phase 0 mapping, acceptance criterion, and evidence rule corrected."
"REQ-056.02","REQ-084.02","Retained and re-anchored","Part 5","INDEXING STRATEGY","L2393; L2395; L2407","Exact heading, taxonomy, Phase 0 mapping, acceptance criterion, and evidence rule corrected."
"REQ-056.02","REQ-084.03","Retained and re-anchored","Part 5","INDEXING STRATEGY","L2393; L2395; L2405","Exact heading, taxonomy, Phase 0 mapping, acceptance criterion, and evidence rule corrected."
"REQ-056.02","REQ-084.04","Retained and re-anchored","Part 5","INDEXING STRATEGY","L2393; L2395; L2403","Exact heading, taxonomy, Phase 0 mapping, acceptance criterion, and evidence rule corrected."
"REQ-056.02","REQ-084.05","Retained and re-anchored","Part 5","INDEXING STRATEGY","L2393; L2395; L2397","Exact heading, taxonomy, Phase 0 mapping, acceptance criterion, and evidence rule corrected."
"REQ-056.02","REQ-084.06","Retained and re-anchored","Part 5","INDEXING STRATEGY","L2393; L2395; L2399","Exact heading, taxonomy, Phase 0 mapping, acceptance criterion, and evidence rule corrected."
"REQ-056.02","REQ-084.07","Retained and re-anchored","Part 5","INDEXING STRATEGY","L2393; L2395; L2401","Exact heading, taxonomy, Phase 0 mapping, acceptance criterion, and evidence rule corrected."
"REQ-056.03","REQ-084.08","Retained and re-anchored","Part 5","INDEXING STRATEGY","L2409","Exact heading, taxonomy, Phase 0 mapping, acceptance criterion, and evidence rule corrected."
"REQ-056.04","REQ-085.01","Retained and re-anchored","Part 5","SCALABILITY","L2413–L2415","Exact heading, taxonomy, Phase 0 mapping, acceptance criterion, and evidence rule corrected."
"REQ-056.05","REQ-085.02","Retained and re-anchored","Part 5","SCALABILITY","L2415; L2417; L2419","Exact heading, taxonomy, Phase 0 mapping, acceptance criterion, and evidence rule corrected."
"REQ-056.05","REQ-085.03","Retained and re-anchored","Part 5","SCALABILITY","L2415; L2417; L2421","Exact heading, taxonomy, Phase 0 mapping, acceptance criterion, and evidence rule corrected."
"REQ-056.05","REQ-085.04","Retained and re-anchored","Part 5","SCALABILITY","L2415; L2417; L2423","Exact heading, taxonomy, Phase 0 mapping, acceptance criterion, and evidence rule corrected."
"REQ-056.05","REQ-085.05","Retained and re-anchored","Part 5","SCALABILITY","L2415; L2417; L2425","Exact heading, taxonomy, Phase 0 mapping, acceptance criterion, and evidence rule corrected."
"REQ-056.06","REQ-085.06","Retained and re-anchored","Part 5","SCALABILITY","L2427","Exact heading, taxonomy, Phase 0 mapping, acceptance criterion, and evidence rule corrected."
"REQ-056.07","REQ-086.01","Retained and re-anchored","Part 5","DATA SECURITY","L2431–L2433","Exact heading, taxonomy, Phase 0 mapping, acceptance criterion, and evidence rule corrected."
"REQ-056.11","REQ-086.02","Retained and re-anchored","Part 5","DATA SECURITY","L2435; L2443","Exact heading, taxonomy, Phase 0 mapping, acceptance criterion, and evidence rule corrected."
"REQ-056.13","REQ-086.03","Retained and re-anchored","Part 5","DATA SECURITY","L2435; L2447","Exact heading, taxonomy, Phase 0 mapping, acceptance criterion, and evidence rule corrected."
"REQ-056.08","REQ-086.04","Retained and re-anchored","Part 5","DATA SECURITY","L2435; L2437","Exact heading, taxonomy, Phase 0 mapping, acceptance criterion, and evidence rule corrected."
"REQ-056.10","REQ-086.05","Retained and re-anchored","Part 5","DATA SECURITY","L2435; L2441","Exact heading, taxonomy, Phase 0 mapping, acceptance criterion, and evidence rule corrected."
"REQ-056.12","REQ-086.06","Retained and re-anchored","Part 5","DATA SECURITY","L2435; L2445","Exact heading, taxonomy, Phase 0 mapping, acceptance criterion, and evidence rule corrected."
"REQ-056.09","REQ-086.07","Retained and re-anchored","Part 5","DATA SECURITY","L2435; L2439","Exact heading, taxonomy, Phase 0 mapping, acceptance criterion, and evidence rule corrected."
"REQ-057.06","REQ-087.01","Retained and re-anchored","Part 5","REPORTING","L2453; L2465","Exact heading, taxonomy, Phase 0 mapping, acceptance criterion, and evidence rule corrected."
"REQ-057.02","REQ-087.02","Retained and re-anchored","Part 5","REPORTING","L2453; L2457","Exact heading, taxonomy, Phase 0 mapping, acceptance criterion, and evidence rule corrected."
"REQ-057.05","REQ-087.03","Retained and re-anchored","Part 5","REPORTING","L2453; L2463","Exact heading, taxonomy, Phase 0 mapping, acceptance criterion, and evidence rule corrected."
"REQ-057.04","REQ-087.04","Retained and re-anchored","Part 5","REPORTING","L2453; L2461","Exact heading, taxonomy, Phase 0 mapping, acceptance criterion, and evidence rule corrected."
"REQ-057.01","REQ-087.05","Retained and re-anchored","Part 5","REPORTING","L2453; L2455","Exact heading, taxonomy, Phase 0 mapping, acceptance criterion, and evidence rule corrected."
"REQ-057.03","REQ-087.06","Retained and re-anchored","Part 5","REPORTING","L2453; L2459","Exact heading, taxonomy, Phase 0 mapping, acceptance criterion, and evidence rule corrected."
"REQ-057.07","REQ-087.07","Retained and re-anchored","Part 5","REPORTING","L2467","Exact heading, taxonomy, Phase 0 mapping, acceptance criterion, and evidence rule corrected."
"REQ-057.13","REQ-088.01","Retained and re-anchored","Part 5","FINAL DATABASE DELIVERABLES","L2473; L2485","Exact heading, taxonomy, Phase 0 mapping, acceptance criterion, and evidence rule corrected."
"REQ-057.14","REQ-088.02","Retained and re-anchored","Part 5","FINAL DATABASE DELIVERABLES","L2473; L2487","Exact heading, taxonomy, Phase 0 mapping, acceptance criterion, and evidence rule corrected."
"REQ-057.10","REQ-088.03","Retained and re-anchored","Part 5","FINAL DATABASE DELIVERABLES","L2473; L2479","Exact heading, taxonomy, Phase 0 mapping, acceptance criterion, and evidence rule corrected."
"REQ-057.08","REQ-088.04","Retained and re-anchored","Part 5","FINAL DATABASE DELIVERABLES","L2473; L2475","Exact heading, taxonomy, Phase 0 mapping, acceptance criterion, and evidence rule corrected."
"REQ-057.15","REQ-088.05","Retained and re-anchored","Part 5","FINAL DATABASE DELIVERABLES","L2473; L2489","Exact heading, taxonomy, Phase 0 mapping, acceptance criterion, and evidence rule corrected."
"REQ-057.16","REQ-088.06","Retained and re-anchored","Part 5","FINAL DATABASE DELIVERABLES","L2473; L2491","Exact heading, taxonomy, Phase 0 mapping, acceptance criterion, and evidence rule corrected."
"REQ-057.17","REQ-088.07","Retained and re-anchored","Part 5","FINAL DATABASE DELIVERABLES","L2473; L2493","Exact heading, taxonomy, Phase 0 mapping, acceptance criterion, and evidence rule corrected."
"REQ-057.11","REQ-088.08","Retained and re-anchored","Part 5","FINAL DATABASE DELIVERABLES","L2473; L2481","Exact heading, taxonomy, Phase 0 mapping, acceptance criterion, and evidence rule corrected."
"REQ-057.09","REQ-088.09","Retained and re-anchored","Part 5","FINAL DATABASE DELIVERABLES","L2473; L2477","Exact heading, taxonomy, Phase 0 mapping, acceptance criterion, and evidence rule corrected."
"REQ-057.12","REQ-088.10","Retained and re-anchored","Part 5","FINAL DATABASE DELIVERABLES","L2473; L2483","Exact heading, taxonomy, Phase 0 mapping, acceptance criterion, and evidence rule corrected."
"REQ-057.18","REQ-088.11","Retained and re-anchored","Part 5","FINAL DATABASE DELIVERABLES","L2495","Exact heading, taxonomy, Phase 0 mapping, acceptance criterion, and evidence rule corrected."
"REQ-058.02","REQ-089.01","Retained and re-anchored","Part 6","API PHILOSOPHY","L2515; L2519","Exact heading, taxonomy, Phase 0 mapping, acceptance criterion, and evidence rule corrected."
"REQ-058.07","REQ-089.02","Retained and re-anchored","Part 6","API PHILOSOPHY","L2515; L2529","Exact heading, taxonomy, Phase 0 mapping, acceptance criterion, and evidence rule corrected."
"REQ-058.06","REQ-089.03","Retained and re-anchored","Part 6","API PHILOSOPHY","L2515; L2527","Exact heading, taxonomy, Phase 0 mapping, acceptance criterion, and evidence rule corrected."
"REQ-058.03","REQ-089.04","Retained and re-anchored","Part 6","API PHILOSOPHY","L2515; L2521","Exact heading, taxonomy, Phase 0 mapping, acceptance criterion, and evidence rule corrected."
"REQ-058.01","REQ-089.05","Retained and re-anchored","Part 6","API PHILOSOPHY","L2515; L2517","Exact heading, taxonomy, Phase 0 mapping, acceptance criterion, and evidence rule corrected."
"REQ-058.04","REQ-089.06","Retained and re-anchored","Part 6","API PHILOSOPHY","L2515; L2523","Exact heading, taxonomy, Phase 0 mapping, acceptance criterion, and evidence rule corrected."
"REQ-058.05","REQ-089.07","Retained and re-anchored","Part 6","API PHILOSOPHY","L2515; L2525","Exact heading, taxonomy, Phase 0 mapping, acceptance criterion, and evidence rule corrected."
"REQ-058.08","REQ-089.08","Retained and re-anchored","Part 6","API PHILOSOPHY","L2531","Exact heading, taxonomy, Phase 0 mapping, acceptance criterion, and evidence rule corrected."
"REQ-058.09","REQ-089.09","Retained and re-anchored","Part 6","API PHILOSOPHY","L2533","Exact heading, taxonomy, Phase 0 mapping, acceptance criterion, and evidence rule corrected."
"REQ-058.16","REQ-090.01","Retained and re-anchored","Part 6","API OBJECTIVES","L2539; L2553","Exact heading, taxonomy, Phase 0 mapping, acceptance criterion, and evidence rule corrected."
"REQ-058.15","REQ-090.02","Retained and re-anchored","Part 6","API OBJECTIVES","L2539; L2551","Exact heading, taxonomy, Phase 0 mapping, acceptance criterion, and evidence rule corrected."
"REQ-058.11","REQ-090.03","Retained and re-anchored","Part 6","API OBJECTIVES","L2539; L2543","Exact heading, taxonomy, Phase 0 mapping, acceptance criterion, and evidence rule corrected."
"REQ-058.13","REQ-090.04","Retained and re-anchored","Part 6","API OBJECTIVES","L2539; L2547","Exact heading, taxonomy, Phase 0 mapping, acceptance criterion, and evidence rule corrected."
"REQ-058.12","REQ-090.05","Retained and re-anchored","Part 6","API OBJECTIVES","L2539; L2545","Exact heading, taxonomy, Phase 0 mapping, acceptance criterion, and evidence rule corrected."
"REQ-058.10","REQ-090.06","Retained and re-anchored","Part 6","API OBJECTIVES","L2539; L2541","Exact heading, taxonomy, Phase 0 mapping, acceptance criterion, and evidence rule corrected."
"REQ-058.14","REQ-090.07","Retained and re-anchored","Part 6","API OBJECTIVES","L2539; L2549","Exact heading, taxonomy, Phase 0 mapping, acceptance criterion, and evidence rule corrected."
"REQ-058.17","REQ-090.08","Retained and re-anchored","Part 6","API OBJECTIVES","L2555","Exact heading, taxonomy, Phase 0 mapping, acceptance criterion, and evidence rule corrected."
"REQ-058.20","REQ-091.01","Retained and re-anchored","Part 6","API DESIGN PRINCIPLES","L2561; L2569","Exact heading, taxonomy, Phase 0 mapping, acceptance criterion, and evidence rule corrected."
"REQ-058.18","REQ-091.02","Retained and re-anchored","Part 6","API DESIGN PRINCIPLES","L2561; L2565","Exact heading, taxonomy, Phase 0 mapping, acceptance criterion, and evidence rule corrected."
"REQ-058.23","REQ-091.03","Retained and re-anchored","Part 6","API DESIGN PRINCIPLES","L2561; L2575","Exact heading, taxonomy, Phase 0 mapping, acceptance criterion, and evidence rule corrected."
"REQ-058.21","REQ-091.04","Retained and re-anchored","Part 6","API DESIGN PRINCIPLES","L2561; L2571","Exact heading, taxonomy, Phase 0 mapping, acceptance criterion, and evidence rule corrected."
"REQ-058.22","REQ-091.05","Retained and re-anchored","Part 6","API DESIGN PRINCIPLES","L2561; L2573","Exact heading, taxonomy, Phase 0 mapping, acceptance criterion, and evidence rule corrected."
"REQ-058.27","REQ-091.06","Retained and re-anchored","Part 6","API DESIGN PRINCIPLES","L2561; L2583","Exact heading, taxonomy, Phase 0 mapping, acceptance criterion, and evidence rule corrected."
"REQ-058.25","REQ-091.07","Retained and re-anchored","Part 6","API DESIGN PRINCIPLES","L2561; L2579","Exact heading, taxonomy, Phase 0 mapping, acceptance criterion, and evidence rule corrected."
"REQ-058.24","REQ-091.08","Retained and re-anchored","Part 6","API DESIGN PRINCIPLES","L2561; L2577","Exact heading, taxonomy, Phase 0 mapping, acceptance criterion, and evidence rule corrected."
"REQ-058.19","REQ-091.09","Retained and re-anchored","Part 6","API DESIGN PRINCIPLES","L2561; L2567","Exact heading, taxonomy, Phase 0 mapping, acceptance criterion, and evidence rule corrected."
"REQ-058.26","REQ-091.10","Retained and re-anchored","Part 6","API DESIGN PRINCIPLES","L2561; L2581","Exact heading, taxonomy, Phase 0 mapping, acceptance criterion, and evidence rule corrected."
"REQ-058.28","REQ-091.11","Retained and re-anchored","Part 6","API DESIGN PRINCIPLES","L2585","Exact heading, taxonomy, Phase 0 mapping, acceptance criterion, and evidence rule corrected."
"REQ-058.28","REQ-091.12","Retained and re-anchored","Part 6","API DESIGN PRINCIPLES","L2585","Exact heading, taxonomy, Phase 0 mapping, acceptance criterion, and evidence rule corrected."
"REQ-058.29","REQ-092.01","Retained and re-anchored","Part 6","API VERSIONING","L2589–L2591","Exact heading, taxonomy, Phase 0 mapping, acceptance criterion, and evidence rule corrected."
"REQ-058.30","REQ-092.02","Retained and re-anchored","Part 6","API VERSIONING","L2593","Exact heading, taxonomy, Phase 0 mapping, acceptance criterion, and evidence rule corrected."
"REQ-059.07","REQ-093.01","Retained and re-anchored","Part 6","AUTHENTICATION APIs","L2599; L2613","Exact heading, taxonomy, Phase 0 mapping, acceptance criterion, and evidence rule corrected."
"REQ-059.02","REQ-093.02","Retained and re-anchored","Part 6","AUTHENTICATION APIs","L2599; L2603","Exact heading, taxonomy, Phase 0 mapping, acceptance criterion, and evidence rule corrected."
"REQ-059.03","REQ-093.03","Retained and re-anchored","Part 6","AUTHENTICATION APIs","L2599; L2605","Exact heading, taxonomy, Phase 0 mapping, acceptance criterion, and evidence rule corrected."
"REQ-059.04","REQ-093.04","Retained and re-anchored","Part 6","AUTHENTICATION APIs","L2599; L2607","Exact heading, taxonomy, Phase 0 mapping, acceptance criterion, and evidence rule corrected."
"REQ-059.05","REQ-093.05","Retained and re-anchored","Part 6","AUTHENTICATION APIs","L2599; L2609","Exact heading, taxonomy, Phase 0 mapping, acceptance criterion, and evidence rule corrected."
"REQ-059.01","REQ-093.06","Retained and re-anchored","Part 6","AUTHENTICATION APIs","L2599; L2601","Exact heading, taxonomy, Phase 0 mapping, acceptance criterion, and evidence rule corrected."
"REQ-059.08","REQ-093.07","Retained and re-anchored","Part 6","AUTHENTICATION APIs","L2599; L2615","Exact heading, taxonomy, Phase 0 mapping, acceptance criterion, and evidence rule corrected."
"REQ-059.06","REQ-093.08","Retained and re-anchored","Part 6","AUTHENTICATION APIs","L2599; L2611","Exact heading, taxonomy, Phase 0 mapping, acceptance criterion, and evidence rule corrected."
"REQ-059.10","REQ-093.09","Retained and re-anchored","Part 6","AUTHENTICATION APIs","L2617","Exact heading, taxonomy, Phase 0 mapping, acceptance criterion, and evidence rule corrected."
"REQ-059.09","REQ-093.10","Retained and re-anchored","Part 6","AUTHENTICATION APIs","L2617","Exact heading, taxonomy, Phase 0 mapping, acceptance criterion, and evidence rule corrected."
"REQ-059.16","REQ-094.01","Retained and re-anchored","Part 6","USER APIs","L2635","Exact heading, taxonomy, Phase 0 mapping, acceptance criterion, and evidence rule corrected."
"REQ-060.04","REQ-095.01","Retained and re-anchored","Part 6","WALLET APIs","L2641; L2649","Exact heading, taxonomy, Phase 0 mapping, acceptance criterion, and evidence rule corrected."
"REQ-060.03","REQ-095.02","Retained and re-anchored","Part 6","WALLET APIs","L2641; L2647","Exact heading, taxonomy, Phase 0 mapping, acceptance criterion, and evidence rule corrected."
"REQ-060.06","REQ-095.03","Retained and re-anchored","Part 6","WALLET APIs","L2641; L2653","Exact heading, taxonomy, Phase 0 mapping, acceptance criterion, and evidence rule corrected."
"REQ-060.02","REQ-095.04","Retained and re-anchored","Part 6","WALLET APIs","L2641; L2645","Exact heading, taxonomy, Phase 0 mapping, acceptance criterion, and evidence rule corrected."
"REQ-060.01","REQ-095.05","Retained and re-anchored","Part 6","WALLET APIs","L2641; L2643","Exact heading, taxonomy, Phase 0 mapping, acceptance criterion, and evidence rule corrected."
"REQ-060.05","REQ-095.06","Retained and re-anchored","Part 6","WALLET APIs","L2641; L2651","Exact heading, taxonomy, Phase 0 mapping, acceptance criterion, and evidence rule corrected."
"REQ-060.07","REQ-095.07","Retained and re-anchored","Part 6","WALLET APIs","L2655","Exact heading, taxonomy, Phase 0 mapping, acceptance criterion, and evidence rule corrected."
"REQ-060.08","REQ-096.01","Retained and re-anchored","Part 6","SURVEY APIs","L2659–L2661","Exact heading, taxonomy, Phase 0 mapping, acceptance criterion, and evidence rule corrected."
"REQ-060.15","REQ-096.02","Retained and re-anchored","Part 6","SURVEY APIs","L2677","Exact heading, taxonomy, Phase 0 mapping, acceptance criterion, and evidence rule corrected."
"REQ-061.01","REQ-097.01","Retained and re-anchored","Part 6","WITHDRAWAL APIs","L2683; L2685","Exact heading, taxonomy, Phase 0 mapping, acceptance criterion, and evidence rule corrected."
"REQ-061.05","REQ-097.02","Retained and re-anchored","Part 6","WITHDRAWAL APIs","L2683; L2693","Exact heading, taxonomy, Phase 0 mapping, acceptance criterion, and evidence rule corrected."
"REQ-061.04","REQ-097.03","Retained and re-anchored","Part 6","WITHDRAWAL APIs","L2683; L2691","Exact heading, taxonomy, Phase 0 mapping, acceptance criterion, and evidence rule corrected."
"REQ-061.02","REQ-097.04","Retained and re-anchored","Part 6","WITHDRAWAL APIs","L2683; L2687","Exact heading, taxonomy, Phase 0 mapping, acceptance criterion, and evidence rule corrected."
"REQ-061.03","REQ-097.05","Retained and re-anchored","Part 6","WITHDRAWAL APIs","L2683; L2689","Exact heading, taxonomy, Phase 0 mapping, acceptance criterion, and evidence rule corrected."
"REQ-061.06","REQ-097.06","Retained and re-anchored","Part 6","WITHDRAWAL APIs","L2695","Exact heading, taxonomy, Phase 0 mapping, acceptance criterion, and evidence rule corrected."
"REQ-061.10","REQ-098.01","Retained and re-anchored","Part 6","LEADERBOARD APIs","L2701; L2709","Exact heading, taxonomy, Phase 0 mapping, acceptance criterion, and evidence rule corrected."
"REQ-061.08","REQ-098.02","Retained and re-anchored","Part 6","LEADERBOARD APIs","L2701; L2705","Exact heading, taxonomy, Phase 0 mapping, acceptance criterion, and evidence rule corrected."
"REQ-061.09","REQ-098.03","Retained and re-anchored","Part 6","LEADERBOARD APIs","L2701; L2707","Exact heading, taxonomy, Phase 0 mapping, acceptance criterion, and evidence rule corrected."
"REQ-061.07","REQ-098.04","Retained and re-anchored","Part 6","LEADERBOARD APIs","L2701; L2703","Exact heading, taxonomy, Phase 0 mapping, acceptance criterion, and evidence rule corrected."
"REQ-061.12","REQ-098.05","Retained and re-anchored","Part 6","LEADERBOARD APIs","L2711","Exact heading, taxonomy, Phase 0 mapping, acceptance criterion, and evidence rule corrected."
"REQ-061.11","REQ-098.06","Retained and re-anchored","Part 6","LEADERBOARD APIs","L2711","Exact heading, taxonomy, Phase 0 mapping, acceptance criterion, and evidence rule corrected."
"REQ-061.15","REQ-099.01","Retained and re-anchored","Part 6","NOTIFICATION APIs","L2717; L2723","Exact heading, taxonomy, Phase 0 mapping, acceptance criterion, and evidence rule corrected."
"REQ-061.16","REQ-099.02","Retained and re-anchored","Part 6","NOTIFICATION APIs","L2717; L2725","Exact heading, taxonomy, Phase 0 mapping, acceptance criterion, and evidence rule corrected."
"REQ-061.13","REQ-099.03","Retained and re-anchored","Part 6","NOTIFICATION APIs","L2717; L2719","Exact heading, taxonomy, Phase 0 mapping, acceptance criterion, and evidence rule corrected."
"REQ-061.17","REQ-099.04","Retained and re-anchored","Part 6","NOTIFICATION APIs","L2717; L2727","Exact heading, taxonomy, Phase 0 mapping, acceptance criterion, and evidence rule corrected."
"REQ-061.14","REQ-099.05","Retained and re-anchored","Part 6","NOTIFICATION APIs","L2717; L2721","Exact heading, taxonomy, Phase 0 mapping, acceptance criterion, and evidence rule corrected."
"REQ-061.18","REQ-099.06","Retained and re-anchored","Part 6","NOTIFICATION APIs","L2729","Exact heading, taxonomy, Phase 0 mapping, acceptance criterion, and evidence rule corrected."
"REQ-062.04","REQ-100.01","Retained and re-anchored","Part 6","SUPPORT APIs","L2735; L2743","Exact heading, taxonomy, Phase 0 mapping, acceptance criterion, and evidence rule corrected."
"REQ-062.03","REQ-100.02","Retained and re-anchored","Part 6","SUPPORT APIs","L2735; L2741","Exact heading, taxonomy, Phase 0 mapping, acceptance criterion, and evidence rule corrected."
"REQ-062.05","REQ-100.03","Retained and re-anchored","Part 6","SUPPORT APIs","L2735; L2745","Exact heading, taxonomy, Phase 0 mapping, acceptance criterion, and evidence rule corrected."
"REQ-062.01","REQ-100.04","Retained and re-anchored","Part 6","SUPPORT APIs","L2735; L2737","Exact heading, taxonomy, Phase 0 mapping, acceptance criterion, and evidence rule corrected."
"REQ-062.02","REQ-100.05","Retained and re-anchored","Part 6","SUPPORT APIs","L2735; L2739","Exact heading, taxonomy, Phase 0 mapping, acceptance criterion, and evidence rule corrected."
"REQ-062.06","REQ-100.06","Retained and re-anchored","Part 6","SUPPORT APIs","L2747","Exact heading, taxonomy, Phase 0 mapping, acceptance criterion, and evidence rule corrected."
"REQ-062.10","REQ-101.01","Retained and re-anchored","Part 6","CMS APIs","L2753; L2761","Exact heading, taxonomy, Phase 0 mapping, acceptance criterion, and evidence rule corrected."
"REQ-062.11","REQ-101.02","Retained and re-anchored","Part 6","CMS APIs","L2753; L2763","Exact heading, taxonomy, Phase 0 mapping, acceptance criterion, and evidence rule corrected."
"REQ-062.08","REQ-101.03","Retained and re-anchored","Part 6","CMS APIs","L2753; L2757","Exact heading, taxonomy, Phase 0 mapping, acceptance criterion, and evidence rule corrected."
"REQ-062.07","REQ-101.04","Retained and re-anchored","Part 6","CMS APIs","L2753; L2755","Exact heading, taxonomy, Phase 0 mapping, acceptance criterion, and evidence rule corrected."
"REQ-062.09","REQ-101.05","Retained and re-anchored","Part 6","CMS APIs","L2753; L2759","Exact heading, taxonomy, Phase 0 mapping, acceptance criterion, and evidence rule corrected."
"REQ-062.12","REQ-101.06","Retained and re-anchored","Part 6","CMS APIs","L2765","Exact heading, taxonomy, Phase 0 mapping, acceptance criterion, and evidence rule corrected."
"REQ-062.17","REQ-102.01","Retained and re-anchored","Part 6","ADMIN APIs","L2771; L2781","Exact heading, taxonomy, Phase 0 mapping, acceptance criterion, and evidence rule corrected."
"REQ-062.18","REQ-102.02","Retained and re-anchored","Part 6","ADMIN APIs","L2771; L2783","Exact heading, taxonomy, Phase 0 mapping, acceptance criterion, and evidence rule corrected."
"REQ-062.19","REQ-102.03","Retained and re-anchored","Part 6","ADMIN APIs","L2771; L2785","Exact heading, taxonomy, Phase 0 mapping, acceptance criterion, and evidence rule corrected."
"REQ-062.21","REQ-102.04","Retained and re-anchored","Part 6","ADMIN APIs","L2771; L2789","Exact heading, taxonomy, Phase 0 mapping, acceptance criterion, and evidence rule corrected."
"REQ-062.20","REQ-102.05","Retained and re-anchored","Part 6","ADMIN APIs","L2771; L2787","Exact heading, taxonomy, Phase 0 mapping, acceptance criterion, and evidence rule corrected."
"REQ-062.14","REQ-102.06","Retained and re-anchored","Part 6","ADMIN APIs","L2771; L2775","Exact heading, taxonomy, Phase 0 mapping, acceptance criterion, and evidence rule corrected."
"REQ-062.13","REQ-102.07","Retained and re-anchored","Part 6","ADMIN APIs","L2771; L2773","Exact heading, taxonomy, Phase 0 mapping, acceptance criterion, and evidence rule corrected."
"REQ-062.15","REQ-102.08","Retained and re-anchored","Part 6","ADMIN APIs","L2771; L2777","Exact heading, taxonomy, Phase 0 mapping, acceptance criterion, and evidence rule corrected."
"REQ-062.16","REQ-102.09","Retained and re-anchored","Part 6","ADMIN APIs","L2771; L2779","Exact heading, taxonomy, Phase 0 mapping, acceptance criterion, and evidence rule corrected."
"REQ-062.22","REQ-102.10","Retained and re-anchored","Part 6","ADMIN APIs","L2791","Exact heading, taxonomy, Phase 0 mapping, acceptance criterion, and evidence rule corrected."
"REQ-063.01","REQ-103.01","Retained and re-anchored","Part 6","PROVIDER INTEGRATION LAYER","L2795–L2797","Exact heading, taxonomy, Phase 0 mapping, acceptance criterion, and evidence rule corrected."
"REQ-063.02","REQ-103.02","Retained and re-anchored","Part 6","PROVIDER INTEGRATION LAYER","L2799","Exact heading, taxonomy, Phase 0 mapping, acceptance criterion, and evidence rule corrected."
"REQ-063.03","REQ-103.03","Retained and re-anchored","Part 6","PROVIDER INTEGRATION LAYER","L2801","Exact heading, taxonomy, Phase 0 mapping, acceptance criterion, and evidence rule corrected."
"REQ-063.04","REQ-103.04","Retained and re-anchored","Part 6","PROVIDER INTEGRATION LAYER","L2803","Exact heading, taxonomy, Phase 0 mapping, acceptance criterion, and evidence rule corrected."
"REQ-063.04","REQ-103.05","Retained and re-anchored","Part 6","PROVIDER INTEGRATION LAYER","L2803","Exact heading, taxonomy, Phase 0 mapping, acceptance criterion, and evidence rule corrected."
"REQ-063.05","REQ-104.01","Retained and re-anchored","Part 6","WEBHOOK ARCHITECTURE","L2807–L2809","Exact heading, taxonomy, Phase 0 mapping, acceptance criterion, and evidence rule corrected."
"REQ-063.09","REQ-104.02","Retained and re-anchored","Part 6","WEBHOOK ARCHITECTURE","L2811; L2819","Exact heading, taxonomy, Phase 0 mapping, acceptance criterion, and evidence rule corrected."
"REQ-063.11","REQ-104.03","Retained and re-anchored","Part 6","WEBHOOK ARCHITECTURE","L2811; L2823","Exact heading, taxonomy, Phase 0 mapping, acceptance criterion, and evidence rule corrected."
"REQ-063.07","REQ-104.04","Retained and re-anchored","Part 6","WEBHOOK ARCHITECTURE","L2811; L2815","Exact heading, taxonomy, Phase 0 mapping, acceptance criterion, and evidence rule corrected."
"REQ-063.10","REQ-104.05","Retained and re-anchored","Part 6","WEBHOOK ARCHITECTURE","L2811; L2821","Exact heading, taxonomy, Phase 0 mapping, acceptance criterion, and evidence rule corrected."
"REQ-063.08","REQ-104.06","Retained and re-anchored","Part 6","WEBHOOK ARCHITECTURE","L2811; L2817","Exact heading, taxonomy, Phase 0 mapping, acceptance criterion, and evidence rule corrected."
"REQ-063.06","REQ-104.07","Retained and re-anchored","Part 6","WEBHOOK ARCHITECTURE","L2811; L2813","Exact heading, taxonomy, Phase 0 mapping, acceptance criterion, and evidence rule corrected."
"REQ-063.13","REQ-104.08","Retained and re-anchored","Part 6","WEBHOOK ARCHITECTURE","L2825","Exact heading, taxonomy, Phase 0 mapping, acceptance criterion, and evidence rule corrected."
"REQ-063.12","REQ-104.09","Retained and re-anchored","Part 6","WEBHOOK ARCHITECTURE","L2825","Exact heading, taxonomy, Phase 0 mapping, acceptance criterion, and evidence rule corrected."
"REQ-064.01","REQ-105.01","Retained and re-anchored","Part 6","BACKGROUND PROCESSING","L2829–L2831","Exact heading, taxonomy, Phase 0 mapping, acceptance criterion, and evidence rule corrected."
"REQ-064.03","REQ-105.02","Retained and re-anchored","Part 6","BACKGROUND PROCESSING","L2845","Exact heading, taxonomy, Phase 0 mapping, acceptance criterion, and evidence rule corrected."
"REQ-064.04","REQ-106.01","Retained and re-anchored","Part 6","ERROR HANDLING","L2849–L2851","Exact heading, taxonomy, Phase 0 mapping, acceptance criterion, and evidence rule corrected."
"REQ-064.08","REQ-106.02","Retained and re-anchored","Part 6","ERROR HANDLING","L2853; L2861","Exact heading, taxonomy, Phase 0 mapping, acceptance criterion, and evidence rule corrected."
"REQ-064.05","REQ-106.03","Retained and re-anchored","Part 6","ERROR HANDLING","L2853; L2855","Exact heading, taxonomy, Phase 0 mapping, acceptance criterion, and evidence rule corrected."
"REQ-064.06","REQ-106.04","Retained and re-anchored","Part 6","ERROR HANDLING","L2853; L2857","Exact heading, taxonomy, Phase 0 mapping, acceptance criterion, and evidence rule corrected."
"REQ-064.07","REQ-106.05","Retained and re-anchored","Part 6","ERROR HANDLING","L2853; L2859","Exact heading, taxonomy, Phase 0 mapping, acceptance criterion, and evidence rule corrected."
"REQ-064.09","REQ-106.06","Retained and re-anchored","Part 6","ERROR HANDLING","L2863","Exact heading, taxonomy, Phase 0 mapping, acceptance criterion, and evidence rule corrected."
"REQ-064.10","REQ-106.07","Retained and re-anchored","Part 6","ERROR HANDLING","L2863","Exact heading, taxonomy, Phase 0 mapping, acceptance criterion, and evidence rule corrected."
"REQ-065.07","REQ-107.01","Retained and re-anchored","Part 6","API SECURITY","L2869; L2883","Exact heading, taxonomy, Phase 0 mapping, acceptance criterion, and evidence rule corrected."
"REQ-065.01","REQ-107.02","Retained and re-anchored","Part 6","API SECURITY","L2869; L2871","Exact heading, taxonomy, Phase 0 mapping, acceptance criterion, and evidence rule corrected."
"REQ-065.02","REQ-107.03","Retained and re-anchored","Part 6","API SECURITY","L2869; L2873","Exact heading, taxonomy, Phase 0 mapping, acceptance criterion, and evidence rule corrected."
"REQ-065.04","REQ-107.04","Retained and re-anchored","Part 6","API SECURITY","L2869; L2877","Exact heading, taxonomy, Phase 0 mapping, acceptance criterion, and evidence rule corrected."
"REQ-065.05","REQ-107.05","Retained and re-anchored","Part 6","API SECURITY","L2869; L2879","Exact heading, taxonomy, Phase 0 mapping, acceptance criterion, and evidence rule corrected."
"REQ-065.03","REQ-107.06","Retained and re-anchored","Part 6","API SECURITY","L2869; L2875","Exact heading, taxonomy, Phase 0 mapping, acceptance criterion, and evidence rule corrected."
"REQ-065.06","REQ-107.07","Retained and re-anchored","Part 6","API SECURITY","L2869; L2881","Exact heading, taxonomy, Phase 0 mapping, acceptance criterion, and evidence rule corrected."
"REQ-065.09","REQ-107.08","Retained and re-anchored","Part 6","API SECURITY","L2869; L2887","Exact heading, taxonomy, Phase 0 mapping, acceptance criterion, and evidence rule corrected."
"REQ-065.08","REQ-107.09","Retained and re-anchored","Part 6","API SECURITY","L2869; L2885","Exact heading, taxonomy, Phase 0 mapping, acceptance criterion, and evidence rule corrected."
"REQ-065.10","REQ-107.10","Retained and re-anchored","Part 6","API SECURITY","L2889","Exact heading, taxonomy, Phase 0 mapping, acceptance criterion, and evidence rule corrected."
"REQ-065.11","REQ-108.01","Retained and re-anchored","Part 6","API DOCUMENTATION","L2893–L2895","Exact heading, taxonomy, Phase 0 mapping, acceptance criterion, and evidence rule corrected."
"REQ-065.13","REQ-108.02","Retained and re-anchored","Part 6","API DOCUMENTATION","L2897; L2901","Exact heading, taxonomy, Phase 0 mapping, acceptance criterion, and evidence rule corrected."
"REQ-065.16","REQ-108.03","Retained and re-anchored","Part 6","API DOCUMENTATION","L2897; L2907","Exact heading, taxonomy, Phase 0 mapping, acceptance criterion, and evidence rule corrected."
"REQ-065.18","REQ-108.04","Retained and re-anchored","Part 6","API DOCUMENTATION","L2897; L2911","Exact heading, taxonomy, Phase 0 mapping, acceptance criterion, and evidence rule corrected."
"REQ-065.14","REQ-108.05","Retained and re-anchored","Part 6","API DOCUMENTATION","L2897; L2903","Exact heading, taxonomy, Phase 0 mapping, acceptance criterion, and evidence rule corrected."
"REQ-065.15","REQ-108.06","Retained and re-anchored","Part 6","API DOCUMENTATION","L2897; L2905","Exact heading, taxonomy, Phase 0 mapping, acceptance criterion, and evidence rule corrected."
"REQ-065.12","REQ-108.07","Retained and re-anchored","Part 6","API DOCUMENTATION","L2897; L2899","Exact heading, taxonomy, Phase 0 mapping, acceptance criterion, and evidence rule corrected."
"REQ-065.17","REQ-108.08","Retained and re-anchored","Part 6","API DOCUMENTATION","L2897; L2909","Exact heading, taxonomy, Phase 0 mapping, acceptance criterion, and evidence rule corrected."
"REQ-065.19","REQ-108.09","Retained and re-anchored","Part 6","API DOCUMENTATION","L2913","Exact heading, taxonomy, Phase 0 mapping, acceptance criterion, and evidence rule corrected."
"REQ-065.20","REQ-109.01","Retained and re-anchored","Part 6","TESTING STRATEGY","L2919; L2921","Exact heading, taxonomy, Phase 0 mapping, acceptance criterion, and evidence rule corrected."
"REQ-065.21","REQ-109.02","Retained and re-anchored","Part 6","TESTING STRATEGY","L2919; L2923","Exact heading, taxonomy, Phase 0 mapping, acceptance criterion, and evidence rule corrected."
"REQ-065.23","REQ-109.03","Retained and re-anchored","Part 6","TESTING STRATEGY","L2919; L2927","Exact heading, taxonomy, Phase 0 mapping, acceptance criterion, and evidence rule corrected."
"REQ-065.24","REQ-109.04","Retained and re-anchored","Part 6","TESTING STRATEGY","L2919; L2929","Exact heading, taxonomy, Phase 0 mapping, acceptance criterion, and evidence rule corrected."
"REQ-065.22","REQ-109.05","Retained and re-anchored","Part 6","TESTING STRATEGY","L2919; L2925","Exact heading, taxonomy, Phase 0 mapping, acceptance criterion, and evidence rule corrected."
"REQ-065.25","REQ-109.06","Retained and re-anchored","Part 6","TESTING STRATEGY","L2931","Exact heading, taxonomy, Phase 0 mapping, acceptance criterion, and evidence rule corrected."
"REQ-065.26","REQ-110.01","Retained and re-anchored","Part 6","OBSERVABILITY","L2935–L2937","Exact heading, taxonomy, Phase 0 mapping, acceptance criterion, and evidence rule corrected."
"REQ-065.31","REQ-110.02","Retained and re-anchored","Part 6","OBSERVABILITY","L2939; L2949","Exact heading, taxonomy, Phase 0 mapping, acceptance criterion, and evidence rule corrected."
"REQ-065.30","REQ-110.03","Retained and re-anchored","Part 6","OBSERVABILITY","L2939; L2947","Exact heading, taxonomy, Phase 0 mapping, acceptance criterion, and evidence rule corrected."
"REQ-065.28","REQ-110.04","Retained and re-anchored","Part 6","OBSERVABILITY","L2939; L2943","Exact heading, taxonomy, Phase 0 mapping, acceptance criterion, and evidence rule corrected."
"REQ-065.32","REQ-110.05","Retained and re-anchored","Part 6","OBSERVABILITY","L2939; L2951","Exact heading, taxonomy, Phase 0 mapping, acceptance criterion, and evidence rule corrected."
"REQ-065.29","REQ-110.06","Retained and re-anchored","Part 6","OBSERVABILITY","L2939; L2945","Exact heading, taxonomy, Phase 0 mapping, acceptance criterion, and evidence rule corrected."
"REQ-065.27","REQ-110.07","Retained and re-anchored","Part 6","OBSERVABILITY","L2939; L2941","Exact heading, taxonomy, Phase 0 mapping, acceptance criterion, and evidence rule corrected."
"REQ-065.33","REQ-110.08","Retained and re-anchored","Part 6","OBSERVABILITY","L2953","Exact heading, taxonomy, Phase 0 mapping, acceptance criterion, and evidence rule corrected."
"REQ-065.33","REQ-110.09","Retained and re-anchored","Part 6","OBSERVABILITY","L2953","Exact heading, taxonomy, Phase 0 mapping, acceptance criterion, and evidence rule corrected."
"REQ-066.02","REQ-111.01","Retained and re-anchored","Part 6","FINAL API DELIVERABLES","L2959; L2963","Exact heading, taxonomy, Phase 0 mapping, acceptance criterion, and evidence rule corrected."
"REQ-066.06","REQ-111.02","Retained and re-anchored","Part 6","FINAL API DELIVERABLES","L2959; L2971","Exact heading, taxonomy, Phase 0 mapping, acceptance criterion, and evidence rule corrected."
"REQ-066.04","REQ-111.03","Retained and re-anchored","Part 6","FINAL API DELIVERABLES","L2959; L2967","Exact heading, taxonomy, Phase 0 mapping, acceptance criterion, and evidence rule corrected."
"REQ-066.05","REQ-111.04","Retained and re-anchored","Part 6","FINAL API DELIVERABLES","L2959; L2969","Exact heading, taxonomy, Phase 0 mapping, acceptance criterion, and evidence rule corrected."
"REQ-066.01","REQ-111.05","Retained and re-anchored","Part 6","FINAL API DELIVERABLES","L2959; L2961","Exact heading, taxonomy, Phase 0 mapping, acceptance criterion, and evidence rule corrected."
"REQ-066.10","REQ-111.06","Retained and re-anchored","Part 6","FINAL API DELIVERABLES","L2959; L2979","Exact heading, taxonomy, Phase 0 mapping, acceptance criterion, and evidence rule corrected."
"REQ-066.07","REQ-111.07","Retained and re-anchored","Part 6","FINAL API DELIVERABLES","L2959; L2973","Exact heading, taxonomy, Phase 0 mapping, acceptance criterion, and evidence rule corrected."
"REQ-066.03","REQ-111.08","Retained and re-anchored","Part 6","FINAL API DELIVERABLES","L2959; L2965","Exact heading, taxonomy, Phase 0 mapping, acceptance criterion, and evidence rule corrected."
"REQ-066.08","REQ-111.09","Retained and re-anchored","Part 6","FINAL API DELIVERABLES","L2959; L2975","Exact heading, taxonomy, Phase 0 mapping, acceptance criterion, and evidence rule corrected."
"REQ-066.09","REQ-111.10","Retained and re-anchored","Part 6","FINAL API DELIVERABLES","L2959; L2977","Exact heading, taxonomy, Phase 0 mapping, acceptance criterion, and evidence rule corrected."
"REQ-066.11","REQ-111.11","Retained and re-anchored","Part 6","FINAL API DELIVERABLES","L2981","Exact heading, taxonomy, Phase 0 mapping, acceptance criterion, and evidence rule corrected."
"REQ-067.01","REQ-112.01","Retained and re-anchored","Part 7","DESIGN PHILOSOPHY","L2999; L3013","Exact heading, taxonomy, Phase 0 mapping, acceptance criterion, and evidence rule corrected."
"REQ-067.01","REQ-112.02","Retained and re-anchored","Part 7","DESIGN PHILOSOPHY","L2999; L3001","Exact heading, taxonomy, Phase 0 mapping, acceptance criterion, and evidence rule corrected."
"REQ-067.01","REQ-112.03","Retained and re-anchored","Part 7","DESIGN PHILOSOPHY","L2999; L3011","Exact heading, taxonomy, Phase 0 mapping, acceptance criterion, and evidence rule corrected."
"REQ-067.01","REQ-112.04","Retained and re-anchored","Part 7","DESIGN PHILOSOPHY","L2999; L3005","Exact heading, taxonomy, Phase 0 mapping, acceptance criterion, and evidence rule corrected."
"REQ-067.01","REQ-112.05","Retained and re-anchored","Part 7","DESIGN PHILOSOPHY","L2999; L3009","Exact heading, taxonomy, Phase 0 mapping, acceptance criterion, and evidence rule corrected."
"REQ-067.01","REQ-112.06","Retained and re-anchored","Part 7","DESIGN PHILOSOPHY","L2999; L3007","Exact heading, taxonomy, Phase 0 mapping, acceptance criterion, and evidence rule corrected."
"REQ-067.01","REQ-112.07","Retained and re-anchored","Part 7","DESIGN PHILOSOPHY","L2999; L3003","Exact heading, taxonomy, Phase 0 mapping, acceptance criterion, and evidence rule corrected."
"REQ-067.02","REQ-112.08","Retained and re-anchored","Part 7","DESIGN PHILOSOPHY","L3015–L3019","Exact heading, taxonomy, Phase 0 mapping, acceptance criterion, and evidence rule corrected."
"REQ-067.04","REQ-113.01","Retained and re-anchored","Part 7","DESIGN LANGUAGE","L3023–L3027; L3029","Exact heading, taxonomy, Phase 0 mapping, acceptance criterion, and evidence rule corrected."
"REQ-067.04","REQ-113.02","Retained and re-anchored","Part 7","DESIGN LANGUAGE","L3023–L3027; L3033","Exact heading, taxonomy, Phase 0 mapping, acceptance criterion, and evidence rule corrected."
"REQ-067.04","REQ-113.03","Retained and re-anchored","Part 7","DESIGN LANGUAGE","L3023–L3027; L3041","Exact heading, taxonomy, Phase 0 mapping, acceptance criterion, and evidence rule corrected."
"REQ-067.04","REQ-113.04","Retained and re-anchored","Part 7","DESIGN LANGUAGE","L3023–L3027; L3035","Exact heading, taxonomy, Phase 0 mapping, acceptance criterion, and evidence rule corrected."
"REQ-067.04","REQ-113.05","Retained and re-anchored","Part 7","DESIGN LANGUAGE","L3023–L3027; L3043","Exact heading, taxonomy, Phase 0 mapping, acceptance criterion, and evidence rule corrected."
"REQ-067.04","REQ-113.06","Retained and re-anchored","Part 7","DESIGN LANGUAGE","L3023–L3027; L3037","Exact heading, taxonomy, Phase 0 mapping, acceptance criterion, and evidence rule corrected."
"REQ-067.04","REQ-113.07","Retained and re-anchored","Part 7","DESIGN LANGUAGE","L3023–L3027; L3039","Exact heading, taxonomy, Phase 0 mapping, acceptance criterion, and evidence rule corrected."
"REQ-067.04","REQ-113.08","Retained and re-anchored","Part 7","DESIGN LANGUAGE","L3023–L3027; L3031","Exact heading, taxonomy, Phase 0 mapping, acceptance criterion, and evidence rule corrected."
"REQ-067.03","REQ-113.09","Retained and re-anchored","Part 7","DESIGN LANGUAGE","L3023–L3025","Exact heading, taxonomy, Phase 0 mapping, acceptance criterion, and evidence rule corrected."
"REQ-067.05","REQ-113.10","Retained and re-anchored","Part 7","DESIGN LANGUAGE","L3045; L3047","Exact heading, taxonomy, Phase 0 mapping, acceptance criterion, and evidence rule corrected."
"REQ-067.05","REQ-113.11","Retained and re-anchored","Part 7","DESIGN LANGUAGE","L3045; L3057","Exact heading, taxonomy, Phase 0 mapping, acceptance criterion, and evidence rule corrected."
"REQ-067.05","REQ-113.12","Retained and re-anchored","Part 7","DESIGN LANGUAGE","L3045; L3051","Exact heading, taxonomy, Phase 0 mapping, acceptance criterion, and evidence rule corrected."
"REQ-067.05","REQ-113.13","Retained and re-anchored","Part 7","DESIGN LANGUAGE","L3045; L3055","Exact heading, taxonomy, Phase 0 mapping, acceptance criterion, and evidence rule corrected."
"REQ-067.05","REQ-113.14","Retained and re-anchored","Part 7","DESIGN LANGUAGE","L3045; L3053","Exact heading, taxonomy, Phase 0 mapping, acceptance criterion, and evidence rule corrected."
"REQ-067.05","REQ-113.15","Retained and re-anchored","Part 7","DESIGN LANGUAGE","L3045; L3049","Exact heading, taxonomy, Phase 0 mapping, acceptance criterion, and evidence rule corrected."
"REQ-067.06","REQ-114.01","Retained and re-anchored","Part 7","DESIGN PRINCIPLES","L3063; L3069","Exact heading, taxonomy, Phase 0 mapping, acceptance criterion, and evidence rule corrected."
"REQ-067.06","REQ-114.02","Retained and re-anchored","Part 7","DESIGN PRINCIPLES","L3063; L3077","Exact heading, taxonomy, Phase 0 mapping, acceptance criterion, and evidence rule corrected."
"REQ-067.06","REQ-114.03","Retained and re-anchored","Part 7","DESIGN PRINCIPLES","L3063; L3075","Exact heading, taxonomy, Phase 0 mapping, acceptance criterion, and evidence rule corrected."
"REQ-067.06","REQ-114.04","Retained and re-anchored","Part 7","DESIGN PRINCIPLES","L3063; L3073","Exact heading, taxonomy, Phase 0 mapping, acceptance criterion, and evidence rule corrected."
"REQ-067.06","REQ-114.05","Retained and re-anchored","Part 7","DESIGN PRINCIPLES","L3063; L3071","Exact heading, taxonomy, Phase 0 mapping, acceptance criterion, and evidence rule corrected."
"REQ-067.06","REQ-114.06","Retained and re-anchored","Part 7","DESIGN PRINCIPLES","L3063; L3079","Exact heading, taxonomy, Phase 0 mapping, acceptance criterion, and evidence rule corrected."
"REQ-067.06","REQ-114.07","Retained and re-anchored","Part 7","DESIGN PRINCIPLES","L3063; L3065","Exact heading, taxonomy, Phase 0 mapping, acceptance criterion, and evidence rule corrected."
"REQ-067.06","REQ-114.08","Retained and re-anchored","Part 7","DESIGN PRINCIPLES","L3063; L3067","Exact heading, taxonomy, Phase 0 mapping, acceptance criterion, and evidence rule corrected."
"REQ-067.07","REQ-114.09","Retained and re-anchored","Part 7","DESIGN PRINCIPLES","L3081","Exact heading, taxonomy, Phase 0 mapping, acceptance criterion, and evidence rule corrected."
"REQ-068.01","REQ-115.01","Retained and re-anchored","Part 7","BRAND IDENTITY","L3085–L3089","Exact heading, taxonomy, Phase 0 mapping, acceptance criterion, and evidence rule corrected."
"REQ-068.01","REQ-115.02","Retained and re-anchored","Part 7","BRAND IDENTITY","L3085; L3091–L3093","Exact heading, taxonomy, Phase 0 mapping, acceptance criterion, and evidence rule corrected."
"REQ-068.02","REQ-115.03","Retained and re-anchored","Part 7","BRAND IDENTITY","L3095; L3101","Exact heading, taxonomy, Phase 0 mapping, acceptance criterion, and evidence rule corrected."
"REQ-068.02","REQ-115.04","Retained and re-anchored","Part 7","BRAND IDENTITY","L3095; L3103","Exact heading, taxonomy, Phase 0 mapping, acceptance criterion, and evidence rule corrected."
"REQ-068.02","REQ-115.05","Retained and re-anchored","Part 7","BRAND IDENTITY","L3095; L3097","Exact heading, taxonomy, Phase 0 mapping, acceptance criterion, and evidence rule corrected."
"REQ-068.02","REQ-115.06","Retained and re-anchored","Part 7","BRAND IDENTITY","L3095; L3105","Exact heading, taxonomy, Phase 0 mapping, acceptance criterion, and evidence rule corrected."
"REQ-068.02","REQ-115.07","Retained and re-anchored","Part 7","BRAND IDENTITY","L3095; L3099","Exact heading, taxonomy, Phase 0 mapping, acceptance criterion, and evidence rule corrected."
"REQ-068.03","REQ-115.08","Retained and re-anchored","Part 7","BRAND IDENTITY","L3107","Exact heading, taxonomy, Phase 0 mapping, acceptance criterion, and evidence rule corrected."
"REQ-068.04","REQ-116.01","Retained and re-anchored","Part 7","COLOR SYSTEM","L3111–L3113","Exact heading, taxonomy, Phase 0 mapping, acceptance criterion, and evidence rule corrected."
"REQ-068.06","REQ-116.02","Retained and re-anchored","Part 7","COLOR SYSTEM","L3145","Exact heading, taxonomy, Phase 0 mapping, acceptance criterion, and evidence rule corrected."
"REQ-068.07","REQ-117.01","Retained and re-anchored","Part 7","TYPOGRAPHY","L3151","Exact heading, taxonomy, Phase 0 mapping, acceptance criterion, and evidence rule corrected."
"REQ-068.07","REQ-117.02","Retained and re-anchored","Part 7","TYPOGRAPHY","L3151","Exact heading, taxonomy, Phase 0 mapping, acceptance criterion, and evidence rule corrected."
"REQ-068.07","REQ-117.03","Retained and re-anchored","Part 7","TYPOGRAPHY","L3153; L3157","Exact heading, taxonomy, Phase 0 mapping, acceptance criterion, and evidence rule corrected."
"REQ-068.07","REQ-117.04","Retained and re-anchored","Part 7","TYPOGRAPHY","L3153; L3161","Exact heading, taxonomy, Phase 0 mapping, acceptance criterion, and evidence rule corrected."
"REQ-068.07","REQ-117.05","Retained and re-anchored","Part 7","TYPOGRAPHY","L3153; L3159","Exact heading, taxonomy, Phase 0 mapping, acceptance criterion, and evidence rule corrected."
"REQ-068.07","REQ-117.06","Retained and re-anchored","Part 7","TYPOGRAPHY","L3153; L3155","Exact heading, taxonomy, Phase 0 mapping, acceptance criterion, and evidence rule corrected."
"REQ-068.08","REQ-117.07","Retained and re-anchored","Part 7","TYPOGRAPHY","L3163","Exact heading, taxonomy, Phase 0 mapping, acceptance criterion, and evidence rule corrected."
"REQ-068.08","REQ-117.08","Retained and re-anchored","Part 7","TYPOGRAPHY","L3163","Exact heading, taxonomy, Phase 0 mapping, acceptance criterion, and evidence rule corrected."
"REQ-068.08","REQ-117.09","Retained and re-anchored","Part 7","TYPOGRAPHY","L3163","Exact heading, taxonomy, Phase 0 mapping, acceptance criterion, and evidence rule corrected."
"REQ-068.08","REQ-117.10","Retained and re-anchored","Part 7","TYPOGRAPHY","L3163","Exact heading, taxonomy, Phase 0 mapping, acceptance criterion, and evidence rule corrected."
"REQ-068.09","REQ-118.01","Retained and re-anchored","Part 7","GRID SYSTEM","L3167; L3171","Exact heading, taxonomy, Phase 0 mapping, acceptance criterion, and evidence rule corrected."
"REQ-068.09","REQ-118.02","Retained and re-anchored","Part 7","GRID SYSTEM","L3167–L3169","Exact heading, taxonomy, Phase 0 mapping, acceptance criterion, and evidence rule corrected."
"REQ-068.10","REQ-118.03","Retained and re-anchored","Part 7","GRID SYSTEM","L3173; L3181","Exact heading, taxonomy, Phase 0 mapping, acceptance criterion, and evidence rule corrected."
"REQ-068.10","REQ-118.04","Retained and re-anchored","Part 7","GRID SYSTEM","L3173; L3179","Exact heading, taxonomy, Phase 0 mapping, acceptance criterion, and evidence rule corrected."
"REQ-068.10","REQ-118.05","Retained and re-anchored","Part 7","GRID SYSTEM","L3173; L3183","Exact heading, taxonomy, Phase 0 mapping, acceptance criterion, and evidence rule corrected."
"REQ-068.10","REQ-118.06","Retained and re-anchored","Part 7","GRID SYSTEM","L3173; L3175","Exact heading, taxonomy, Phase 0 mapping, acceptance criterion, and evidence rule corrected."
"REQ-068.10","REQ-118.07","Retained and re-anchored","Part 7","GRID SYSTEM","L3173; L3177","Exact heading, taxonomy, Phase 0 mapping, acceptance criterion, and evidence rule corrected."
"REQ-068.11","REQ-119.01","Retained and re-anchored","Part 7","ICONOGRAPHY","L3189; L3195","Exact heading, taxonomy, Phase 0 mapping, acceptance criterion, and evidence rule corrected."
"REQ-068.11","REQ-119.02","Retained and re-anchored","Part 7","ICONOGRAPHY","L3189; L3193","Exact heading, taxonomy, Phase 0 mapping, acceptance criterion, and evidence rule corrected."
"REQ-068.11","REQ-119.03","Retained and re-anchored","Part 7","ICONOGRAPHY","L3189; L3197","Exact heading, taxonomy, Phase 0 mapping, acceptance criterion, and evidence rule corrected."
"REQ-068.11","REQ-119.04","Retained and re-anchored","Part 7","ICONOGRAPHY","L3189; L3191","Exact heading, taxonomy, Phase 0 mapping, acceptance criterion, and evidence rule corrected."
"REQ-068.12","REQ-119.05","Retained and re-anchored","Part 7","ICONOGRAPHY","L3199","Exact heading, taxonomy, Phase 0 mapping, acceptance criterion, and evidence rule corrected."
"REQ-069.01","REQ-120.01","Retained and re-anchored","Part 7","BUTTON SYSTEM","L3205; L3213","Exact heading, taxonomy, Phase 0 mapping, acceptance criterion, and evidence rule corrected."
"REQ-069.01","REQ-120.02","Retained and re-anchored","Part 7","BUTTON SYSTEM","L3205; L3217","Exact heading, taxonomy, Phase 0 mapping, acceptance criterion, and evidence rule corrected."
"REQ-069.01","REQ-120.03","Retained and re-anchored","Part 7","BUTTON SYSTEM","L3205; L3219","Exact heading, taxonomy, Phase 0 mapping, acceptance criterion, and evidence rule corrected."
"REQ-069.01","REQ-120.04","Retained and re-anchored","Part 7","BUTTON SYSTEM","L3205; L3211","Exact heading, taxonomy, Phase 0 mapping, acceptance criterion, and evidence rule corrected."
"REQ-069.01","REQ-120.05","Retained and re-anchored","Part 7","BUTTON SYSTEM","L3205; L3207","Exact heading, taxonomy, Phase 0 mapping, acceptance criterion, and evidence rule corrected."
"REQ-069.01","REQ-120.06","Retained and re-anchored","Part 7","BUTTON SYSTEM","L3205; L3209","Exact heading, taxonomy, Phase 0 mapping, acceptance criterion, and evidence rule corrected."
"REQ-069.01","REQ-120.07","Retained and re-anchored","Part 7","BUTTON SYSTEM","L3205; L3215","Exact heading, taxonomy, Phase 0 mapping, acceptance criterion, and evidence rule corrected."
"REQ-069.02","REQ-120.08","Retained and re-anchored","Part 7","BUTTON SYSTEM","L3221; L3227","Exact heading, taxonomy, Phase 0 mapping, acceptance criterion, and evidence rule corrected."
"REQ-069.02","REQ-120.09","Retained and re-anchored","Part 7","BUTTON SYSTEM","L3221; L3229","Exact heading, taxonomy, Phase 0 mapping, acceptance criterion, and evidence rule corrected."
"REQ-069.02","REQ-120.10","Retained and re-anchored","Part 7","BUTTON SYSTEM","L3221; L3225","Exact heading, taxonomy, Phase 0 mapping, acceptance criterion, and evidence rule corrected."
"REQ-069.02","REQ-120.11","Retained and re-anchored","Part 7","BUTTON SYSTEM","L3221; L3223","Exact heading, taxonomy, Phase 0 mapping, acceptance criterion, and evidence rule corrected."
"REQ-069.02","REQ-120.12","Retained and re-anchored","Part 7","BUTTON SYSTEM","L3221; L3231","Exact heading, taxonomy, Phase 0 mapping, acceptance criterion, and evidence rule corrected."
"REQ-069.07","REQ-121.01","Retained and re-anchored","Part 7","FORM SYSTEM","L3239; L3249","Exact heading, taxonomy, Phase 0 mapping, acceptance criterion, and evidence rule corrected."
"REQ-069.05","REQ-121.02","Retained and re-anchored","Part 7","FORM SYSTEM","L3239; L3245","Exact heading, taxonomy, Phase 0 mapping, acceptance criterion, and evidence rule corrected."
"REQ-069.04","REQ-121.03","Retained and re-anchored","Part 7","FORM SYSTEM","L3239; L3243","Exact heading, taxonomy, Phase 0 mapping, acceptance criterion, and evidence rule corrected."
"REQ-069.03","REQ-121.04","Retained and re-anchored","Part 7","FORM SYSTEM","L3239; L3241","Exact heading, taxonomy, Phase 0 mapping, acceptance criterion, and evidence rule corrected."
"REQ-069.08","REQ-121.05","Retained and re-anchored","Part 7","FORM SYSTEM","L3239; L3251","Exact heading, taxonomy, Phase 0 mapping, acceptance criterion, and evidence rule corrected."
"REQ-069.06","REQ-121.06","Retained and re-anchored","Part 7","FORM SYSTEM","L3239; L3247","Exact heading, taxonomy, Phase 0 mapping, acceptance criterion, and evidence rule corrected."
"REQ-069.09","REQ-121.07","Retained and re-anchored","Part 7","FORM SYSTEM","L3239; L3253","Exact heading, taxonomy, Phase 0 mapping, acceptance criterion, and evidence rule corrected."
"REQ-069.10","REQ-122.01","Retained and re-anchored","Part 7","CARD SYSTEM","L3259; L3263","Exact heading, taxonomy, Phase 0 mapping, acceptance criterion, and evidence rule corrected."
"REQ-069.10","REQ-122.02","Retained and re-anchored","Part 7","CARD SYSTEM","L3259; L3265","Exact heading, taxonomy, Phase 0 mapping, acceptance criterion, and evidence rule corrected."
"REQ-069.10","REQ-122.03","Retained and re-anchored","Part 7","CARD SYSTEM","L3259; L3269","Exact heading, taxonomy, Phase 0 mapping, acceptance criterion, and evidence rule corrected."
"REQ-069.10","REQ-122.04","Retained and re-anchored","Part 7","CARD SYSTEM","L3259; L3261","Exact heading, taxonomy, Phase 0 mapping, acceptance criterion, and evidence rule corrected."
"REQ-069.10","REQ-122.05","Retained and re-anchored","Part 7","CARD SYSTEM","L3259; L3267","Exact heading, taxonomy, Phase 0 mapping, acceptance criterion, and evidence rule corrected."
"REQ-069.11","REQ-122.06","Retained and re-anchored","Part 7","CARD SYSTEM","L3271; L3285","Exact heading, taxonomy, Phase 0 mapping, acceptance criterion, and evidence rule corrected."
"REQ-069.11","REQ-122.07","Retained and re-anchored","Part 7","CARD SYSTEM","L3271; L3279","Exact heading, taxonomy, Phase 0 mapping, acceptance criterion, and evidence rule corrected."
"REQ-069.11","REQ-122.08","Retained and re-anchored","Part 7","CARD SYSTEM","L3271; L3283","Exact heading, taxonomy, Phase 0 mapping, acceptance criterion, and evidence rule corrected."
"REQ-069.11","REQ-122.09","Retained and re-anchored","Part 7","CARD SYSTEM","L3271; L3281","Exact heading, taxonomy, Phase 0 mapping, acceptance criterion, and evidence rule corrected."
"REQ-069.11","REQ-122.10","Retained and re-anchored","Part 7","CARD SYSTEM","L3271; L3273","Exact heading, taxonomy, Phase 0 mapping, acceptance criterion, and evidence rule corrected."
"REQ-069.11","REQ-122.11","Retained and re-anchored","Part 7","CARD SYSTEM","L3271; L3277","Exact heading, taxonomy, Phase 0 mapping, acceptance criterion, and evidence rule corrected."
"REQ-069.11","REQ-122.12","Retained and re-anchored","Part 7","CARD SYSTEM","L3271; L3275","Exact heading, taxonomy, Phase 0 mapping, acceptance criterion, and evidence rule corrected."
"REQ-070.01","REQ-123.01","Retained and re-anchored","Part 7","DASHBOARD UX","L3289–L3291","Exact heading, taxonomy, Phase 0 mapping, acceptance criterion, and evidence rule corrected."
"REQ-070.02","REQ-123.02","Retained and re-anchored","Part 7","DASHBOARD UX","L3311","Exact heading, taxonomy, Phase 0 mapping, acceptance criterion, and evidence rule corrected."
"REQ-070.09","REQ-124.01","Retained and re-anchored","Part 7","SURVEY EXPERIENCE","L3317; L3331","Exact heading, taxonomy, Phase 0 mapping, acceptance criterion, and evidence rule corrected."
"REQ-070.04","REQ-124.02","Retained and re-anchored","Part 7","SURVEY EXPERIENCE","L3317; L3321","Exact heading, taxonomy, Phase 0 mapping, acceptance criterion, and evidence rule corrected."
"REQ-070.05","REQ-124.03","Retained and re-anchored","Part 7","SURVEY EXPERIENCE","L3317; L3323","Exact heading, taxonomy, Phase 0 mapping, acceptance criterion, and evidence rule corrected."
"REQ-070.10","REQ-124.04","Retained and re-anchored","Part 7","SURVEY EXPERIENCE","L3317; L3333","Exact heading, taxonomy, Phase 0 mapping, acceptance criterion, and evidence rule corrected."
"REQ-070.03","REQ-124.05","Retained and re-anchored","Part 7","SURVEY EXPERIENCE","L3317; L3319","Exact heading, taxonomy, Phase 0 mapping, acceptance criterion, and evidence rule corrected."
"REQ-070.08","REQ-124.06","Retained and re-anchored","Part 7","SURVEY EXPERIENCE","L3317; L3329","Exact heading, taxonomy, Phase 0 mapping, acceptance criterion, and evidence rule corrected."
"REQ-070.06","REQ-124.07","Retained and re-anchored","Part 7","SURVEY EXPERIENCE","L3317; L3325","Exact heading, taxonomy, Phase 0 mapping, acceptance criterion, and evidence rule corrected."
"REQ-070.07","REQ-124.08","Retained and re-anchored","Part 7","SURVEY EXPERIENCE","L3317; L3327","Exact heading, taxonomy, Phase 0 mapping, acceptance criterion, and evidence rule corrected."
"REQ-070.11","REQ-124.09","Retained and re-anchored","Part 7","SURVEY EXPERIENCE","L3335","Exact heading, taxonomy, Phase 0 mapping, acceptance criterion, and evidence rule corrected."
"REQ-070.12","REQ-125.01","Retained and re-anchored","Part 7","WALLET EXPERIENCE","L3339–L3341","Exact heading, taxonomy, Phase 0 mapping, acceptance criterion, and evidence rule corrected."
"REQ-070.14","REQ-125.02","Retained and re-anchored","Part 7","WALLET EXPERIENCE","L3343; L3347","Exact heading, taxonomy, Phase 0 mapping, acceptance criterion, and evidence rule corrected."
"REQ-070.21","REQ-125.03","Retained and re-anchored","Part 7","WALLET EXPERIENCE","L3343; L3361","Exact heading, taxonomy, Phase 0 mapping, acceptance criterion, and evidence rule corrected."
"REQ-070.15","REQ-125.04","Retained and re-anchored","Part 7","WALLET EXPERIENCE","L3343; L3349","Exact heading, taxonomy, Phase 0 mapping, acceptance criterion, and evidence rule corrected."
"REQ-070.18","REQ-125.05","Retained and re-anchored","Part 7","WALLET EXPERIENCE","L3343; L3355","Exact heading, taxonomy, Phase 0 mapping, acceptance criterion, and evidence rule corrected."
"REQ-070.16","REQ-125.06","Retained and re-anchored","Part 7","WALLET EXPERIENCE","L3343; L3351","Exact heading, taxonomy, Phase 0 mapping, acceptance criterion, and evidence rule corrected."
"REQ-070.13","REQ-125.07","Retained and re-anchored","Part 7","WALLET EXPERIENCE","L3343; L3345","Exact heading, taxonomy, Phase 0 mapping, acceptance criterion, and evidence rule corrected."
"REQ-070.20","REQ-125.08","Retained and re-anchored","Part 7","WALLET EXPERIENCE","L3343; L3359","Exact heading, taxonomy, Phase 0 mapping, acceptance criterion, and evidence rule corrected."
"REQ-070.17","REQ-125.09","Retained and re-anchored","Part 7","WALLET EXPERIENCE","L3343; L3353","Exact heading, taxonomy, Phase 0 mapping, acceptance criterion, and evidence rule corrected."
"REQ-070.19","REQ-125.10","Retained and re-anchored","Part 7","WALLET EXPERIENCE","L3343; L3357","Exact heading, taxonomy, Phase 0 mapping, acceptance criterion, and evidence rule corrected."
"REQ-070.22","REQ-125.11","Retained and re-anchored","Part 7","WALLET EXPERIENCE","L3363","Exact heading, taxonomy, Phase 0 mapping, acceptance criterion, and evidence rule corrected."
"REQ-070.23","REQ-126.01","Retained and re-anchored","Part 7","LEADERBOARD EXPERIENCE","L3369; L3373","Exact heading, taxonomy, Phase 0 mapping, acceptance criterion, and evidence rule corrected."
"REQ-070.23","REQ-126.02","Retained and re-anchored","Part 7","LEADERBOARD EXPERIENCE","L3369; L3375","Exact heading, taxonomy, Phase 0 mapping, acceptance criterion, and evidence rule corrected."
"REQ-070.23","REQ-126.03","Retained and re-anchored","Part 7","LEADERBOARD EXPERIENCE","L3369; L3371","Exact heading, taxonomy, Phase 0 mapping, acceptance criterion, and evidence rule corrected."
"REQ-070.23","REQ-126.04","Retained and re-anchored","Part 7","LEADERBOARD EXPERIENCE","L3369; L3377","Exact heading, taxonomy, Phase 0 mapping, acceptance criterion, and evidence rule corrected."
"REQ-070.25","REQ-126.05","Retained and re-anchored","Part 7","LEADERBOARD EXPERIENCE","L3381","Exact heading, taxonomy, Phase 0 mapping, acceptance criterion, and evidence rule corrected."
"REQ-070.32","REQ-127.01","Retained and re-anchored","Part 7","PROFILE PAGE","L3387; L3401","Exact heading, taxonomy, Phase 0 mapping, acceptance criterion, and evidence rule corrected."
"REQ-070.29","REQ-127.02","Retained and re-anchored","Part 7","PROFILE PAGE","L3387; L3395","Exact heading, taxonomy, Phase 0 mapping, acceptance criterion, and evidence rule corrected."
"REQ-070.27","REQ-127.03","Retained and re-anchored","Part 7","PROFILE PAGE","L3387; L3391","Exact heading, taxonomy, Phase 0 mapping, acceptance criterion, and evidence rule corrected."
"REQ-070.26","REQ-127.04","Retained and re-anchored","Part 7","PROFILE PAGE","L3387; L3389","Exact heading, taxonomy, Phase 0 mapping, acceptance criterion, and evidence rule corrected."
"REQ-070.31","REQ-127.05","Retained and re-anchored","Part 7","PROFILE PAGE","L3387; L3399","Exact heading, taxonomy, Phase 0 mapping, acceptance criterion, and evidence rule corrected."
"REQ-070.30","REQ-127.06","Retained and re-anchored","Part 7","PROFILE PAGE","L3387; L3397","Exact heading, taxonomy, Phase 0 mapping, acceptance criterion, and evidence rule corrected."
"REQ-070.28","REQ-127.07","Retained and re-anchored","Part 7","PROFILE PAGE","L3387; L3393","Exact heading, taxonomy, Phase 0 mapping, acceptance criterion, and evidence rule corrected."
"REQ-070.33","REQ-127.08","Retained and re-anchored","Part 7","PROFILE PAGE","L3403","Exact heading, taxonomy, Phase 0 mapping, acceptance criterion, and evidence rule corrected."
"REQ-071.01","REQ-128.01","Retained and re-anchored","Part 7","SUPPORT EXPERIENCE","L3407–L3409","Exact heading, taxonomy, Phase 0 mapping, acceptance criterion, and evidence rule corrected."
"REQ-071.02","REQ-128.02","Retained and re-anchored","Part 7","SUPPORT EXPERIENCE","L3411; L3413","Exact heading, taxonomy, Phase 0 mapping, acceptance criterion, and evidence rule corrected."
"REQ-071.05","REQ-128.03","Retained and re-anchored","Part 7","SUPPORT EXPERIENCE","L3411; L3419","Exact heading, taxonomy, Phase 0 mapping, acceptance criterion, and evidence rule corrected."
"REQ-071.06","REQ-128.04","Retained and re-anchored","Part 7","SUPPORT EXPERIENCE","L3411; L3421","Exact heading, taxonomy, Phase 0 mapping, acceptance criterion, and evidence rule corrected."
"REQ-071.08","REQ-128.05","Retained and re-anchored","Part 7","SUPPORT EXPERIENCE","L3411; L3425","Exact heading, taxonomy, Phase 0 mapping, acceptance criterion, and evidence rule corrected."
"REQ-071.03","REQ-128.06","Retained and re-anchored","Part 7","SUPPORT EXPERIENCE","L3411; L3415","Exact heading, taxonomy, Phase 0 mapping, acceptance criterion, and evidence rule corrected."
"REQ-071.07","REQ-128.07","Retained and re-anchored","Part 7","SUPPORT EXPERIENCE","L3411; L3423","Exact heading, taxonomy, Phase 0 mapping, acceptance criterion, and evidence rule corrected."
"REQ-071.04","REQ-128.08","Retained and re-anchored","Part 7","SUPPORT EXPERIENCE","L3411; L3417","Exact heading, taxonomy, Phase 0 mapping, acceptance criterion, and evidence rule corrected."
"REQ-071.09","REQ-129.01","Retained and re-anchored","Part 7","ADMIN DESIGN","L3429–L3431","Exact heading, taxonomy, Phase 0 mapping, acceptance criterion, and evidence rule corrected."
"REQ-071.17","REQ-129.02","Retained and re-anchored","Part 7","ADMIN DESIGN","L3433; L3449","Exact heading, taxonomy, Phase 0 mapping, acceptance criterion, and evidence rule corrected."
"REQ-071.12","REQ-129.03","Retained and re-anchored","Part 7","ADMIN DESIGN","L3433; L3439","Exact heading, taxonomy, Phase 0 mapping, acceptance criterion, and evidence rule corrected."
"REQ-071.15","REQ-129.04","Retained and re-anchored","Part 7","ADMIN DESIGN","L3433; L3445","Exact heading, taxonomy, Phase 0 mapping, acceptance criterion, and evidence rule corrected."
"REQ-071.10","REQ-129.05","Retained and re-anchored","Part 7","ADMIN DESIGN","L3433; L3435","Exact heading, taxonomy, Phase 0 mapping, acceptance criterion, and evidence rule corrected."
"REQ-071.14","REQ-129.06","Retained and re-anchored","Part 7","ADMIN DESIGN","L3433; L3443","Exact heading, taxonomy, Phase 0 mapping, acceptance criterion, and evidence rule corrected."
"REQ-071.11","REQ-129.07","Retained and re-anchored","Part 7","ADMIN DESIGN","L3433; L3437","Exact heading, taxonomy, Phase 0 mapping, acceptance criterion, and evidence rule corrected."
"REQ-071.13","REQ-129.08","Retained and re-anchored","Part 7","ADMIN DESIGN","L3433; L3441","Exact heading, taxonomy, Phase 0 mapping, acceptance criterion, and evidence rule corrected."
"REQ-072.01","REQ-130.01","Retained and re-anchored","Part 7","DESIGN ACCESSIBILITY","L3453–L3455","Exact heading, taxonomy, Phase 0 mapping, acceptance criterion, and evidence rule corrected."
"REQ-072.02","REQ-130.02","Retained and re-anchored","Part 7","DESIGN ACCESSIBILITY","L3457; L3459","Exact heading, taxonomy, Phase 0 mapping, acceptance criterion, and evidence rule corrected."
"REQ-072.04","REQ-130.03","Retained and re-anchored","Part 7","DESIGN ACCESSIBILITY","L3457; L3463","Exact heading, taxonomy, Phase 0 mapping, acceptance criterion, and evidence rule corrected."
"REQ-072.05","REQ-130.04","Retained and re-anchored","Part 7","DESIGN ACCESSIBILITY","L3457; L3465","Exact heading, taxonomy, Phase 0 mapping, acceptance criterion, and evidence rule corrected."
"REQ-072.06","REQ-130.05","Retained and re-anchored","Part 7","DESIGN ACCESSIBILITY","L3457; L3467","Exact heading, taxonomy, Phase 0 mapping, acceptance criterion, and evidence rule corrected."
"REQ-072.03","REQ-130.06","Retained and re-anchored","Part 7","DESIGN ACCESSIBILITY","L3457; L3461","Exact heading, taxonomy, Phase 0 mapping, acceptance criterion, and evidence rule corrected."
"REQ-072.07","REQ-130.07","Retained and re-anchored","Part 7","DESIGN ACCESSIBILITY","L3469","Exact heading, taxonomy, Phase 0 mapping, acceptance criterion, and evidence rule corrected."
"REQ-072.08","REQ-131.01","Retained and re-anchored","Part 7","MICROINTERACTIONS","L3473–L3475","Exact heading, taxonomy, Phase 0 mapping, acceptance criterion, and evidence rule corrected."
"REQ-072.08","REQ-131.02","Retained and re-anchored","Part 7","MICROINTERACTIONS","L3473; L3489","Exact heading, taxonomy, Phase 0 mapping, acceptance criterion, and evidence rule corrected."
"REQ-072.11","REQ-132.01","Retained and re-anchored","Part 7","EMPTY STATES","L3493; L3501","Exact heading, taxonomy, Phase 0 mapping, acceptance criterion, and evidence rule corrected."
"REQ-072.09","REQ-132.02","Retained and re-anchored","Part 7","EMPTY STATES","L3493–L3497","Exact heading, taxonomy, Phase 0 mapping, acceptance criterion, and evidence rule corrected."
"REQ-072.10","REQ-132.03","Retained and re-anchored","Part 7","EMPTY STATES","L3493; L3499","Exact heading, taxonomy, Phase 0 mapping, acceptance criterion, and evidence rule corrected."
"REQ-072.12","REQ-132.04","Retained and re-anchored","Part 7","EMPTY STATES","L3503","Exact heading, taxonomy, Phase 0 mapping, acceptance criterion, and evidence rule corrected."
"REQ-072.13","REQ-133.01","Retained and re-anchored","Part 7","ERROR PAGES","L3509; L3511","Exact heading, taxonomy, Phase 0 mapping, acceptance criterion, and evidence rule corrected."
"REQ-072.13","REQ-133.02","Retained and re-anchored","Part 7","ERROR PAGES","L3509; L3513","Exact heading, taxonomy, Phase 0 mapping, acceptance criterion, and evidence rule corrected."
"REQ-072.13","REQ-133.03","Retained and re-anchored","Part 7","ERROR PAGES","L3509; L3515","Exact heading, taxonomy, Phase 0 mapping, acceptance criterion, and evidence rule corrected."
"REQ-072.13","REQ-133.04","Retained and re-anchored","Part 7","ERROR PAGES","L3509; L3517","Exact heading, taxonomy, Phase 0 mapping, acceptance criterion, and evidence rule corrected."
"REQ-072.13","REQ-133.05","Retained and re-anchored","Part 7","ERROR PAGES","L3509; L3519","Exact heading, taxonomy, Phase 0 mapping, acceptance criterion, and evidence rule corrected."
"REQ-072.13","REQ-133.06","Retained and re-anchored","Part 7","ERROR PAGES","L3509; L3521","Exact heading, taxonomy, Phase 0 mapping, acceptance criterion, and evidence rule corrected."
"REQ-072.13","REQ-133.07","Retained and re-anchored","Part 7","ERROR PAGES","L3509; L3523","Exact heading, taxonomy, Phase 0 mapping, acceptance criterion, and evidence rule corrected."
"REQ-072.14","REQ-133.08","Retained and re-anchored","Part 7","ERROR PAGES","L3527","Exact heading, taxonomy, Phase 0 mapping, acceptance criterion, and evidence rule corrected."
"REQ-073.03","REQ-134.01","Retained and re-anchored","Part 7","FINAL UI DELIVERABLES","L3533; L3539","Exact heading, taxonomy, Phase 0 mapping, acceptance criterion, and evidence rule corrected."
"REQ-073.10","REQ-134.02","Retained and re-anchored","Part 7","FINAL UI DELIVERABLES","L3533; L3553","Exact heading, taxonomy, Phase 0 mapping, acceptance criterion, and evidence rule corrected."
"REQ-073.06","REQ-134.03","Retained and re-anchored","Part 7","FINAL UI DELIVERABLES","L3533; L3545","Exact heading, taxonomy, Phase 0 mapping, acceptance criterion, and evidence rule corrected."
"REQ-073.08","REQ-134.04","Retained and re-anchored","Part 7","FINAL UI DELIVERABLES","L3533; L3549","Exact heading, taxonomy, Phase 0 mapping, acceptance criterion, and evidence rule corrected."
"REQ-073.09","REQ-134.05","Retained and re-anchored","Part 7","FINAL UI DELIVERABLES","L3533; L3551","Exact heading, taxonomy, Phase 0 mapping, acceptance criterion, and evidence rule corrected."
"REQ-073.05","REQ-134.06","Retained and re-anchored","Part 7","FINAL UI DELIVERABLES","L3533; L3543","Exact heading, taxonomy, Phase 0 mapping, acceptance criterion, and evidence rule corrected."
"REQ-073.01","REQ-134.07","Retained and re-anchored","Part 7","FINAL UI DELIVERABLES","L3533; L3535","Exact heading, taxonomy, Phase 0 mapping, acceptance criterion, and evidence rule corrected."
"REQ-073.02","REQ-134.08","Retained and re-anchored","Part 7","FINAL UI DELIVERABLES","L3533; L3537","Exact heading, taxonomy, Phase 0 mapping, acceptance criterion, and evidence rule corrected."
"REQ-073.11","REQ-134.09","Retained and re-anchored","Part 7","FINAL UI DELIVERABLES","L3533; L3555","Exact heading, taxonomy, Phase 0 mapping, acceptance criterion, and evidence rule corrected."
"REQ-073.04","REQ-134.10","Retained and re-anchored","Part 7","FINAL UI DELIVERABLES","L3533; L3541","Exact heading, taxonomy, Phase 0 mapping, acceptance criterion, and evidence rule corrected."
"REQ-073.07","REQ-134.11","Retained and re-anchored","Part 7","FINAL UI DELIVERABLES","L3533; L3547","Exact heading, taxonomy, Phase 0 mapping, acceptance criterion, and evidence rule corrected."
"REQ-073.12","REQ-134.12","Retained and re-anchored","Part 7","FINAL UI DELIVERABLES","L3557","Exact heading, taxonomy, Phase 0 mapping, acceptance criterion, and evidence rule corrected."
"REQ-074.01","REQ-135.01","Retained and re-anchored","Part 8","GROWTH PHILOSOPHY","L3569–L3571","Exact heading, taxonomy, Phase 0 mapping, acceptance criterion, and evidence rule corrected."
"REQ-074.02","REQ-135.02","Retained and re-anchored","Part 8","GROWTH PHILOSOPHY","L3573; L3589","Exact heading, taxonomy, Phase 0 mapping, acceptance criterion, and evidence rule corrected."
"REQ-074.02","REQ-135.03","Retained and re-anchored","Part 8","GROWTH PHILOSOPHY","L3573; L3579","Exact heading, taxonomy, Phase 0 mapping, acceptance criterion, and evidence rule corrected."
"REQ-074.02","REQ-135.04","Retained and re-anchored","Part 8","GROWTH PHILOSOPHY","L3573; L3577","Exact heading, taxonomy, Phase 0 mapping, acceptance criterion, and evidence rule corrected."
"REQ-074.02","REQ-135.05","Retained and re-anchored","Part 8","GROWTH PHILOSOPHY","L3573; L3581","Exact heading, taxonomy, Phase 0 mapping, acceptance criterion, and evidence rule corrected."
"REQ-074.02","REQ-135.06","Retained and re-anchored","Part 8","GROWTH PHILOSOPHY","L3573; L3587","Exact heading, taxonomy, Phase 0 mapping, acceptance criterion, and evidence rule corrected."
"REQ-074.02","REQ-135.07","Retained and re-anchored","Part 8","GROWTH PHILOSOPHY","L3573; L3583","Exact heading, taxonomy, Phase 0 mapping, acceptance criterion, and evidence rule corrected."
"REQ-074.02","REQ-135.08","Retained and re-anchored","Part 8","GROWTH PHILOSOPHY","L3573; L3575","Exact heading, taxonomy, Phase 0 mapping, acceptance criterion, and evidence rule corrected."
"REQ-074.02","REQ-135.09","Retained and re-anchored","Part 8","GROWTH PHILOSOPHY","L3573; L3585","Exact heading, taxonomy, Phase 0 mapping, acceptance criterion, and evidence rule corrected."
"REQ-074.03","REQ-136.01","Retained and re-anchored","Part 8","BRAND POSITIONING","L3595–L3599","Exact heading, taxonomy, Phase 0 mapping, acceptance criterion, and evidence rule corrected."
"REQ-074.04","REQ-136.02","Retained and re-anchored","Part 8","BRAND POSITIONING","L3601; L3609","Exact heading, taxonomy, Phase 0 mapping, acceptance criterion, and evidence rule corrected."
"REQ-074.04","REQ-136.03","Retained and re-anchored","Part 8","BRAND POSITIONING","L3601; L3607","Exact heading, taxonomy, Phase 0 mapping, acceptance criterion, and evidence rule corrected."
"REQ-074.04","REQ-136.04","Retained and re-anchored","Part 8","BRAND POSITIONING","L3601; L3611","Exact heading, taxonomy, Phase 0 mapping, acceptance criterion, and evidence rule corrected."
"REQ-074.04","REQ-136.05","Retained and re-anchored","Part 8","BRAND POSITIONING","L3601; L3603","Exact heading, taxonomy, Phase 0 mapping, acceptance criterion, and evidence rule corrected."
"REQ-074.04","REQ-136.06","Retained and re-anchored","Part 8","BRAND POSITIONING","L3601; L3605","Exact heading, taxonomy, Phase 0 mapping, acceptance criterion, and evidence rule corrected."
"REQ-074.04","REQ-136.07","Retained and re-anchored","Part 8","BRAND POSITIONING","L3601; L3613","Exact heading, taxonomy, Phase 0 mapping, acceptance criterion, and evidence rule corrected."
"REQ-074.05","REQ-136.08","Retained and re-anchored","Part 8","BRAND POSITIONING","L3615","Exact heading, taxonomy, Phase 0 mapping, acceptance criterion, and evidence rule corrected."
"REQ-074.06","REQ-136.09","Retained and re-anchored","Part 8","BRAND POSITIONING","L3623","Exact heading, taxonomy, Phase 0 mapping, acceptance criterion, and evidence rule corrected."
"REQ-074.07","REQ-137.01","Retained and re-anchored","Part 8","TARGET AUDIENCE","L3629; L3637","Exact heading, taxonomy, Phase 0 mapping, acceptance criterion, and evidence rule corrected."
"REQ-074.07","REQ-137.02","Retained and re-anchored","Part 8","TARGET AUDIENCE","L3629; L3655","Exact heading, taxonomy, Phase 0 mapping, acceptance criterion, and evidence rule corrected."
"REQ-074.07","REQ-137.03","Retained and re-anchored","Part 8","TARGET AUDIENCE","L3629; L3635","Exact heading, taxonomy, Phase 0 mapping, acceptance criterion, and evidence rule corrected."
"REQ-074.07","REQ-137.04","Retained and re-anchored","Part 8","TARGET AUDIENCE","L3629; L3641","Exact heading, taxonomy, Phase 0 mapping, acceptance criterion, and evidence rule corrected."
"REQ-074.07","REQ-137.05","Retained and re-anchored","Part 8","TARGET AUDIENCE","L3629; L3639","Exact heading, taxonomy, Phase 0 mapping, acceptance criterion, and evidence rule corrected."
"REQ-074.07","REQ-137.06","Retained and re-anchored","Part 8","TARGET AUDIENCE","L3629; L3653","Exact heading, taxonomy, Phase 0 mapping, acceptance criterion, and evidence rule corrected."
"REQ-074.07","REQ-137.07","Retained and re-anchored","Part 8","TARGET AUDIENCE","L3629; L3651","Exact heading, taxonomy, Phase 0 mapping, acceptance criterion, and evidence rule corrected."
"REQ-074.07","REQ-137.08","Retained and re-anchored","Part 8","TARGET AUDIENCE","L3629; L3647","Exact heading, taxonomy, Phase 0 mapping, acceptance criterion, and evidence rule corrected."
"REQ-074.07","REQ-137.09","Retained and re-anchored","Part 8","TARGET AUDIENCE","L3629; L3649","Exact heading, taxonomy, Phase 0 mapping, acceptance criterion, and evidence rule corrected."
"REQ-074.07","REQ-137.10","Retained and re-anchored","Part 8","TARGET AUDIENCE","L3629; L3633","Exact heading, taxonomy, Phase 0 mapping, acceptance criterion, and evidence rule corrected."
"REQ-074.07","REQ-137.11","Retained and re-anchored","Part 8","TARGET AUDIENCE","L3629; L3631","Exact heading, taxonomy, Phase 0 mapping, acceptance criterion, and evidence rule corrected."
"REQ-074.07","REQ-137.12","Retained and re-anchored","Part 8","TARGET AUDIENCE","L3629; L3643","Exact heading, taxonomy, Phase 0 mapping, acceptance criterion, and evidence rule corrected."
"REQ-074.08","REQ-137.13","Retained and re-anchored","Part 8","TARGET AUDIENCE","L3657; L3659","Exact heading, taxonomy, Phase 0 mapping, acceptance criterion, and evidence rule corrected."
"REQ-074.08","REQ-137.14","Retained and re-anchored","Part 8","TARGET AUDIENCE","L3657; L3661","Exact heading, taxonomy, Phase 0 mapping, acceptance criterion, and evidence rule corrected."
"REQ-074.08","REQ-137.15","Retained and re-anchored","Part 8","TARGET AUDIENCE","L3657; L3665","Exact heading, taxonomy, Phase 0 mapping, acceptance criterion, and evidence rule corrected."
"REQ-074.08","REQ-137.16","Retained and re-anchored","Part 8","TARGET AUDIENCE","L3657; L3663","Exact heading, taxonomy, Phase 0 mapping, acceptance criterion, and evidence rule corrected."
"REQ-074.08","REQ-137.17","Retained and re-anchored","Part 8","TARGET AUDIENCE","L3657; L3667","Exact heading, taxonomy, Phase 0 mapping, acceptance criterion, and evidence rule corrected."
"REQ-075.01","REQ-138.01","Retained and re-anchored","Part 8","LAUNCH STRATEGY","L3671–L3673","Exact heading, taxonomy, Phase 0 mapping, acceptance criterion, and evidence rule corrected."
"REQ-075.11","REQ-138.02","Retained and re-anchored","Part 8","LAUNCH STRATEGY","L3675; L3705–L3707","Exact heading, taxonomy, Phase 0 mapping, acceptance criterion, and evidence rule corrected."
"REQ-075.07","REQ-139.01","Retained and re-anchored","Part 8","PHASE 1 — FOUNDATION","L3675; L3683; L3695","Exact heading, taxonomy, Phase 0 mapping, acceptance criterion, and evidence rule corrected."
"REQ-075.09","REQ-139.02","Retained and re-anchored","Part 8","PHASE 1 — FOUNDATION","L3675; L3683; L3699","Exact heading, taxonomy, Phase 0 mapping, acceptance criterion, and evidence rule corrected."
"REQ-075.10","REQ-139.03","Retained and re-anchored","Part 8","PHASE 1 — FOUNDATION","L3675; L3701","Exact heading, taxonomy, Phase 0 mapping, acceptance criterion, and evidence rule corrected."
"REQ-075.03","REQ-139.04","Retained and re-anchored","Part 8","PHASE 1 — FOUNDATION","L3675; L3683; L3687","Exact heading, taxonomy, Phase 0 mapping, acceptance criterion, and evidence rule corrected."
"REQ-075.08","REQ-139.05","Retained and re-anchored","Part 8","PHASE 1 — FOUNDATION","L3675; L3683; L3697","Exact heading, taxonomy, Phase 0 mapping, acceptance criterion, and evidence rule corrected."
"REQ-075.05","REQ-139.06","Retained and re-anchored","Part 8","PHASE 1 — FOUNDATION","L3675; L3683; L3691","Exact heading, taxonomy, Phase 0 mapping, acceptance criterion, and evidence rule corrected."
"REQ-075.04","REQ-139.07","Retained and re-anchored","Part 8","PHASE 1 — FOUNDATION","L3675; L3683; L3689","Exact heading, taxonomy, Phase 0 mapping, acceptance criterion, and evidence rule corrected."
"REQ-075.06","REQ-139.08","Retained and re-anchored","Part 8","PHASE 1 — FOUNDATION","L3675; L3683; L3693","Exact heading, taxonomy, Phase 0 mapping, acceptance criterion, and evidence rule corrected."
"REQ-075.02","REQ-139.09","Retained and re-anchored","Part 8","PHASE 1 — FOUNDATION","L3675; L3683; L3685","Exact heading, taxonomy, Phase 0 mapping, acceptance criterion, and evidence rule corrected."
"REQ-075.13","REQ-140.01","Retained and re-anchored","Part 8","PHASE 2 — CONTENT ENGINE","L3709; L3713","Exact heading, taxonomy, Phase 0 mapping, acceptance criterion, and evidence rule corrected."
"REQ-075.12","REQ-140.02","Retained and re-anchored","Part 8","PHASE 2 — CONTENT ENGINE","L3709; L3711","Exact heading, taxonomy, Phase 0 mapping, acceptance criterion, and evidence rule corrected."
"REQ-075.17","REQ-140.03","Retained and re-anchored","Part 8","PHASE 2 — CONTENT ENGINE","L3709; L3721","Exact heading, taxonomy, Phase 0 mapping, acceptance criterion, and evidence rule corrected."
"REQ-075.16","REQ-140.04","Retained and re-anchored","Part 8","PHASE 2 — CONTENT ENGINE","L3709; L3719","Exact heading, taxonomy, Phase 0 mapping, acceptance criterion, and evidence rule corrected."
"REQ-075.14","REQ-140.05","Retained and re-anchored","Part 8","PHASE 2 — CONTENT ENGINE","L3709; L3715","Exact heading, taxonomy, Phase 0 mapping, acceptance criterion, and evidence rule corrected."
"REQ-075.15","REQ-140.06","Retained and re-anchored","Part 8","PHASE 2 — CONTENT ENGINE","L3709; L3717","Exact heading, taxonomy, Phase 0 mapping, acceptance criterion, and evidence rule corrected."
"REQ-075.18","REQ-141.01","Retained and re-anchored","Part 8","CONTENT MARKETING STRATEGY","L3725–L3727","Exact heading, taxonomy, Phase 0 mapping, acceptance criterion, and evidence rule corrected."
"REQ-075.19","REQ-141.02","Retained and re-anchored","Part 8","CONTENT MARKETING STRATEGY","L3727; L3729; L3745","Exact heading, taxonomy, Phase 0 mapping, acceptance criterion, and evidence rule corrected."
"REQ-075.19","REQ-141.03","Retained and re-anchored","Part 8","CONTENT MARKETING STRATEGY","L3727; L3729; L3731","Exact heading, taxonomy, Phase 0 mapping, acceptance criterion, and evidence rule corrected."
"REQ-075.19","REQ-141.04","Retained and re-anchored","Part 8","CONTENT MARKETING STRATEGY","L3727; L3729; L3759","Exact heading, taxonomy, Phase 0 mapping, acceptance criterion, and evidence rule corrected."
"REQ-075.19","REQ-141.05","Retained and re-anchored","Part 8","CONTENT MARKETING STRATEGY","L3727; L3729; L3773–L3775","Exact heading, taxonomy, Phase 0 mapping, acceptance criterion, and evidence rule corrected."
"REQ-075.20","REQ-142.01","Retained and re-anchored","Part 8","Search-Based Content","L3787","Exact heading, taxonomy, Phase 0 mapping, acceptance criterion, and evidence rule corrected."
"REQ-076.03","REQ-143.01","Retained and re-anchored","Part 8","YOUTUBE STRATEGY","L3791–L3793; L3815; L3817","Exact heading, taxonomy, Phase 0 mapping, acceptance criterion, and evidence rule corrected."
"REQ-076.03","REQ-143.02","Retained and re-anchored","Part 8","YOUTUBE STRATEGY","L3791–L3793; L3815; L3827","Exact heading, taxonomy, Phase 0 mapping, acceptance criterion, and evidence rule corrected."
"REQ-076.03","REQ-143.03","Retained and re-anchored","Part 8","YOUTUBE STRATEGY","L3791–L3793; L3815; L3837","Exact heading, taxonomy, Phase 0 mapping, acceptance criterion, and evidence rule corrected."
"REQ-076.01","REQ-143.04","Retained and re-anchored","Part 8","YOUTUBE STRATEGY","L3791–L3793","Exact heading, taxonomy, Phase 0 mapping, acceptance criterion, and evidence rule corrected."
"REQ-076.02","REQ-143.05","Retained and re-anchored","Part 8","YOUTUBE STRATEGY","L3795; L3797–L3799; L3811","Exact heading, taxonomy, Phase 0 mapping, acceptance criterion, and evidence rule corrected."
"REQ-076.02","REQ-143.06","Retained and re-anchored","Part 8","YOUTUBE STRATEGY","L3795; L3797–L3799; L3809","Exact heading, taxonomy, Phase 0 mapping, acceptance criterion, and evidence rule corrected."
"REQ-076.02","REQ-143.07","Retained and re-anchored","Part 8","YOUTUBE STRATEGY","L3795; L3797–L3799; L3807","Exact heading, taxonomy, Phase 0 mapping, acceptance criterion, and evidence rule corrected."
"REQ-076.02","REQ-143.08","Retained and re-anchored","Part 8","YOUTUBE STRATEGY","L3795; L3797–L3799; L3805","Exact heading, taxonomy, Phase 0 mapping, acceptance criterion, and evidence rule corrected."
"REQ-076.02","REQ-143.09","Retained and re-anchored","Part 8","YOUTUBE STRATEGY","L3795; L3797–L3799; L3801","Exact heading, taxonomy, Phase 0 mapping, acceptance criterion, and evidence rule corrected."
"REQ-076.02","REQ-143.10","Retained and re-anchored","Part 8","YOUTUBE STRATEGY","L3795; L3797–L3799; L3803","Exact heading, taxonomy, Phase 0 mapping, acceptance criterion, and evidence rule corrected."
"REQ-076.04","REQ-144.01","Retained and re-anchored","Part 8","SHORT-FORM VIDEO STRATEGY","L3849; L3851; L3859","Exact heading, taxonomy, Phase 0 mapping, acceptance criterion, and evidence rule corrected."
"REQ-076.04","REQ-144.02","Retained and re-anchored","Part 8","SHORT-FORM VIDEO STRATEGY","L3849; L3851; L3855","Exact heading, taxonomy, Phase 0 mapping, acceptance criterion, and evidence rule corrected."
"REQ-076.04","REQ-144.03","Retained and re-anchored","Part 8","SHORT-FORM VIDEO STRATEGY","L3849; L3851; L3853","Exact heading, taxonomy, Phase 0 mapping, acceptance criterion, and evidence rule corrected."
"REQ-076.04","REQ-144.04","Retained and re-anchored","Part 8","SHORT-FORM VIDEO STRATEGY","L3849; L3851; L3857","Exact heading, taxonomy, Phase 0 mapping, acceptance criterion, and evidence rule corrected."
"REQ-076.05","REQ-144.05","Retained and re-anchored","Part 8","SHORT-FORM VIDEO STRATEGY","L3861; L3867","Exact heading, taxonomy, Phase 0 mapping, acceptance criterion, and evidence rule corrected."
"REQ-076.05","REQ-144.06","Retained and re-anchored","Part 8","SHORT-FORM VIDEO STRATEGY","L3861; L3863","Exact heading, taxonomy, Phase 0 mapping, acceptance criterion, and evidence rule corrected."
"REQ-076.05","REQ-144.07","Retained and re-anchored","Part 8","SHORT-FORM VIDEO STRATEGY","L3861; L3865","Exact heading, taxonomy, Phase 0 mapping, acceptance criterion, and evidence rule corrected."
"REQ-076.05","REQ-144.08","Retained and re-anchored","Part 8","SHORT-FORM VIDEO STRATEGY","L3861; L3869","Exact heading, taxonomy, Phase 0 mapping, acceptance criterion, and evidence rule corrected."
"REQ-076.06","REQ-144.09","Retained and re-anchored","Part 8","SHORT-FORM VIDEO STRATEGY","L3871","Exact heading, taxonomy, Phase 0 mapping, acceptance criterion, and evidence rule corrected."
"REQ-076.06","REQ-144.10","Retained and re-anchored","Part 8","SHORT-FORM VIDEO STRATEGY","L3871","Exact heading, taxonomy, Phase 0 mapping, acceptance criterion, and evidence rule corrected."
"REQ-076.07","REQ-145.01","Retained and re-anchored","Part 8","SOCIAL MEDIA STRATEGY","L3875; L3891–L3893","Exact heading, taxonomy, Phase 0 mapping, acceptance criterion, and evidence rule corrected."
"REQ-076.07","REQ-145.02","Retained and re-anchored","Part 8","SOCIAL MEDIA STRATEGY","L3875; L3883–L3885","Exact heading, taxonomy, Phase 0 mapping, acceptance criterion, and evidence rule corrected."
"REQ-076.07","REQ-145.03","Retained and re-anchored","Part 8","SOCIAL MEDIA STRATEGY","L3875; L3883–L3885","Exact heading, taxonomy, Phase 0 mapping, acceptance criterion, and evidence rule corrected."
"REQ-076.07","REQ-145.04","Retained and re-anchored","Part 8","SOCIAL MEDIA STRATEGY","L3875; L3887–L3889","Exact heading, taxonomy, Phase 0 mapping, acceptance criterion, and evidence rule corrected."
"REQ-076.07","REQ-145.05","Retained and re-anchored","Part 8","SOCIAL MEDIA STRATEGY","L3875; L3887–L3889","Exact heading, taxonomy, Phase 0 mapping, acceptance criterion, and evidence rule corrected."
"REQ-076.07","REQ-145.06","Retained and re-anchored","Part 8","SOCIAL MEDIA STRATEGY","L3875–L3881","Exact heading, taxonomy, Phase 0 mapping, acceptance criterion, and evidence rule corrected."
"REQ-076.07","REQ-145.07","Retained and re-anchored","Part 8","SOCIAL MEDIA STRATEGY","L3895–L3899","Exact heading, taxonomy, Phase 0 mapping, acceptance criterion, and evidence rule corrected."
"REQ-076.13","REQ-146.01","Retained and re-anchored","Part 8","SOCIAL MEDIA OPERATING SYSTEM","L3903; L3917","Exact heading, taxonomy, Phase 0 mapping, acceptance criterion, and evidence rule corrected."
"REQ-076.11","REQ-146.02","Retained and re-anchored","Part 8","SOCIAL MEDIA OPERATING SYSTEM","L3903; L3913","Exact heading, taxonomy, Phase 0 mapping, acceptance criterion, and evidence rule corrected."
"REQ-076.08","REQ-146.03","Retained and re-anchored","Part 8","SOCIAL MEDIA OPERATING SYSTEM","L3903–L3907","Exact heading, taxonomy, Phase 0 mapping, acceptance criterion, and evidence rule corrected."
"REQ-076.10","REQ-146.04","Retained and re-anchored","Part 8","SOCIAL MEDIA OPERATING SYSTEM","L3903; L3911","Exact heading, taxonomy, Phase 0 mapping, acceptance criterion, and evidence rule corrected."
"REQ-076.12","REQ-146.05","Retained and re-anchored","Part 8","SOCIAL MEDIA OPERATING SYSTEM","L3903; L3915","Exact heading, taxonomy, Phase 0 mapping, acceptance criterion, and evidence rule corrected."
"REQ-076.09","REQ-146.06","Retained and re-anchored","Part 8","SOCIAL MEDIA OPERATING SYSTEM","L3903; L3909","Exact heading, taxonomy, Phase 0 mapping, acceptance criterion, and evidence rule corrected."
"REQ-077.01","REQ-147.01","Retained and re-anchored","Part 8","SEO FOUNDATION","L3921–L3923","Exact heading, taxonomy, Phase 0 mapping, acceptance criterion, and evidence rule corrected."
"REQ-077.04","REQ-147.02","Retained and re-anchored","Part 8","SEO FOUNDATION","L3925; L3935","Exact heading, taxonomy, Phase 0 mapping, acceptance criterion, and evidence rule corrected."
"REQ-077.08","REQ-147.03","Retained and re-anchored","Part 8","SEO FOUNDATION","L3925; L3943","Exact heading, taxonomy, Phase 0 mapping, acceptance criterion, and evidence rule corrected."
"REQ-077.02","REQ-147.04","Retained and re-anchored","Part 8","SEO FOUNDATION","L3925–L3931","Exact heading, taxonomy, Phase 0 mapping, acceptance criterion, and evidence rule corrected."
"REQ-077.03","REQ-147.05","Retained and re-anchored","Part 8","SEO FOUNDATION","L3925; L3933","Exact heading, taxonomy, Phase 0 mapping, acceptance criterion, and evidence rule corrected."
"REQ-077.07","REQ-147.06","Retained and re-anchored","Part 8","SEO FOUNDATION","L3925; L3941","Exact heading, taxonomy, Phase 0 mapping, acceptance criterion, and evidence rule corrected."
"REQ-077.09","REQ-147.07","Retained and re-anchored","Part 8","SEO FOUNDATION","L3925; L3945","Exact heading, taxonomy, Phase 0 mapping, acceptance criterion, and evidence rule corrected."
"REQ-077.05","REQ-147.08","Retained and re-anchored","Part 8","SEO FOUNDATION","L3925; L3937","Exact heading, taxonomy, Phase 0 mapping, acceptance criterion, and evidence rule corrected."
"REQ-077.06","REQ-147.09","Retained and re-anchored","Part 8","SEO FOUNDATION","L3925; L3939","Exact heading, taxonomy, Phase 0 mapping, acceptance criterion, and evidence rule corrected."
"REQ-077.11","REQ-148.01","Retained and re-anchored","Part 8","ON-PAGE SEO","L3951; L3955","Exact heading, taxonomy, Phase 0 mapping, acceptance criterion, and evidence rule corrected."
"REQ-077.10","REQ-148.02","Retained and re-anchored","Part 8","ON-PAGE SEO","L3951; L3953","Exact heading, taxonomy, Phase 0 mapping, acceptance criterion, and evidence rule corrected."
"REQ-077.15","REQ-148.03","Retained and re-anchored","Part 8","ON-PAGE SEO","L3951; L3963","Exact heading, taxonomy, Phase 0 mapping, acceptance criterion, and evidence rule corrected."
"REQ-077.13","REQ-148.04","Retained and re-anchored","Part 8","ON-PAGE SEO","L3951; L3959","Exact heading, taxonomy, Phase 0 mapping, acceptance criterion, and evidence rule corrected."
"REQ-077.12","REQ-148.05","Retained and re-anchored","Part 8","ON-PAGE SEO","L3951; L3957","Exact heading, taxonomy, Phase 0 mapping, acceptance criterion, and evidence rule corrected."
"REQ-077.14","REQ-148.06","Retained and re-anchored","Part 8","ON-PAGE SEO","L3951; L3961","Exact heading, taxonomy, Phase 0 mapping, acceptance criterion, and evidence rule corrected."
"REQ-077.16","REQ-149.01","Retained and re-anchored","Part 8","BLOG SEO ENGINE","L3967–L3969","Exact heading, taxonomy, Phase 0 mapping, acceptance criterion, and evidence rule corrected."
"REQ-077.17","REQ-149.02","Retained and re-anchored","Part 8","BLOG SEO ENGINE","L3971; L3979","Exact heading, taxonomy, Phase 0 mapping, acceptance criterion, and evidence rule corrected."
"REQ-077.17","REQ-149.03","Retained and re-anchored","Part 8","BLOG SEO ENGINE","L3971; L3973","Exact heading, taxonomy, Phase 0 mapping, acceptance criterion, and evidence rule corrected."
"REQ-077.17","REQ-149.04","Retained and re-anchored","Part 8","BLOG SEO ENGINE","L3971; L3975","Exact heading, taxonomy, Phase 0 mapping, acceptance criterion, and evidence rule corrected."
"REQ-077.17","REQ-149.05","Retained and re-anchored","Part 8","BLOG SEO ENGINE","L3971; L3977","Exact heading, taxonomy, Phase 0 mapping, acceptance criterion, and evidence rule corrected."
"REQ-078.01","REQ-150.01","Retained and re-anchored","Part 8","EMAIL MARKETING SYSTEM","L3999–L4001","Exact heading, taxonomy, Phase 0 mapping, acceptance criterion, and evidence rule corrected."
"REQ-078.03","REQ-150.02","Retained and re-anchored","Part 8","EMAIL MARKETING SYSTEM","L4003; L4009","Exact heading, taxonomy, Phase 0 mapping, acceptance criterion, and evidence rule corrected."
"REQ-078.02","REQ-150.03","Retained and re-anchored","Part 8","EMAIL MARKETING SYSTEM","L4003–L4007","Exact heading, taxonomy, Phase 0 mapping, acceptance criterion, and evidence rule corrected."
"REQ-078.04","REQ-150.04","Retained and re-anchored","Part 8","EMAIL MARKETING SYSTEM","L4011–L4013","Exact heading, taxonomy, Phase 0 mapping, acceptance criterion, and evidence rule corrected."
"REQ-078.05","REQ-150.05","Retained and re-anchored","Part 8","EMAIL MARKETING SYSTEM","L4011; L4015","Exact heading, taxonomy, Phase 0 mapping, acceptance criterion, and evidence rule corrected."
"REQ-078.06","REQ-150.06","Retained and re-anchored","Part 8","EMAIL MARKETING SYSTEM","L4011; L4017","Exact heading, taxonomy, Phase 0 mapping, acceptance criterion, and evidence rule corrected."
"REQ-078.08","REQ-150.07","Retained and re-anchored","Part 8","EMAIL MARKETING SYSTEM","L4019; L4023","Exact heading, taxonomy, Phase 0 mapping, acceptance criterion, and evidence rule corrected."
"REQ-078.07","REQ-150.08","Retained and re-anchored","Part 8","EMAIL MARKETING SYSTEM","L4019–L4021","Exact heading, taxonomy, Phase 0 mapping, acceptance criterion, and evidence rule corrected."
"REQ-078.09","REQ-150.09","Retained and re-anchored","Part 8","EMAIL MARKETING SYSTEM","L4025–L4027","Exact heading, taxonomy, Phase 0 mapping, acceptance criterion, and evidence rule corrected."
"REQ-078.10","REQ-150.10","Retained and re-anchored","Part 8","EMAIL MARKETING SYSTEM","L4025; L4029","Exact heading, taxonomy, Phase 0 mapping, acceptance criterion, and evidence rule corrected."
"REQ-078.11","REQ-151.01","Retained and re-anchored","Part 8","REFERRAL SYSTEM (FUTURE READY)","L4033–L4035","Exact heading, taxonomy, Phase 0 mapping, acceptance criterion, and evidence rule corrected."
"REQ-078.13","REQ-151.02","Retained and re-anchored","Part 8","REFERRAL SYSTEM (FUTURE READY)","L4049","Exact heading, taxonomy, Phase 0 mapping, acceptance criterion, and evidence rule corrected."
"REQ-078.15","REQ-152.01","Retained and re-anchored","Part 8","USER RETENTION STRATEGY","L4071","Exact heading, taxonomy, Phase 0 mapping, acceptance criterion, and evidence rule corrected."
"REQ-079.01","REQ-153.01","Retained and re-anchored","Part 8","ANALYTICS & GROWTH METRICS","L4077; L4079","Exact heading, taxonomy, Phase 0 mapping, acceptance criterion, and evidence rule corrected."
"REQ-079.05","REQ-153.02","Retained and re-anchored","Part 8","ANALYTICS & GROWTH METRICS","L4077; L4087","Exact heading, taxonomy, Phase 0 mapping, acceptance criterion, and evidence rule corrected."
"REQ-079.18","REQ-153.03","Retained and re-anchored","Part 8","ANALYTICS & GROWTH METRICS","L4077; L4113","Exact heading, taxonomy, Phase 0 mapping, acceptance criterion, and evidence rule corrected."
"REQ-079.04","REQ-153.04","Retained and re-anchored","Part 8","ANALYTICS & GROWTH METRICS","L4077; L4085","Exact heading, taxonomy, Phase 0 mapping, acceptance criterion, and evidence rule corrected."
"REQ-079.09","REQ-153.05","Retained and re-anchored","Part 8","ANALYTICS & GROWTH METRICS","L4077; L4095","Exact heading, taxonomy, Phase 0 mapping, acceptance criterion, and evidence rule corrected."
"REQ-079.06","REQ-153.06","Retained and re-anchored","Part 8","ANALYTICS & GROWTH METRICS","L4077; L4089","Exact heading, taxonomy, Phase 0 mapping, acceptance criterion, and evidence rule corrected."
"REQ-079.08","REQ-153.07","Retained and re-anchored","Part 8","ANALYTICS & GROWTH METRICS","L4077; L4093","Exact heading, taxonomy, Phase 0 mapping, acceptance criterion, and evidence rule corrected."
"REQ-079.07","REQ-153.08","Retained and re-anchored","Part 8","ANALYTICS & GROWTH METRICS","L4077; L4091","Exact heading, taxonomy, Phase 0 mapping, acceptance criterion, and evidence rule corrected."
"REQ-079.15","REQ-153.09","Retained and re-anchored","Part 8","ANALYTICS & GROWTH METRICS","L4077; L4107","Exact heading, taxonomy, Phase 0 mapping, acceptance criterion, and evidence rule corrected."
"REQ-079.13","REQ-153.10","Retained and re-anchored","Part 8","ANALYTICS & GROWTH METRICS","L4077; L4103","Exact heading, taxonomy, Phase 0 mapping, acceptance criterion, and evidence rule corrected."
"REQ-079.16","REQ-153.11","Retained and re-anchored","Part 8","ANALYTICS & GROWTH METRICS","L4077; L4109","Exact heading, taxonomy, Phase 0 mapping, acceptance criterion, and evidence rule corrected."
"REQ-079.11","REQ-153.12","Retained and re-anchored","Part 8","ANALYTICS & GROWTH METRICS","L4077; L4099","Exact heading, taxonomy, Phase 0 mapping, acceptance criterion, and evidence rule corrected."
"REQ-079.17","REQ-153.13","Retained and re-anchored","Part 8","ANALYTICS & GROWTH METRICS","L4077; L4111","Exact heading, taxonomy, Phase 0 mapping, acceptance criterion, and evidence rule corrected."
"REQ-079.12","REQ-153.14","Retained and re-anchored","Part 8","ANALYTICS & GROWTH METRICS","L4077; L4101","Exact heading, taxonomy, Phase 0 mapping, acceptance criterion, and evidence rule corrected."
"REQ-079.03","REQ-153.15","Retained and re-anchored","Part 8","ANALYTICS & GROWTH METRICS","L4077; L4083","Exact heading, taxonomy, Phase 0 mapping, acceptance criterion, and evidence rule corrected."
"REQ-079.10","REQ-153.16","Retained and re-anchored","Part 8","ANALYTICS & GROWTH METRICS","L4077; L4097","Exact heading, taxonomy, Phase 0 mapping, acceptance criterion, and evidence rule corrected."
"REQ-079.02","REQ-153.17","Retained and re-anchored","Part 8","ANALYTICS & GROWTH METRICS","L4077; L4081","Exact heading, taxonomy, Phase 0 mapping, acceptance criterion, and evidence rule corrected."
"REQ-079.14","REQ-153.18","Retained and re-anchored","Part 8","ANALYTICS & GROWTH METRICS","L4077; L4105","Exact heading, taxonomy, Phase 0 mapping, acceptance criterion, and evidence rule corrected."
"REQ-079.19","REQ-154.01","Retained and re-anchored","Part 8","PAID ADVERTISING STRATEGY","L4117–L4121","Exact heading, taxonomy, Phase 0 mapping, acceptance criterion, and evidence rule corrected."
"REQ-079.20","REQ-154.02","Retained and re-anchored","Part 8","PAID ADVERTISING STRATEGY","L4119–L4123","Exact heading, taxonomy, Phase 0 mapping, acceptance criterion, and evidence rule corrected."
"REQ-079.21","REQ-154.03","Retained and re-anchored","Part 8","PAID ADVERTISING STRATEGY","L4119–L4125","Exact heading, taxonomy, Phase 0 mapping, acceptance criterion, and evidence rule corrected."
"REQ-079.22","REQ-154.04","Retained and re-anchored","Part 8","PAID ADVERTISING STRATEGY","L4135–L4143","Exact heading, taxonomy, Phase 0 mapping, acceptance criterion, and evidence rule corrected."
"REQ-080.01","REQ-155.01","Retained and re-anchored","Part 8","COMMUNITY BUILDING","L4149; L4159","Exact heading, taxonomy, Phase 0 mapping, acceptance criterion, and evidence rule corrected."
"REQ-080.01","REQ-155.02","Retained and re-anchored","Part 8","COMMUNITY BUILDING","L4149; L4151","Exact heading, taxonomy, Phase 0 mapping, acceptance criterion, and evidence rule corrected."
"REQ-080.01","REQ-155.03","Retained and re-anchored","Part 8","COMMUNITY BUILDING","L4149; L4155","Exact heading, taxonomy, Phase 0 mapping, acceptance criterion, and evidence rule corrected."
"REQ-080.01","REQ-155.04","Retained and re-anchored","Part 8","COMMUNITY BUILDING","L4149; L4157","Exact heading, taxonomy, Phase 0 mapping, acceptance criterion, and evidence rule corrected."
"REQ-080.01","REQ-155.05","Retained and re-anchored","Part 8","COMMUNITY BUILDING","L4149; L4153","Exact heading, taxonomy, Phase 0 mapping, acceptance criterion, and evidence rule corrected."
"REQ-080.02","REQ-155.06","Retained and re-anchored","Part 8","COMMUNITY BUILDING","L4161","Exact heading, taxonomy, Phase 0 mapping, acceptance criterion, and evidence rule corrected."
"REQ-080.10","REQ-156.01","Retained and re-anchored","Part 8","MARKETING DELIVERABLES","L4167; L4183","Exact heading, taxonomy, Phase 0 mapping, acceptance criterion, and evidence rule corrected."
"REQ-080.04","REQ-156.02","Retained and re-anchored","Part 8","MARKETING DELIVERABLES","L4167; L4171","Exact heading, taxonomy, Phase 0 mapping, acceptance criterion, and evidence rule corrected."
"REQ-080.03","REQ-156.03","Retained and re-anchored","Part 8","MARKETING DELIVERABLES","L4167; L4169","Exact heading, taxonomy, Phase 0 mapping, acceptance criterion, and evidence rule corrected."
"REQ-080.06","REQ-156.04","Retained and re-anchored","Part 8","MARKETING DELIVERABLES","L4167; L4175","Exact heading, taxonomy, Phase 0 mapping, acceptance criterion, and evidence rule corrected."
"REQ-080.11","REQ-156.05","Retained and re-anchored","Part 8","MARKETING DELIVERABLES","L4167; L4185","Exact heading, taxonomy, Phase 0 mapping, acceptance criterion, and evidence rule corrected."
"REQ-080.08","REQ-156.06","Retained and re-anchored","Part 8","MARKETING DELIVERABLES","L4167; L4179","Exact heading, taxonomy, Phase 0 mapping, acceptance criterion, and evidence rule corrected."
"REQ-080.12","REQ-156.07","Retained and re-anchored","Part 8","MARKETING DELIVERABLES","L4167; L4187","Exact heading, taxonomy, Phase 0 mapping, acceptance criterion, and evidence rule corrected."
"REQ-080.07","REQ-156.08","Retained and re-anchored","Part 8","MARKETING DELIVERABLES","L4167; L4177","Exact heading, taxonomy, Phase 0 mapping, acceptance criterion, and evidence rule corrected."
"REQ-080.09","REQ-156.09","Retained and re-anchored","Part 8","MARKETING DELIVERABLES","L4167; L4181","Exact heading, taxonomy, Phase 0 mapping, acceptance criterion, and evidence rule corrected."
"REQ-080.05","REQ-156.10","Retained and re-anchored","Part 8","MARKETING DELIVERABLES","L4167; L4173","Exact heading, taxonomy, Phase 0 mapping, acceptance criterion, and evidence rule corrected."
"REQ-081.01","REQ-157.01","Retained and re-anchored","Part 9","INFRASTRUCTURE PHILOSOPHY","L4199–L4201","Exact heading, taxonomy, Phase 0 mapping, acceptance criterion, and evidence rule corrected."
"REQ-081.01","REQ-157.02","Retained and re-anchored","Part 9","INFRASTRUCTURE PHILOSOPHY","L4199–L4201","Exact heading, taxonomy, Phase 0 mapping, acceptance criterion, and evidence rule corrected."
"REQ-081.02","REQ-157.03","Retained and re-anchored","Part 9","INFRASTRUCTURE PHILOSOPHY","L4203","Exact heading, taxonomy, Phase 0 mapping, acceptance criterion, and evidence rule corrected."
"REQ-081.02","REQ-157.04","Retained and re-anchored","Part 9","INFRASTRUCTURE PHILOSOPHY","L4203","Exact heading, taxonomy, Phase 0 mapping, acceptance criterion, and evidence rule corrected."
"REQ-081.03","REQ-157.05","Retained and re-anchored","Part 9","INFRASTRUCTURE PHILOSOPHY","L4205","Exact heading, taxonomy, Phase 0 mapping, acceptance criterion, and evidence rule corrected."
"REQ-081.04","REQ-157.06","Retained and re-anchored","Part 9","INFRASTRUCTURE PHILOSOPHY","L4207; L4219","Exact heading, taxonomy, Phase 0 mapping, acceptance criterion, and evidence rule corrected."
"REQ-081.04","REQ-157.07","Retained and re-anchored","Part 9","INFRASTRUCTURE PHILOSOPHY","L4207; L4221","Exact heading, taxonomy, Phase 0 mapping, acceptance criterion, and evidence rule corrected."
"REQ-081.04","REQ-157.08","Retained and re-anchored","Part 9","INFRASTRUCTURE PHILOSOPHY","L4207; L4215","Exact heading, taxonomy, Phase 0 mapping, acceptance criterion, and evidence rule corrected."
"REQ-081.04","REQ-157.09","Retained and re-anchored","Part 9","INFRASTRUCTURE PHILOSOPHY","L4207; L4213","Exact heading, taxonomy, Phase 0 mapping, acceptance criterion, and evidence rule corrected."
"REQ-081.04","REQ-157.10","Retained and re-anchored","Part 9","INFRASTRUCTURE PHILOSOPHY","L4207; L4209","Exact heading, taxonomy, Phase 0 mapping, acceptance criterion, and evidence rule corrected."
"REQ-081.04","REQ-157.11","Retained and re-anchored","Part 9","INFRASTRUCTURE PHILOSOPHY","L4207; L4217","Exact heading, taxonomy, Phase 0 mapping, acceptance criterion, and evidence rule corrected."
"REQ-081.04","REQ-157.12","Retained and re-anchored","Part 9","INFRASTRUCTURE PHILOSOPHY","L4207; L4211","Exact heading, taxonomy, Phase 0 mapping, acceptance criterion, and evidence rule corrected."
"REQ-081.05","REQ-158.01","Retained and re-anchored","Part 9","INFRASTRUCTURE STRATEGY","L4225–L4229","Exact heading, taxonomy, Phase 0 mapping, acceptance criterion, and evidence rule corrected."
"REQ-081.06","REQ-158.02","Retained and re-anchored","Part 9","INFRASTRUCTURE STRATEGY","L4231; L4243","Exact heading, taxonomy, Phase 0 mapping, acceptance criterion, and evidence rule corrected."
"REQ-081.06","REQ-158.03","Retained and re-anchored","Part 9","INFRASTRUCTURE STRATEGY","L4231; L4245","Exact heading, taxonomy, Phase 0 mapping, acceptance criterion, and evidence rule corrected."
"REQ-081.06","REQ-158.04","Retained and re-anchored","Part 9","INFRASTRUCTURE STRATEGY","L4231; L4233","Exact heading, taxonomy, Phase 0 mapping, acceptance criterion, and evidence rule corrected."
"REQ-081.06","REQ-158.05","Retained and re-anchored","Part 9","INFRASTRUCTURE STRATEGY","L4231; L4247","Exact heading, taxonomy, Phase 0 mapping, acceptance criterion, and evidence rule corrected."
"REQ-081.06","REQ-158.06","Retained and re-anchored","Part 9","INFRASTRUCTURE STRATEGY","L4231; L4249","Exact heading, taxonomy, Phase 0 mapping, acceptance criterion, and evidence rule corrected."
"REQ-081.06","REQ-158.07","Retained and re-anchored","Part 9","INFRASTRUCTURE STRATEGY","L4231; L4239","Exact heading, taxonomy, Phase 0 mapping, acceptance criterion, and evidence rule corrected."
"REQ-081.06","REQ-158.08","Retained and re-anchored","Part 9","INFRASTRUCTURE STRATEGY","L4231; L4235","Exact heading, taxonomy, Phase 0 mapping, acceptance criterion, and evidence rule corrected."
"REQ-081.06","REQ-158.09","Retained and re-anchored","Part 9","INFRASTRUCTURE STRATEGY","L4231; L4237","Exact heading, taxonomy, Phase 0 mapping, acceptance criterion, and evidence rule corrected."
"REQ-081.06","REQ-158.10","Retained and re-anchored","Part 9","INFRASTRUCTURE STRATEGY","L4231; L4241","Exact heading, taxonomy, Phase 0 mapping, acceptance criterion, and evidence rule corrected."
"REQ-081.07","REQ-159.01","Retained and re-anchored","Part 9","FREE-FIRST APPROACH","L4253–L4255","Exact heading, taxonomy, Phase 0 mapping, acceptance criterion, and evidence rule corrected."
"REQ-081.08","REQ-159.02","Retained and re-anchored","Part 9","FREE-FIRST APPROACH","L4257","Exact heading, taxonomy, Phase 0 mapping, acceptance criterion, and evidence rule corrected."
"REQ-081.09","REQ-159.03","Retained and re-anchored","Part 9","FREE-FIRST APPROACH","L4279","Exact heading, taxonomy, Phase 0 mapping, acceptance criterion, and evidence rule corrected."
"REQ-081.10","REQ-159.04","Retained and re-anchored","Part 9","FREE-FIRST APPROACH","L4281","Exact heading, taxonomy, Phase 0 mapping, acceptance criterion, and evidence rule corrected."
"REQ-082.01","REQ-160.01","Retained and re-anchored","Part 9","CLOUD ARCHITECTURE REQUIREMENTS","L4287; L4291","Exact heading, taxonomy, Phase 0 mapping, acceptance criterion, and evidence rule corrected."
"REQ-082.01","REQ-160.02","Retained and re-anchored","Part 9","CLOUD ARCHITECTURE REQUIREMENTS","L4287; L4299","Exact heading, taxonomy, Phase 0 mapping, acceptance criterion, and evidence rule corrected."
"REQ-082.01","REQ-160.03","Retained and re-anchored","Part 9","CLOUD ARCHITECTURE REQUIREMENTS","L4287; L4293","Exact heading, taxonomy, Phase 0 mapping, acceptance criterion, and evidence rule corrected."
"REQ-082.01","REQ-160.04","Retained and re-anchored","Part 9","CLOUD ARCHITECTURE REQUIREMENTS","L4287; L4297","Exact heading, taxonomy, Phase 0 mapping, acceptance criterion, and evidence rule corrected."
"REQ-082.01","REQ-160.05","Retained and re-anchored","Part 9","CLOUD ARCHITECTURE REQUIREMENTS","L4287; L4289","Exact heading, taxonomy, Phase 0 mapping, acceptance criterion, and evidence rule corrected."
"REQ-082.01","REQ-160.06","Retained and re-anchored","Part 9","CLOUD ARCHITECTURE REQUIREMENTS","L4287; L4301","Exact heading, taxonomy, Phase 0 mapping, acceptance criterion, and evidence rule corrected."
"REQ-082.01","REQ-160.07","Retained and re-anchored","Part 9","CLOUD ARCHITECTURE REQUIREMENTS","L4287; L4295","Exact heading, taxonomy, Phase 0 mapping, acceptance criterion, and evidence rule corrected."
"REQ-082.01","REQ-160.08","Retained and re-anchored","Part 9","CLOUD ARCHITECTURE REQUIREMENTS","L4287; L4303","Exact heading, taxonomy, Phase 0 mapping, acceptance criterion, and evidence rule corrected."
"REQ-082.02","REQ-160.09","Retained and re-anchored","Part 9","CLOUD ARCHITECTURE REQUIREMENTS","L4305","Exact heading, taxonomy, Phase 0 mapping, acceptance criterion, and evidence rule corrected."
"REQ-082.03","REQ-161.01","Retained and re-anchored","Part 9","BACKEND INFRASTRUCTURE","L4311; L4317","Exact heading, taxonomy, Phase 0 mapping, acceptance criterion, and evidence rule corrected."
"REQ-082.03","REQ-161.02","Retained and re-anchored","Part 9","BACKEND INFRASTRUCTURE","L4311; L4319","Exact heading, taxonomy, Phase 0 mapping, acceptance criterion, and evidence rule corrected."
"REQ-082.03","REQ-161.03","Retained and re-anchored","Part 9","BACKEND INFRASTRUCTURE","L4311; L4321","Exact heading, taxonomy, Phase 0 mapping, acceptance criterion, and evidence rule corrected."
"REQ-082.03","REQ-161.04","Retained and re-anchored","Part 9","BACKEND INFRASTRUCTURE","L4311; L4313","Exact heading, taxonomy, Phase 0 mapping, acceptance criterion, and evidence rule corrected."
"REQ-082.03","REQ-161.05","Retained and re-anchored","Part 9","BACKEND INFRASTRUCTURE","L4311; L4315","Exact heading, taxonomy, Phase 0 mapping, acceptance criterion, and evidence rule corrected."
"REQ-082.07","REQ-161.06","Retained and re-anchored","Part 9","BACKEND INFRASTRUCTURE","L4333; L4339","Exact heading, taxonomy, Phase 0 mapping, acceptance criterion, and evidence rule corrected."
"REQ-082.06","REQ-161.07","Retained and re-anchored","Part 9","BACKEND INFRASTRUCTURE","L4333; L4337","Exact heading, taxonomy, Phase 0 mapping, acceptance criterion, and evidence rule corrected."
"REQ-082.05","REQ-161.08","Retained and re-anchored","Part 9","BACKEND INFRASTRUCTURE","L4333–L4335","Exact heading, taxonomy, Phase 0 mapping, acceptance criterion, and evidence rule corrected."
"REQ-083.01","REQ-162.01","Retained and re-anchored","Part 9","DATABASE INFRASTRUCTURE","L4345; L4351","Exact heading, taxonomy, Phase 0 mapping, acceptance criterion, and evidence rule corrected."
"REQ-083.01","REQ-162.02","Retained and re-anchored","Part 9","DATABASE INFRASTRUCTURE","L4345; L4349","Exact heading, taxonomy, Phase 0 mapping, acceptance criterion, and evidence rule corrected."
"REQ-083.01","REQ-162.03","Retained and re-anchored","Part 9","DATABASE INFRASTRUCTURE","L4345; L4347","Exact heading, taxonomy, Phase 0 mapping, acceptance criterion, and evidence rule corrected."
"REQ-083.01","REQ-162.04","Retained and re-anchored","Part 9","DATABASE INFRASTRUCTURE","L4345; L4355","Exact heading, taxonomy, Phase 0 mapping, acceptance criterion, and evidence rule corrected."
"REQ-083.01","REQ-162.05","Retained and re-anchored","Part 9","DATABASE INFRASTRUCTURE","L4345; L4353","Exact heading, taxonomy, Phase 0 mapping, acceptance criterion, and evidence rule corrected."
"REQ-083.02","REQ-162.06","Retained and re-anchored","Part 9","DATABASE INFRASTRUCTURE","L4357; L4361","Exact heading, taxonomy, Phase 0 mapping, acceptance criterion, and evidence rule corrected."
"REQ-083.02","REQ-162.07","Retained and re-anchored","Part 9","DATABASE INFRASTRUCTURE","L4357; L4359","Exact heading, taxonomy, Phase 0 mapping, acceptance criterion, and evidence rule corrected."
"REQ-083.02","REQ-162.08","Retained and re-anchored","Part 9","DATABASE INFRASTRUCTURE","L4357; L4369","Exact heading, taxonomy, Phase 0 mapping, acceptance criterion, and evidence rule corrected."
"REQ-083.02","REQ-162.09","Retained and re-anchored","Part 9","DATABASE INFRASTRUCTURE","L4357; L4363","Exact heading, taxonomy, Phase 0 mapping, acceptance criterion, and evidence rule corrected."
"REQ-083.02","REQ-162.10","Retained and re-anchored","Part 9","DATABASE INFRASTRUCTURE","L4357; L4365","Exact heading, taxonomy, Phase 0 mapping, acceptance criterion, and evidence rule corrected."
"REQ-083.02","REQ-162.11","Retained and re-anchored","Part 9","DATABASE INFRASTRUCTURE","L4357; L4367","Exact heading, taxonomy, Phase 0 mapping, acceptance criterion, and evidence rule corrected."
"REQ-083.03","REQ-162.12","Retained and re-anchored","Part 9","DATABASE INFRASTRUCTURE","L4371","Exact heading, taxonomy, Phase 0 mapping, acceptance criterion, and evidence rule corrected."
"REQ-083.04","REQ-163.01","Retained and re-anchored","Part 9","STORAGE ARCHITECTURE","L4375–L4379","Exact heading, taxonomy, Phase 0 mapping, acceptance criterion, and evidence rule corrected."
"REQ-083.08","REQ-163.02","Retained and re-anchored","Part 9","STORAGE ARCHITECTURE","L4377; L4387","Exact heading, taxonomy, Phase 0 mapping, acceptance criterion, and evidence rule corrected."
"REQ-083.05","REQ-163.03","Retained and re-anchored","Part 9","STORAGE ARCHITECTURE","L4377; L4381","Exact heading, taxonomy, Phase 0 mapping, acceptance criterion, and evidence rule corrected."
"REQ-083.06","REQ-163.04","Retained and re-anchored","Part 9","STORAGE ARCHITECTURE","L4377; L4383","Exact heading, taxonomy, Phase 0 mapping, acceptance criterion, and evidence rule corrected."
"REQ-083.07","REQ-163.05","Retained and re-anchored","Part 9","STORAGE ARCHITECTURE","L4377; L4385","Exact heading, taxonomy, Phase 0 mapping, acceptance criterion, and evidence rule corrected."
"REQ-083.09","REQ-163.06","Retained and re-anchored","Part 9","STORAGE ARCHITECTURE","L4389; L4393","Exact heading, taxonomy, Phase 0 mapping, acceptance criterion, and evidence rule corrected."
"REQ-083.09","REQ-163.07","Retained and re-anchored","Part 9","STORAGE ARCHITECTURE","L4389; L4395","Exact heading, taxonomy, Phase 0 mapping, acceptance criterion, and evidence rule corrected."
"REQ-083.09","REQ-163.08","Retained and re-anchored","Part 9","STORAGE ARCHITECTURE","L4389–L4391","Exact heading, taxonomy, Phase 0 mapping, acceptance criterion, and evidence rule corrected."
"REQ-084.01","REQ-164.01","Retained and re-anchored","Part 9","EMAIL INFRASTRUCTURE","L4399–L4401","Exact heading, taxonomy, Phase 0 mapping, acceptance criterion, and evidence rule corrected."
"REQ-084.02","REQ-164.02","Retained and re-anchored","Part 9","EMAIL INFRASTRUCTURE","L4403; L4409","Exact heading, taxonomy, Phase 0 mapping, acceptance criterion, and evidence rule corrected."
"REQ-084.02","REQ-164.03","Retained and re-anchored","Part 9","EMAIL INFRASTRUCTURE","L4403; L4407","Exact heading, taxonomy, Phase 0 mapping, acceptance criterion, and evidence rule corrected."
"REQ-084.02","REQ-164.04","Retained and re-anchored","Part 9","EMAIL INFRASTRUCTURE","L4403; L4405","Exact heading, taxonomy, Phase 0 mapping, acceptance criterion, and evidence rule corrected."
"REQ-084.02","REQ-164.05","Retained and re-anchored","Part 9","EMAIL INFRASTRUCTURE","L4403; L4411","Exact heading, taxonomy, Phase 0 mapping, acceptance criterion, and evidence rule corrected."
"REQ-084.02","REQ-164.06","Retained and re-anchored","Part 9","EMAIL INFRASTRUCTURE","L4403; L4413","Exact heading, taxonomy, Phase 0 mapping, acceptance criterion, and evidence rule corrected."
"REQ-084.08","REQ-164.07","Retained and re-anchored","Part 9","EMAIL INFRASTRUCTURE","L4415; L4427","Exact heading, taxonomy, Phase 0 mapping, acceptance criterion, and evidence rule corrected."
"REQ-084.03","REQ-164.08","Retained and re-anchored","Part 9","EMAIL INFRASTRUCTURE","L4415–L4417","Exact heading, taxonomy, Phase 0 mapping, acceptance criterion, and evidence rule corrected."
"REQ-084.04","REQ-164.09","Retained and re-anchored","Part 9","EMAIL INFRASTRUCTURE","L4415; L4419","Exact heading, taxonomy, Phase 0 mapping, acceptance criterion, and evidence rule corrected."
"REQ-084.05","REQ-164.10","Retained and re-anchored","Part 9","EMAIL INFRASTRUCTURE","L4415; L4421","Exact heading, taxonomy, Phase 0 mapping, acceptance criterion, and evidence rule corrected."
"REQ-084.07","REQ-164.11","Retained and re-anchored","Part 9","EMAIL INFRASTRUCTURE","L4415; L4425","Exact heading, taxonomy, Phase 0 mapping, acceptance criterion, and evidence rule corrected."
"REQ-084.06","REQ-164.12","Retained and re-anchored","Part 9","EMAIL INFRASTRUCTURE","L4415; L4423","Exact heading, taxonomy, Phase 0 mapping, acceptance criterion, and evidence rule corrected."
"REQ-084.09","REQ-165.01","Retained and re-anchored","Part 9","OTP INFRASTRUCTURE","L4431–L4435","Exact heading, taxonomy, Phase 0 mapping, acceptance criterion, and evidence rule corrected."
"REQ-084.13","REQ-165.02","Retained and re-anchored","Part 9","OTP INFRASTRUCTURE","L4433; L4443","Exact heading, taxonomy, Phase 0 mapping, acceptance criterion, and evidence rule corrected."
"REQ-084.10","REQ-165.03","Retained and re-anchored","Part 9","OTP INFRASTRUCTURE","L4433; L4437","Exact heading, taxonomy, Phase 0 mapping, acceptance criterion, and evidence rule corrected."
"REQ-084.12","REQ-165.04","Retained and re-anchored","Part 9","OTP INFRASTRUCTURE","L4433; L4441","Exact heading, taxonomy, Phase 0 mapping, acceptance criterion, and evidence rule corrected."
"REQ-084.11","REQ-165.05","Retained and re-anchored","Part 9","OTP INFRASTRUCTURE","L4433; L4439","Exact heading, taxonomy, Phase 0 mapping, acceptance criterion, and evidence rule corrected."
"REQ-084.14","REQ-165.06","Retained and re-anchored","Part 9","OTP INFRASTRUCTURE","L4445; L4453; L4455","Exact heading, taxonomy, Phase 0 mapping, acceptance criterion, and evidence rule corrected."
"REQ-084.14","REQ-165.07","Retained and re-anchored","Part 9","OTP INFRASTRUCTURE","L4445; L4453; L4457","Exact heading, taxonomy, Phase 0 mapping, acceptance criterion, and evidence rule corrected."
"REQ-084.14","REQ-165.08","Retained and re-anchored","Part 9","OTP INFRASTRUCTURE","L4445; L4453; L4459","Exact heading, taxonomy, Phase 0 mapping, acceptance criterion, and evidence rule corrected."
"REQ-084.14","REQ-165.09","Retained and re-anchored","Part 9","OTP INFRASTRUCTURE","L4445; L4447","Exact heading, taxonomy, Phase 0 mapping, acceptance criterion, and evidence rule corrected."
"REQ-084.14","REQ-165.10","Retained and re-anchored","Part 9","OTP INFRASTRUCTURE","L4445; L4449","Exact heading, taxonomy, Phase 0 mapping, acceptance criterion, and evidence rule corrected."
"REQ-084.14","REQ-165.11","Retained and re-anchored","Part 9","OTP INFRASTRUCTURE","L4445; L4451","Exact heading, taxonomy, Phase 0 mapping, acceptance criterion, and evidence rule corrected."
"REQ-085.01","REQ-166.01","Retained and re-anchored","Part 9","BACKGROUND JOB ARCHITECTURE","L4481","Exact heading, taxonomy, Phase 0 mapping, acceptance criterion, and evidence rule corrected."
"REQ-085.03","REQ-166.02","Retained and re-anchored","Part 9","BACKGROUND JOB ARCHITECTURE","L4483; L4487","Exact heading, taxonomy, Phase 0 mapping, acceptance criterion, and evidence rule corrected."
"REQ-085.04","REQ-166.03","Retained and re-anchored","Part 9","BACKGROUND JOB ARCHITECTURE","L4483; L4489","Exact heading, taxonomy, Phase 0 mapping, acceptance criterion, and evidence rule corrected."
"REQ-085.05","REQ-166.04","Retained and re-anchored","Part 9","BACKGROUND JOB ARCHITECTURE","L4483; L4491","Exact heading, taxonomy, Phase 0 mapping, acceptance criterion, and evidence rule corrected."
"REQ-085.02","REQ-166.05","Retained and re-anchored","Part 9","BACKGROUND JOB ARCHITECTURE","L4483–L4485","Exact heading, taxonomy, Phase 0 mapping, acceptance criterion, and evidence rule corrected."
"REQ-085.06","REQ-167.01","Retained and re-anchored","Part 9","ENVIRONMENT MANAGEMENT","L4497–L4501","Exact heading, taxonomy, Phase 0 mapping, acceptance criterion, and evidence rule corrected."
"REQ-085.06","REQ-167.02","Retained and re-anchored","Part 9","ENVIRONMENT MANAGEMENT","L4497; L4507–L4509","Exact heading, taxonomy, Phase 0 mapping, acceptance criterion, and evidence rule corrected."
"REQ-085.06","REQ-167.03","Retained and re-anchored","Part 9","ENVIRONMENT MANAGEMENT","L4497; L4503–L4505","Exact heading, taxonomy, Phase 0 mapping, acceptance criterion, and evidence rule corrected."
"REQ-085.09","REQ-167.04","Retained and re-anchored","Part 9","ENVIRONMENT MANAGEMENT","L4511; L4517","Exact heading, taxonomy, Phase 0 mapping, acceptance criterion, and evidence rule corrected."
"REQ-085.07","REQ-167.05","Retained and re-anchored","Part 9","ENVIRONMENT MANAGEMENT","L4511–L4513","Exact heading, taxonomy, Phase 0 mapping, acceptance criterion, and evidence rule corrected."
"REQ-085.08","REQ-167.06","Retained and re-anchored","Part 9","ENVIRONMENT MANAGEMENT","L4511; L4515","Exact heading, taxonomy, Phase 0 mapping, acceptance criterion, and evidence rule corrected."
"REQ-086.01","REQ-168.01","Retained and re-anchored","Part 9","VERSION CONTROL","L4521–L4527","Exact heading, taxonomy, Phase 0 mapping, acceptance criterion, and evidence rule corrected."
"REQ-086.04","REQ-168.02","Retained and re-anchored","Part 9","VERSION CONTROL","L4525; L4533","Exact heading, taxonomy, Phase 0 mapping, acceptance criterion, and evidence rule corrected."
"REQ-086.02","REQ-168.03","Retained and re-anchored","Part 9","VERSION CONTROL","L4525; L4529","Exact heading, taxonomy, Phase 0 mapping, acceptance criterion, and evidence rule corrected."
"REQ-086.05","REQ-168.04","Retained and re-anchored","Part 9","VERSION CONTROL","L4525; L4535","Exact heading, taxonomy, Phase 0 mapping, acceptance criterion, and evidence rule corrected."
"REQ-086.03","REQ-168.05","Retained and re-anchored","Part 9","VERSION CONTROL","L4525; L4531","Exact heading, taxonomy, Phase 0 mapping, acceptance criterion, and evidence rule corrected."
"REQ-086.06","REQ-169.01","Retained and re-anchored","Part 9","CI/CD PIPELINE","L4539–L4541","Exact heading, taxonomy, Phase 0 mapping, acceptance criterion, and evidence rule corrected."
"REQ-086.10","REQ-169.02","Retained and re-anchored","Part 9","CI/CD PIPELINE","L4543; L4551","Exact heading, taxonomy, Phase 0 mapping, acceptance criterion, and evidence rule corrected."
"REQ-086.08","REQ-169.03","Retained and re-anchored","Part 9","CI/CD PIPELINE","L4543; L4547","Exact heading, taxonomy, Phase 0 mapping, acceptance criterion, and evidence rule corrected."
"REQ-086.09","REQ-169.04","Retained and re-anchored","Part 9","CI/CD PIPELINE","L4543; L4549","Exact heading, taxonomy, Phase 0 mapping, acceptance criterion, and evidence rule corrected."
"REQ-086.11","REQ-169.05","Retained and re-anchored","Part 9","CI/CD PIPELINE","L4543; L4553","Exact heading, taxonomy, Phase 0 mapping, acceptance criterion, and evidence rule corrected."
"REQ-086.07","REQ-169.06","Retained and re-anchored","Part 9","CI/CD PIPELINE","L4543–L4545","Exact heading, taxonomy, Phase 0 mapping, acceptance criterion, and evidence rule corrected."
"REQ-087.02","REQ-170.01","Retained and re-anchored","Part 9","SECURITY OPERATIONS","L4559; L4563","Exact heading, taxonomy, Phase 0 mapping, acceptance criterion, and evidence rule corrected."
"REQ-087.05","REQ-170.02","Retained and re-anchored","Part 9","SECURITY OPERATIONS","L4559; L4569","Exact heading, taxonomy, Phase 0 mapping, acceptance criterion, and evidence rule corrected."
"REQ-087.03","REQ-170.03","Retained and re-anchored","Part 9","SECURITY OPERATIONS","L4559; L4565","Exact heading, taxonomy, Phase 0 mapping, acceptance criterion, and evidence rule corrected."
"REQ-087.06","REQ-170.04","Retained and re-anchored","Part 9","SECURITY OPERATIONS","L4559; L4571","Exact heading, taxonomy, Phase 0 mapping, acceptance criterion, and evidence rule corrected."
"REQ-087.01","REQ-170.05","Retained and re-anchored","Part 9","SECURITY OPERATIONS","L4559; L4561","Exact heading, taxonomy, Phase 0 mapping, acceptance criterion, and evidence rule corrected."
"REQ-087.04","REQ-170.06","Retained and re-anchored","Part 9","SECURITY OPERATIONS","L4559; L4567","Exact heading, taxonomy, Phase 0 mapping, acceptance criterion, and evidence rule corrected."
"REQ-087.11","REQ-171.01","Retained and re-anchored","Part 9","MONITORING & OBSERVABILITY","L4577; L4589","Exact heading, taxonomy, Phase 0 mapping, acceptance criterion, and evidence rule corrected."
"REQ-087.08","REQ-171.02","Retained and re-anchored","Part 9","MONITORING & OBSERVABILITY","L4577; L4581","Exact heading, taxonomy, Phase 0 mapping, acceptance criterion, and evidence rule corrected."
"REQ-087.07","REQ-171.03","Retained and re-anchored","Part 9","MONITORING & OBSERVABILITY","L4577; L4579","Exact heading, taxonomy, Phase 0 mapping, acceptance criterion, and evidence rule corrected."
"REQ-087.14","REQ-171.04","Retained and re-anchored","Part 9","MONITORING & OBSERVABILITY","L4577; L4595","Exact heading, taxonomy, Phase 0 mapping, acceptance criterion, and evidence rule corrected."
"REQ-087.10","REQ-171.05","Retained and re-anchored","Part 9","MONITORING & OBSERVABILITY","L4577; L4585","Exact heading, taxonomy, Phase 0 mapping, acceptance criterion, and evidence rule corrected."
"REQ-087.12","REQ-171.06","Retained and re-anchored","Part 9","MONITORING & OBSERVABILITY","L4577; L4591","Exact heading, taxonomy, Phase 0 mapping, acceptance criterion, and evidence rule corrected."
"REQ-087.09","REQ-171.07","Retained and re-anchored","Part 9","MONITORING & OBSERVABILITY","L4577; L4583","Exact heading, taxonomy, Phase 0 mapping, acceptance criterion, and evidence rule corrected."
"REQ-087.18","REQ-171.08","Retained and re-anchored","Part 9","MONITORING & OBSERVABILITY","L4577; L4605","Exact heading, taxonomy, Phase 0 mapping, acceptance criterion, and evidence rule corrected."
"REQ-087.15","REQ-171.09","Retained and re-anchored","Part 9","MONITORING & OBSERVABILITY","L4577; L4599","Exact heading, taxonomy, Phase 0 mapping, acceptance criterion, and evidence rule corrected."
"REQ-087.13","REQ-171.10","Retained and re-anchored","Part 9","MONITORING & OBSERVABILITY","L4577; L4593","Exact heading, taxonomy, Phase 0 mapping, acceptance criterion, and evidence rule corrected."
"REQ-087.16","REQ-171.11","Retained and re-anchored","Part 9","MONITORING & OBSERVABILITY","L4577; L4601","Exact heading, taxonomy, Phase 0 mapping, acceptance criterion, and evidence rule corrected."
"REQ-087.17","REQ-171.12","Retained and re-anchored","Part 9","MONITORING & OBSERVABILITY","L4577; L4603","Exact heading, taxonomy, Phase 0 mapping, acceptance criterion, and evidence rule corrected."
"REQ-087.19","REQ-172.01","Retained and re-anchored","Part 9","LOGGING STRATEGY","L4609–L4611","Exact heading, taxonomy, Phase 0 mapping, acceptance criterion, and evidence rule corrected."
"REQ-087.20","REQ-172.02","Retained and re-anchored","Part 9","LOGGING STRATEGY","L4613; L4615","Exact heading, taxonomy, Phase 0 mapping, acceptance criterion, and evidence rule corrected."
"REQ-087.20","REQ-172.03","Retained and re-anchored","Part 9","LOGGING STRATEGY","L4613; L4621","Exact heading, taxonomy, Phase 0 mapping, acceptance criterion, and evidence rule corrected."
"REQ-087.20","REQ-172.04","Retained and re-anchored","Part 9","LOGGING STRATEGY","L4613; L4617","Exact heading, taxonomy, Phase 0 mapping, acceptance criterion, and evidence rule corrected."
"REQ-087.20","REQ-172.05","Retained and re-anchored","Part 9","LOGGING STRATEGY","L4613; L4619","Exact heading, taxonomy, Phase 0 mapping, acceptance criterion, and evidence rule corrected."
"REQ-087.21","REQ-172.06","Retained and re-anchored","Part 9","LOGGING STRATEGY","L4623","Exact heading, taxonomy, Phase 0 mapping, acceptance criterion, and evidence rule corrected."
"REQ-088.01","REQ-173.01","Retained and re-anchored","Part 9","BACKUP STRATEGY","L4627–L4629","Exact heading, taxonomy, Phase 0 mapping, acceptance criterion, and evidence rule corrected."
"REQ-088.04","REQ-173.02","Retained and re-anchored","Part 9","BACKUP STRATEGY","L4631; L4637","Exact heading, taxonomy, Phase 0 mapping, acceptance criterion, and evidence rule corrected."
"REQ-088.02","REQ-173.03","Retained and re-anchored","Part 9","BACKUP STRATEGY","L4631–L4633","Exact heading, taxonomy, Phase 0 mapping, acceptance criterion, and evidence rule corrected."
"REQ-088.03","REQ-173.04","Retained and re-anchored","Part 9","BACKUP STRATEGY","L4631; L4635","Exact heading, taxonomy, Phase 0 mapping, acceptance criterion, and evidence rule corrected."
"REQ-088.05","REQ-173.05","Retained and re-anchored","Part 9","BACKUP STRATEGY","L4639–L4641","Exact heading, taxonomy, Phase 0 mapping, acceptance criterion, and evidence rule corrected."
"REQ-088.07","REQ-173.06","Retained and re-anchored","Part 9","BACKUP STRATEGY","L4639; L4645","Exact heading, taxonomy, Phase 0 mapping, acceptance criterion, and evidence rule corrected."
"REQ-088.06","REQ-173.07","Retained and re-anchored","Part 9","BACKUP STRATEGY","L4639; L4643","Exact heading, taxonomy, Phase 0 mapping, acceptance criterion, and evidence rule corrected."
"REQ-088.08","REQ-173.08","Retained and re-anchored","Part 9","BACKUP STRATEGY","L4639; L4647","Exact heading, taxonomy, Phase 0 mapping, acceptance criterion, and evidence rule corrected."
"REQ-088.09","REQ-174.01","Retained and re-anchored","Part 9","DISASTER RECOVERY","L4651–L4653","Exact heading, taxonomy, Phase 0 mapping, acceptance criterion, and evidence rule corrected."
"REQ-088.11","REQ-174.02","Retained and re-anchored","Part 9","DISASTER RECOVERY","L4655; L4659","Exact heading, taxonomy, Phase 0 mapping, acceptance criterion, and evidence rule corrected."
"REQ-088.10","REQ-174.03","Retained and re-anchored","Part 9","DISASTER RECOVERY","L4655–L4657","Exact heading, taxonomy, Phase 0 mapping, acceptance criterion, and evidence rule corrected."
"REQ-088.12","REQ-174.04","Retained and re-anchored","Part 9","DISASTER RECOVERY","L4655; L4661","Exact heading, taxonomy, Phase 0 mapping, acceptance criterion, and evidence rule corrected."
"REQ-088.13","REQ-174.05","Retained and re-anchored","Part 9","DISASTER RECOVERY","L4655; L4663","Exact heading, taxonomy, Phase 0 mapping, acceptance criterion, and evidence rule corrected."
"REQ-088.14","REQ-175.01","Retained and re-anchored","Part 9","SCALING STRATEGY","L4667–L4687","Exact heading, taxonomy, Phase 0 mapping, acceptance criterion, and evidence rule corrected."
"REQ-088.15","REQ-175.02","Retained and re-anchored","Part 9","SCALING STRATEGY","L4689","Exact heading, taxonomy, Phase 0 mapping, acceptance criterion, and evidence rule corrected."
"REQ-089.01","REQ-176.01","Retained and re-anchored","Part 9","COST OPTIMIZATION","L4695; L4699","Exact heading, taxonomy, Phase 0 mapping, acceptance criterion, and evidence rule corrected."
"REQ-089.01","REQ-176.02","Retained and re-anchored","Part 9","COST OPTIMIZATION","L4695; L4701","Exact heading, taxonomy, Phase 0 mapping, acceptance criterion, and evidence rule corrected."
"REQ-089.01","REQ-176.03","Retained and re-anchored","Part 9","COST OPTIMIZATION","L4695; L4703","Exact heading, taxonomy, Phase 0 mapping, acceptance criterion, and evidence rule corrected."
"REQ-089.01","REQ-176.04","Retained and re-anchored","Part 9","COST OPTIMIZATION","L4695; L4697","Exact heading, taxonomy, Phase 0 mapping, acceptance criterion, and evidence rule corrected."
"REQ-089.02","REQ-176.05","Retained and re-anchored","Part 9","COST OPTIMIZATION","L4705","Exact heading, taxonomy, Phase 0 mapping, acceptance criterion, and evidence rule corrected."
"REQ-089.08","REQ-177.01","Retained and re-anchored","Part 9","DEPLOYMENT DOCUMENTATION","L4711; L4723","Exact heading, taxonomy, Phase 0 mapping, acceptance criterion, and evidence rule corrected."
"REQ-089.12","REQ-177.02","Retained and re-anchored","Part 9","DEPLOYMENT DOCUMENTATION","L4711; L4731","Exact heading, taxonomy, Phase 0 mapping, acceptance criterion, and evidence rule corrected."
"REQ-089.07","REQ-177.03","Retained and re-anchored","Part 9","DEPLOYMENT DOCUMENTATION","L4711; L4721","Exact heading, taxonomy, Phase 0 mapping, acceptance criterion, and evidence rule corrected."
"REQ-089.06","REQ-177.04","Retained and re-anchored","Part 9","DEPLOYMENT DOCUMENTATION","L4711; L4719","Exact heading, taxonomy, Phase 0 mapping, acceptance criterion, and evidence rule corrected."
"REQ-089.04","REQ-177.05","Retained and re-anchored","Part 9","DEPLOYMENT DOCUMENTATION","L4711; L4715","Exact heading, taxonomy, Phase 0 mapping, acceptance criterion, and evidence rule corrected."
"REQ-089.09","REQ-177.06","Retained and re-anchored","Part 9","DEPLOYMENT DOCUMENTATION","L4711; L4725","Exact heading, taxonomy, Phase 0 mapping, acceptance criterion, and evidence rule corrected."
"REQ-089.11","REQ-177.07","Retained and re-anchored","Part 9","DEPLOYMENT DOCUMENTATION","L4711; L4729","Exact heading, taxonomy, Phase 0 mapping, acceptance criterion, and evidence rule corrected."
"REQ-089.10","REQ-177.08","Retained and re-anchored","Part 9","DEPLOYMENT DOCUMENTATION","L4711; L4727","Exact heading, taxonomy, Phase 0 mapping, acceptance criterion, and evidence rule corrected."
"REQ-089.05","REQ-177.09","Retained and re-anchored","Part 9","DEPLOYMENT DOCUMENTATION","L4711; L4717","Exact heading, taxonomy, Phase 0 mapping, acceptance criterion, and evidence rule corrected."
"REQ-089.03","REQ-177.10","Retained and re-anchored","Part 9","DEPLOYMENT DOCUMENTATION","L4711; L4713","Exact heading, taxonomy, Phase 0 mapping, acceptance criterion, and evidence rule corrected."
"REQ-090.01","REQ-178.01","Retained and re-anchored","Part 9","FINAL INFRASTRUCTURE DIRECTIVE","L4735–L4737","Exact heading, taxonomy, Phase 0 mapping, acceptance criterion, and evidence rule corrected."
"REQ-090.01","REQ-178.02","Retained and re-anchored","Part 9","FINAL INFRASTRUCTURE DIRECTIVE","L4735–L4737","Exact heading, taxonomy, Phase 0 mapping, acceptance criterion, and evidence rule corrected."
"REQ-090.02","REQ-178.03","Retained and re-anchored","Part 9","FINAL INFRASTRUCTURE DIRECTIVE","L4739","Exact heading, taxonomy, Phase 0 mapping, acceptance criterion, and evidence rule corrected."
"REQ-090.03","REQ-178.04","Retained and re-anchored","Part 9","FINAL INFRASTRUCTURE DIRECTIVE","L4741","Exact heading, taxonomy, Phase 0 mapping, acceptance criterion, and evidence rule corrected."
"REQ-090.04","REQ-178.05","Retained and re-anchored","Part 9","FINAL INFRASTRUCTURE DIRECTIVE","L4743","Exact heading, taxonomy, Phase 0 mapping, acceptance criterion, and evidence rule corrected."
"REQ-090.04","REQ-178.06","Retained and re-anchored","Part 9","FINAL INFRASTRUCTURE DIRECTIVE","L4743","Exact heading, taxonomy, Phase 0 mapping, acceptance criterion, and evidence rule corrected."
"REQ-091.01","REQ-179.01","Retained and re-anchored","Part 10","ROLE OF THE AI","L4763; L4769","Exact heading, taxonomy, Phase 0 mapping, acceptance criterion, and evidence rule corrected."
"REQ-091.01","REQ-179.02","Retained and re-anchored","Part 10","ROLE OF THE AI","L4763; L4779","Exact heading, taxonomy, Phase 0 mapping, acceptance criterion, and evidence rule corrected."
"REQ-091.01","REQ-179.03","Retained and re-anchored","Part 10","ROLE OF THE AI","L4763; L4777","Exact heading, taxonomy, Phase 0 mapping, acceptance criterion, and evidence rule corrected."
"REQ-091.01","REQ-179.04","Retained and re-anchored","Part 10","ROLE OF THE AI","L4763; L4775","Exact heading, taxonomy, Phase 0 mapping, acceptance criterion, and evidence rule corrected."
"REQ-091.01","REQ-179.05","Retained and re-anchored","Part 10","ROLE OF THE AI","L4763; L4765","Exact heading, taxonomy, Phase 0 mapping, acceptance criterion, and evidence rule corrected."
"REQ-091.01","REQ-179.06","Retained and re-anchored","Part 10","ROLE OF THE AI","L4763; L4771","Exact heading, taxonomy, Phase 0 mapping, acceptance criterion, and evidence rule corrected."
"REQ-091.01","REQ-179.07","Retained and re-anchored","Part 10","ROLE OF THE AI","L4763; L4773","Exact heading, taxonomy, Phase 0 mapping, acceptance criterion, and evidence rule corrected."
"REQ-091.01","REQ-179.08","Retained and re-anchored","Part 10","ROLE OF THE AI","L4763; L4767","Exact heading, taxonomy, Phase 0 mapping, acceptance criterion, and evidence rule corrected."
"REQ-091.02","REQ-179.09","Retained and re-anchored","Part 10","ROLE OF THE AI","L4781–L4783","Exact heading, taxonomy, Phase 0 mapping, acceptance criterion, and evidence rule corrected."
"REQ-091.03","REQ-180.01","Retained and re-anchored","Part 10","MASTER EXECUTION RULE","L4787–L4791","Exact heading, taxonomy, Phase 0 mapping, acceptance criterion, and evidence rule corrected."
"REQ-091.03","REQ-180.02","Retained and re-anchored","Part 10","MASTER EXECUTION RULE","L4787–L4791","Exact heading, taxonomy, Phase 0 mapping, acceptance criterion, and evidence rule corrected."
"REQ-091.03","REQ-180.03","Retained and re-anchored","Part 10","MASTER EXECUTION RULE","L4787–L4791","Exact heading, taxonomy, Phase 0 mapping, acceptance criterion, and evidence rule corrected."
"REQ-091.03","REQ-180.04","Retained and re-anchored","Part 10","MASTER EXECUTION RULE","L4787–L4791","Exact heading, taxonomy, Phase 0 mapping, acceptance criterion, and evidence rule corrected."
"REQ-091.03","REQ-180.05","Retained and re-anchored","Part 10","MASTER EXECUTION RULE","L4787–L4791","Exact heading, taxonomy, Phase 0 mapping, acceptance criterion, and evidence rule corrected."
"REQ-091.04","REQ-180.06","Retained and re-anchored","Part 10","MASTER EXECUTION RULE","L4793–L4795","Exact heading, taxonomy, Phase 0 mapping, acceptance criterion, and evidence rule corrected."
"REQ-092.03","REQ-181.01","Retained and re-anchored","Part 10","STEP 1 — BUSINESS ANALYSIS","L4801; L4807","Exact heading, taxonomy, Phase 0 mapping, acceptance criterion, and evidence rule corrected."
"REQ-092.02","REQ-181.02","Retained and re-anchored","Part 10","STEP 1 — BUSINESS ANALYSIS","L4801; L4805","Exact heading, taxonomy, Phase 0 mapping, acceptance criterion, and evidence rule corrected."
"REQ-092.06","REQ-181.03","Retained and re-anchored","Part 10","STEP 1 — BUSINESS ANALYSIS","L4801; L4813","Exact heading, taxonomy, Phase 0 mapping, acceptance criterion, and evidence rule corrected."
"REQ-092.05","REQ-181.04","Retained and re-anchored","Part 10","STEP 1 — BUSINESS ANALYSIS","L4801; L4811","Exact heading, taxonomy, Phase 0 mapping, acceptance criterion, and evidence rule corrected."
"REQ-092.01","REQ-181.05","Retained and re-anchored","Part 10","STEP 1 — BUSINESS ANALYSIS","L4801; L4803","Exact heading, taxonomy, Phase 0 mapping, acceptance criterion, and evidence rule corrected."
"REQ-092.07","REQ-181.06","Retained and re-anchored","Part 10","STEP 1 — BUSINESS ANALYSIS","L4801; L4815","Exact heading, taxonomy, Phase 0 mapping, acceptance criterion, and evidence rule corrected."
"REQ-092.04","REQ-181.07","Retained and re-anchored","Part 10","STEP 1 — BUSINESS ANALYSIS","L4801; L4809","Exact heading, taxonomy, Phase 0 mapping, acceptance criterion, and evidence rule corrected."
"REQ-092.08","REQ-181.08","Retained and re-anchored","Part 10","STEP 1 — BUSINESS ANALYSIS","L4801; L4817","Exact heading, taxonomy, Phase 0 mapping, acceptance criterion, and evidence rule corrected."
"REQ-092.09","REQ-181.09","Retained and re-anchored","Part 10","STEP 1 — BUSINESS ANALYSIS","L4819–L4821","Exact heading, taxonomy, Phase 0 mapping, acceptance criterion, and evidence rule corrected."
"REQ-092.13","REQ-182.01","Retained and re-anchored","Part 10","STEP 2 — PRODUCT DEFINITION","L4827; L4835","Exact heading, taxonomy, Phase 0 mapping, acceptance criterion, and evidence rule corrected."
"REQ-092.15","REQ-182.02","Retained and re-anchored","Part 10","STEP 2 — PRODUCT DEFINITION","L4827; L4839","Exact heading, taxonomy, Phase 0 mapping, acceptance criterion, and evidence rule corrected."
"REQ-092.12","REQ-182.03","Retained and re-anchored","Part 10","STEP 2 — PRODUCT DEFINITION","L4827; L4833","Exact heading, taxonomy, Phase 0 mapping, acceptance criterion, and evidence rule corrected."
"REQ-092.11","REQ-182.04","Retained and re-anchored","Part 10","STEP 2 — PRODUCT DEFINITION","L4827; L4831","Exact heading, taxonomy, Phase 0 mapping, acceptance criterion, and evidence rule corrected."
"REQ-092.10","REQ-182.05","Retained and re-anchored","Part 10","STEP 2 — PRODUCT DEFINITION","L4827; L4829","Exact heading, taxonomy, Phase 0 mapping, acceptance criterion, and evidence rule corrected."
"REQ-092.14","REQ-182.06","Retained and re-anchored","Part 10","STEP 2 — PRODUCT DEFINITION","L4827; L4837","Exact heading, taxonomy, Phase 0 mapping, acceptance criterion, and evidence rule corrected."
"REQ-092.18","REQ-182.07","Retained and re-anchored","Part 10","STEP 2 — PRODUCT DEFINITION","L4841; L4847","Exact heading, taxonomy, Phase 0 mapping, acceptance criterion, and evidence rule corrected."
"REQ-092.16","REQ-182.08","Retained and re-anchored","Part 10","STEP 2 — PRODUCT DEFINITION","L4841–L4843","Exact heading, taxonomy, Phase 0 mapping, acceptance criterion, and evidence rule corrected."
"REQ-092.19","REQ-182.09","Retained and re-anchored","Part 10","STEP 2 — PRODUCT DEFINITION","L4841; L4849","Exact heading, taxonomy, Phase 0 mapping, acceptance criterion, and evidence rule corrected."
"REQ-092.17","REQ-182.10","Retained and re-anchored","Part 10","STEP 2 — PRODUCT DEFINITION","L4841; L4845","Exact heading, taxonomy, Phase 0 mapping, acceptance criterion, and evidence rule corrected."
"REQ-092.22","REQ-183.01","Retained and re-anchored","Part 10","STEP 3 — SYSTEM DESIGN","L4855; L4861","Exact heading, taxonomy, Phase 0 mapping, acceptance criterion, and evidence rule corrected."
"REQ-092.21","REQ-183.02","Retained and re-anchored","Part 10","STEP 3 — SYSTEM DESIGN","L4855; L4859","Exact heading, taxonomy, Phase 0 mapping, acceptance criterion, and evidence rule corrected."
"REQ-092.24","REQ-183.03","Retained and re-anchored","Part 10","STEP 3 — SYSTEM DESIGN","L4855; L4865","Exact heading, taxonomy, Phase 0 mapping, acceptance criterion, and evidence rule corrected."
"REQ-092.23","REQ-183.04","Retained and re-anchored","Part 10","STEP 3 — SYSTEM DESIGN","L4855; L4863","Exact heading, taxonomy, Phase 0 mapping, acceptance criterion, and evidence rule corrected."
"REQ-092.20","REQ-183.05","Retained and re-anchored","Part 10","STEP 3 — SYSTEM DESIGN","L4855; L4857","Exact heading, taxonomy, Phase 0 mapping, acceptance criterion, and evidence rule corrected."
"REQ-092.25","REQ-183.06","Retained and re-anchored","Part 10","STEP 3 — SYSTEM DESIGN","L4867–L4873","Exact heading, taxonomy, Phase 0 mapping, acceptance criterion, and evidence rule corrected."
"REQ-092.25","REQ-183.07","Retained and re-anchored","Part 10","STEP 3 — SYSTEM DESIGN","L4867–L4873","Exact heading, taxonomy, Phase 0 mapping, acceptance criterion, and evidence rule corrected."
"REQ-092.25","REQ-183.08","Retained and re-anchored","Part 10","STEP 3 — SYSTEM DESIGN","L4867–L4873","Exact heading, taxonomy, Phase 0 mapping, acceptance criterion, and evidence rule corrected."
"REQ-092.30","REQ-184.01","Retained and re-anchored","Part 10","STEP 4 — UI/UX DESIGN","L4879; L4889","Exact heading, taxonomy, Phase 0 mapping, acceptance criterion, and evidence rule corrected."
"REQ-092.28","REQ-184.02","Retained and re-anchored","Part 10","STEP 4 — UI/UX DESIGN","L4879; L4885","Exact heading, taxonomy, Phase 0 mapping, acceptance criterion, and evidence rule corrected."
"REQ-092.27","REQ-184.03","Retained and re-anchored","Part 10","STEP 4 — UI/UX DESIGN","L4879; L4883","Exact heading, taxonomy, Phase 0 mapping, acceptance criterion, and evidence rule corrected."
"REQ-092.29","REQ-184.04","Retained and re-anchored","Part 10","STEP 4 — UI/UX DESIGN","L4879; L4887","Exact heading, taxonomy, Phase 0 mapping, acceptance criterion, and evidence rule corrected."
"REQ-092.26","REQ-184.05","Retained and re-anchored","Part 10","STEP 4 — UI/UX DESIGN","L4879; L4881","Exact heading, taxonomy, Phase 0 mapping, acceptance criterion, and evidence rule corrected."
"REQ-092.31","REQ-184.06","Retained and re-anchored","Part 10","STEP 4 — UI/UX DESIGN","L4891","Exact heading, taxonomy, Phase 0 mapping, acceptance criterion, and evidence rule corrected."
"REQ-092.31","REQ-184.07","Retained and re-anchored","Part 10","STEP 4 — UI/UX DESIGN","L4891","Exact heading, taxonomy, Phase 0 mapping, acceptance criterion, and evidence rule corrected."
"REQ-093.01","REQ-185.01","Retained and re-anchored","Part 10","STEP 5 — DEVELOPMENT ROADMAP","L4895–L4897","Exact heading, taxonomy, Phase 0 mapping, acceptance criterion, and evidence rule corrected."
"REQ-093.03","REQ-185.02","Retained and re-anchored","Part 10","STEP 5 — DEVELOPMENT ROADMAP","L4899; L4903","Exact heading, taxonomy, Phase 0 mapping, acceptance criterion, and evidence rule corrected."
"REQ-093.02","REQ-185.03","Retained and re-anchored","Part 10","STEP 5 — DEVELOPMENT ROADMAP","L4899; L4901","Exact heading, taxonomy, Phase 0 mapping, acceptance criterion, and evidence rule corrected."
"REQ-093.08","REQ-185.04","Retained and re-anchored","Part 10","STEP 5 — DEVELOPMENT ROADMAP","L4899; L4913","Exact heading, taxonomy, Phase 0 mapping, acceptance criterion, and evidence rule corrected."
"REQ-093.05","REQ-185.05","Retained and re-anchored","Part 10","STEP 5 — DEVELOPMENT ROADMAP","L4899; L4907","Exact heading, taxonomy, Phase 0 mapping, acceptance criterion, and evidence rule corrected."
"REQ-093.06","REQ-185.06","Retained and re-anchored","Part 10","STEP 5 — DEVELOPMENT ROADMAP","L4899; L4909","Exact heading, taxonomy, Phase 0 mapping, acceptance criterion, and evidence rule corrected."
"REQ-093.04","REQ-185.07","Retained and re-anchored","Part 10","STEP 5 — DEVELOPMENT ROADMAP","L4899; L4905","Exact heading, taxonomy, Phase 0 mapping, acceptance criterion, and evidence rule corrected."
"REQ-093.07","REQ-185.08","Retained and re-anchored","Part 10","STEP 5 — DEVELOPMENT ROADMAP","L4899; L4911","Exact heading, taxonomy, Phase 0 mapping, acceptance criterion, and evidence rule corrected."
"REQ-093.10","REQ-185.09","Retained and re-anchored","Part 10","STEP 5 — DEVELOPMENT ROADMAP","L4929","Exact heading, taxonomy, Phase 0 mapping, acceptance criterion, and evidence rule corrected."
"REQ-093.11","REQ-186.01","Retained and re-anchored","Part 10","DEVELOPMENT WORKFLOW","L4933–L4935","Exact heading, taxonomy, Phase 0 mapping, acceptance criterion, and evidence rule corrected."
"REQ-093.12","REQ-187.01","Retained and re-anchored","Part 10","PHASE 1 — FOUNDATION","L4939; L4941; L4945","Exact heading, taxonomy, Phase 0 mapping, acceptance criterion, and evidence rule corrected."
"REQ-093.12","REQ-187.02","Retained and re-anchored","Part 10","PHASE 1 — FOUNDATION","L4939; L4941; L4949","Exact heading, taxonomy, Phase 0 mapping, acceptance criterion, and evidence rule corrected."
"REQ-093.12","REQ-187.03","Retained and re-anchored","Part 10","PHASE 1 — FOUNDATION","L4939; L4941; L4947","Exact heading, taxonomy, Phase 0 mapping, acceptance criterion, and evidence rule corrected."
"REQ-093.12","REQ-187.04","Retained and re-anchored","Part 10","PHASE 1 — FOUNDATION","L4939; L4941; L4943","Exact heading, taxonomy, Phase 0 mapping, acceptance criterion, and evidence rule corrected."
"REQ-093.12","REQ-187.05","Retained and re-anchored","Part 10","PHASE 1 — FOUNDATION","L4939; L4941; L4951","Exact heading, taxonomy, Phase 0 mapping, acceptance criterion, and evidence rule corrected."
"REQ-093.13","REQ-188.01","Retained and re-anchored","Part 10","PHASE 2 — USER PLATFORM","L4955; L4957; L4961","Exact heading, taxonomy, Phase 0 mapping, acceptance criterion, and evidence rule corrected."
"REQ-093.13","REQ-188.02","Retained and re-anchored","Part 10","PHASE 2 — USER PLATFORM","L4955; L4957; L4963","Exact heading, taxonomy, Phase 0 mapping, acceptance criterion, and evidence rule corrected."
"REQ-093.13","REQ-188.03","Retained and re-anchored","Part 10","PHASE 2 — USER PLATFORM","L4955; L4957; L4967","Exact heading, taxonomy, Phase 0 mapping, acceptance criterion, and evidence rule corrected."
"REQ-093.13","REQ-188.04","Retained and re-anchored","Part 10","PHASE 2 — USER PLATFORM","L4955; L4957; L4959","Exact heading, taxonomy, Phase 0 mapping, acceptance criterion, and evidence rule corrected."
"REQ-093.13","REQ-188.05","Retained and re-anchored","Part 10","PHASE 2 — USER PLATFORM","L4955; L4957; L4965","Exact heading, taxonomy, Phase 0 mapping, acceptance criterion, and evidence rule corrected."
"REQ-093.13","REQ-188.06","Retained and re-anchored","Part 10","PHASE 2 — USER PLATFORM","L4955; L4957; L4969","Exact heading, taxonomy, Phase 0 mapping, acceptance criterion, and evidence rule corrected."
"REQ-093.14","REQ-189.01","Retained and re-anchored","Part 10","PHASE 3 — REWARDS ENGINE","L4973; L4975; L4979","Exact heading, taxonomy, Phase 0 mapping, acceptance criterion, and evidence rule corrected."
"REQ-093.14","REQ-189.02","Retained and re-anchored","Part 10","PHASE 3 — REWARDS ENGINE","L4973; L4975; L4983","Exact heading, taxonomy, Phase 0 mapping, acceptance criterion, and evidence rule corrected."
"REQ-093.14","REQ-189.03","Retained and re-anchored","Part 10","PHASE 3 — REWARDS ENGINE","L4973; L4975; L4985","Exact heading, taxonomy, Phase 0 mapping, acceptance criterion, and evidence rule corrected."
"REQ-093.14","REQ-189.04","Retained and re-anchored","Part 10","PHASE 3 — REWARDS ENGINE","L4973; L4975; L4977","Exact heading, taxonomy, Phase 0 mapping, acceptance criterion, and evidence rule corrected."
"REQ-093.14","REQ-189.05","Retained and re-anchored","Part 10","PHASE 3 — REWARDS ENGINE","L4973; L4975; L4981","Exact heading, taxonomy, Phase 0 mapping, acceptance criterion, and evidence rule corrected."
"REQ-093.15","REQ-190.01","Retained and re-anchored","Part 10","PHASE 4 — SURVEY SYSTEM","L4989; L4991; L4999","Exact heading, taxonomy, Phase 0 mapping, acceptance criterion, and evidence rule corrected."
"REQ-093.15","REQ-190.02","Retained and re-anchored","Part 10","PHASE 4 — SURVEY SYSTEM","L4989; L4991; L4997","Exact heading, taxonomy, Phase 0 mapping, acceptance criterion, and evidence rule corrected."
"REQ-093.15","REQ-190.03","Retained and re-anchored","Part 10","PHASE 4 — SURVEY SYSTEM","L4989; L4991; L4995","Exact heading, taxonomy, Phase 0 mapping, acceptance criterion, and evidence rule corrected."
"REQ-093.15","REQ-190.04","Retained and re-anchored","Part 10","PHASE 4 — SURVEY SYSTEM","L4989; L4991; L4993","Exact heading, taxonomy, Phase 0 mapping, acceptance criterion, and evidence rule corrected."
"REQ-093.16","REQ-191.01","Retained and re-anchored","Part 10","PHASE 5 — WITHDRAWAL SYSTEM","L5003; L5005; L5013","Exact heading, taxonomy, Phase 0 mapping, acceptance criterion, and evidence rule corrected."
"REQ-093.16","REQ-191.02","Retained and re-anchored","Part 10","PHASE 5 — WITHDRAWAL SYSTEM","L5003; L5005; L5009","Exact heading, taxonomy, Phase 0 mapping, acceptance criterion, and evidence rule corrected."
"REQ-093.16","REQ-191.03","Retained and re-anchored","Part 10","PHASE 5 — WITHDRAWAL SYSTEM","L5003; L5005; L5011","Exact heading, taxonomy, Phase 0 mapping, acceptance criterion, and evidence rule corrected."
"REQ-093.16","REQ-191.04","Retained and re-anchored","Part 10","PHASE 5 — WITHDRAWAL SYSTEM","L5003; L5005; L5007","Exact heading, taxonomy, Phase 0 mapping, acceptance criterion, and evidence rule corrected."
"REQ-093.17","REQ-192.01","Retained and re-anchored","Part 10","PHASE 6 — ADMIN ERP","L5017; L5019; L5025","Exact heading, taxonomy, Phase 0 mapping, acceptance criterion, and evidence rule corrected."
"REQ-093.17","REQ-192.02","Retained and re-anchored","Part 10","PHASE 6 — ADMIN ERP","L5017; L5019; L5031","Exact heading, taxonomy, Phase 0 mapping, acceptance criterion, and evidence rule corrected."
"REQ-093.17","REQ-192.03","Retained and re-anchored","Part 10","PHASE 6 — ADMIN ERP","L5017; L5019; L5033","Exact heading, taxonomy, Phase 0 mapping, acceptance criterion, and evidence rule corrected."
"REQ-093.17","REQ-192.04","Retained and re-anchored","Part 10","PHASE 6 — ADMIN ERP","L5017; L5019; L5027","Exact heading, taxonomy, Phase 0 mapping, acceptance criterion, and evidence rule corrected."
"REQ-093.17","REQ-192.05","Retained and re-anchored","Part 10","PHASE 6 — ADMIN ERP","L5017; L5019; L5029","Exact heading, taxonomy, Phase 0 mapping, acceptance criterion, and evidence rule corrected."
"REQ-093.17","REQ-192.06","Retained and re-anchored","Part 10","PHASE 6 — ADMIN ERP","L5017; L5019; L5021","Exact heading, taxonomy, Phase 0 mapping, acceptance criterion, and evidence rule corrected."
"REQ-093.17","REQ-192.07","Retained and re-anchored","Part 10","PHASE 6 — ADMIN ERP","L5017; L5019; L5023","Exact heading, taxonomy, Phase 0 mapping, acceptance criterion, and evidence rule corrected."
"REQ-093.18","REQ-193.01","Retained and re-anchored","Part 10","PHASE 7 — GROWTH SYSTEM","L5037; L5039; L5043","Exact heading, taxonomy, Phase 0 mapping, acceptance criterion, and evidence rule corrected."
"REQ-093.18","REQ-193.02","Retained and re-anchored","Part 10","PHASE 7 — GROWTH SYSTEM","L5037; L5039; L5049","Exact heading, taxonomy, Phase 0 mapping, acceptance criterion, and evidence rule corrected."
"REQ-093.18","REQ-193.03","Retained and re-anchored","Part 10","PHASE 7 — GROWTH SYSTEM","L5037; L5039; L5045","Exact heading, taxonomy, Phase 0 mapping, acceptance criterion, and evidence rule corrected."
"REQ-093.18","REQ-193.04","Retained and re-anchored","Part 10","PHASE 7 — GROWTH SYSTEM","L5037; L5039; L5047","Exact heading, taxonomy, Phase 0 mapping, acceptance criterion, and evidence rule corrected."
"REQ-093.18","REQ-193.05","Retained and re-anchored","Part 10","PHASE 7 — GROWTH SYSTEM","L5037; L5039; L5041","Exact heading, taxonomy, Phase 0 mapping, acceptance criterion, and evidence rule corrected."
"REQ-093.19","REQ-194.01","Retained and re-anchored","Part 10","PHASE 8 — OPTIMIZATION","L5053; L5055; L5057","Exact heading, taxonomy, Phase 0 mapping, acceptance criterion, and evidence rule corrected."
"REQ-093.19","REQ-194.02","Retained and re-anchored","Part 10","PHASE 8 — OPTIMIZATION","L5053; L5055; L5063","Exact heading, taxonomy, Phase 0 mapping, acceptance criterion, and evidence rule corrected."
"REQ-093.19","REQ-194.03","Retained and re-anchored","Part 10","PHASE 8 — OPTIMIZATION","L5053; L5055; L5059","Exact heading, taxonomy, Phase 0 mapping, acceptance criterion, and evidence rule corrected."
"REQ-093.19","REQ-194.04","Retained and re-anchored","Part 10","PHASE 8 — OPTIMIZATION","L5053; L5055; L5061","Exact heading, taxonomy, Phase 0 mapping, acceptance criterion, and evidence rule corrected."
"REQ-094.01","REQ-195.01","Retained and re-anchored","Part 10","CODE QUALITY REQUIREMENTS","L5067–L5071","Exact heading, taxonomy, Phase 0 mapping, acceptance criterion, and evidence rule corrected."
"REQ-094.06","REQ-195.02","Retained and re-anchored","Part 10","CODE QUALITY REQUIREMENTS","L5069; L5081","Exact heading, taxonomy, Phase 0 mapping, acceptance criterion, and evidence rule corrected."
"REQ-094.05","REQ-195.03","Retained and re-anchored","Part 10","CODE QUALITY REQUIREMENTS","L5069; L5079","Exact heading, taxonomy, Phase 0 mapping, acceptance criterion, and evidence rule corrected."
"REQ-094.04","REQ-195.04","Retained and re-anchored","Part 10","CODE QUALITY REQUIREMENTS","L5069; L5077","Exact heading, taxonomy, Phase 0 mapping, acceptance criterion, and evidence rule corrected."
"REQ-094.02","REQ-195.05","Retained and re-anchored","Part 10","CODE QUALITY REQUIREMENTS","L5069; L5073","Exact heading, taxonomy, Phase 0 mapping, acceptance criterion, and evidence rule corrected."
"REQ-094.03","REQ-195.06","Retained and re-anchored","Part 10","CODE QUALITY REQUIREMENTS","L5069; L5075","Exact heading, taxonomy, Phase 0 mapping, acceptance criterion, and evidence rule corrected."
"REQ-094.09","REQ-195.07","Retained and re-anchored","Part 10","CODE QUALITY REQUIREMENTS","L5083; L5089","Exact heading, taxonomy, Phase 0 mapping, acceptance criterion, and evidence rule corrected."
"REQ-094.08","REQ-195.08","Retained and re-anchored","Part 10","CODE QUALITY REQUIREMENTS","L5083; L5087","Exact heading, taxonomy, Phase 0 mapping, acceptance criterion, and evidence rule corrected."
"REQ-094.07","REQ-195.09","Retained and re-anchored","Part 10","CODE QUALITY REQUIREMENTS","L5083–L5085","Exact heading, taxonomy, Phase 0 mapping, acceptance criterion, and evidence rule corrected."
"REQ-094.10","REQ-195.10","Retained and re-anchored","Part 10","CODE QUALITY REQUIREMENTS","L5083; L5091","Exact heading, taxonomy, Phase 0 mapping, acceptance criterion, and evidence rule corrected."
"REQ-094.11","REQ-196.01","Retained and re-anchored","Part 10","BUSINESS RULE CONFIGURATION","L5095–L5097","Exact heading, taxonomy, Phase 0 mapping, acceptance criterion, and evidence rule corrected."
"REQ-094.12","REQ-196.02","Retained and re-anchored","Part 10","BUSINESS RULE CONFIGURATION","L5113","Exact heading, taxonomy, Phase 0 mapping, acceptance criterion, and evidence rule corrected."
"REQ-094.13","REQ-197.01","Retained and re-anchored","Part 10","TESTING REQUIREMENTS","L5117–L5123","Exact heading, taxonomy, Phase 0 mapping, acceptance criterion, and evidence rule corrected."
"REQ-094.15","REQ-197.02","Retained and re-anchored","Part 10","TESTING REQUIREMENTS","L5119; L5129–L5131","Exact heading, taxonomy, Phase 0 mapping, acceptance criterion, and evidence rule corrected."
"REQ-094.17","REQ-197.03","Retained and re-anchored","Part 10","TESTING REQUIREMENTS","L5119; L5137–L5139","Exact heading, taxonomy, Phase 0 mapping, acceptance criterion, and evidence rule corrected."
"REQ-094.14","REQ-197.04","Retained and re-anchored","Part 10","TESTING REQUIREMENTS","L5119; L5125–L5127","Exact heading, taxonomy, Phase 0 mapping, acceptance criterion, and evidence rule corrected."
"REQ-094.16","REQ-197.05","Retained and re-anchored","Part 10","TESTING REQUIREMENTS","L5119; L5133–L5135","Exact heading, taxonomy, Phase 0 mapping, acceptance criterion, and evidence rule corrected."
"REQ-095.01","REQ-198.01","Retained and re-anchored","Part 10","DOCUMENTATION REQUIREMENTS","L5143–L5145","Exact heading, taxonomy, Phase 0 mapping, acceptance criterion, and evidence rule corrected."
"REQ-095.03","REQ-198.02","Retained and re-anchored","Part 10","DOCUMENTATION REQUIREMENTS","L5147; L5149; L5153","Exact heading, taxonomy, Phase 0 mapping, acceptance criterion, and evidence rule corrected."
"REQ-095.02","REQ-198.03","Retained and re-anchored","Part 10","DOCUMENTATION REQUIREMENTS","L5147; L5149; L5151","Exact heading, taxonomy, Phase 0 mapping, acceptance criterion, and evidence rule corrected."
"REQ-095.04","REQ-198.04","Retained and re-anchored","Part 10","DOCUMENTATION REQUIREMENTS","L5147; L5149; L5155","Exact heading, taxonomy, Phase 0 mapping, acceptance criterion, and evidence rule corrected."
"REQ-095.16","REQ-198.05","Retained and re-anchored","Part 10","DOCUMENTATION REQUIREMENTS","L5147; L5177; L5185","Exact heading, taxonomy, Phase 0 mapping, acceptance criterion, and evidence rule corrected."
"REQ-095.15","REQ-198.06","Retained and re-anchored","Part 10","DOCUMENTATION REQUIREMENTS","L5147; L5177; L5183","Exact heading, taxonomy, Phase 0 mapping, acceptance criterion, and evidence rule corrected."
"REQ-095.14","REQ-198.07","Retained and re-anchored","Part 10","DOCUMENTATION REQUIREMENTS","L5147; L5177; L5181","Exact heading, taxonomy, Phase 0 mapping, acceptance criterion, and evidence rule corrected."
"REQ-095.13","REQ-198.08","Retained and re-anchored","Part 10","DOCUMENTATION REQUIREMENTS","L5147; L5177; L5179","Exact heading, taxonomy, Phase 0 mapping, acceptance criterion, and evidence rule corrected."
"REQ-095.09","REQ-198.09","Retained and re-anchored","Part 10","DOCUMENTATION REQUIREMENTS","L5147; L5167; L5169","Exact heading, taxonomy, Phase 0 mapping, acceptance criterion, and evidence rule corrected."
"REQ-095.12","REQ-198.10","Retained and re-anchored","Part 10","DOCUMENTATION REQUIREMENTS","L5147; L5167; L5175","Exact heading, taxonomy, Phase 0 mapping, acceptance criterion, and evidence rule corrected."
"REQ-095.11","REQ-198.11","Retained and re-anchored","Part 10","DOCUMENTATION REQUIREMENTS","L5147; L5167; L5173","Exact heading, taxonomy, Phase 0 mapping, acceptance criterion, and evidence rule corrected."
"REQ-095.10","REQ-198.12","Retained and re-anchored","Part 10","DOCUMENTATION REQUIREMENTS","L5147; L5167; L5171","Exact heading, taxonomy, Phase 0 mapping, acceptance criterion, and evidence rule corrected."
"REQ-095.07","REQ-198.13","Retained and re-anchored","Part 10","DOCUMENTATION REQUIREMENTS","L5147; L5157; L5163","Exact heading, taxonomy, Phase 0 mapping, acceptance criterion, and evidence rule corrected."
"REQ-095.05","REQ-198.14","Retained and re-anchored","Part 10","DOCUMENTATION REQUIREMENTS","L5147; L5157; L5159","Exact heading, taxonomy, Phase 0 mapping, acceptance criterion, and evidence rule corrected."
"REQ-095.06","REQ-198.15","Retained and re-anchored","Part 10","DOCUMENTATION REQUIREMENTS","L5147; L5157; L5161","Exact heading, taxonomy, Phase 0 mapping, acceptance criterion, and evidence rule corrected."
"REQ-095.08","REQ-198.16","Retained and re-anchored","Part 10","DOCUMENTATION REQUIREMENTS","L5147; L5157; L5165","Exact heading, taxonomy, Phase 0 mapping, acceptance criterion, and evidence rule corrected."
"REQ-096.01","REQ-199.01","Retained and re-anchored","Part 10","SUPER ADMIN PRINCIPLE","L5189–L5191","Exact heading, taxonomy, Phase 0 mapping, acceptance criterion, and evidence rule corrected."
"REQ-096.02","REQ-199.02","Retained and re-anchored","Part 10","SUPER ADMIN PRINCIPLE","L5193","Exact heading, taxonomy, Phase 0 mapping, acceptance criterion, and evidence rule corrected."
"REQ-096.11","REQ-199.03","Retained and re-anchored","Part 10","SUPER ADMIN PRINCIPLE","L5195; L5213","Exact heading, taxonomy, Phase 0 mapping, acceptance criterion, and evidence rule corrected."
"REQ-096.07","REQ-199.04","Retained and re-anchored","Part 10","SUPER ADMIN PRINCIPLE","L5195; L5205","Exact heading, taxonomy, Phase 0 mapping, acceptance criterion, and evidence rule corrected."
"REQ-096.04","REQ-199.05","Retained and re-anchored","Part 10","SUPER ADMIN PRINCIPLE","L5195; L5199","Exact heading, taxonomy, Phase 0 mapping, acceptance criterion, and evidence rule corrected."
"REQ-096.10","REQ-199.06","Retained and re-anchored","Part 10","SUPER ADMIN PRINCIPLE","L5195; L5211","Exact heading, taxonomy, Phase 0 mapping, acceptance criterion, and evidence rule corrected."
"REQ-096.05","REQ-199.07","Retained and re-anchored","Part 10","SUPER ADMIN PRINCIPLE","L5195; L5201","Exact heading, taxonomy, Phase 0 mapping, acceptance criterion, and evidence rule corrected."
"REQ-096.08","REQ-199.08","Retained and re-anchored","Part 10","SUPER ADMIN PRINCIPLE","L5195; L5207","Exact heading, taxonomy, Phase 0 mapping, acceptance criterion, and evidence rule corrected."
"REQ-096.06","REQ-199.09","Retained and re-anchored","Part 10","SUPER ADMIN PRINCIPLE","L5195; L5203","Exact heading, taxonomy, Phase 0 mapping, acceptance criterion, and evidence rule corrected."
"REQ-096.03","REQ-199.10","Retained and re-anchored","Part 10","SUPER ADMIN PRINCIPLE","L5195; L5197","Exact heading, taxonomy, Phase 0 mapping, acceptance criterion, and evidence rule corrected."
"REQ-096.09","REQ-199.11","Retained and re-anchored","Part 10","SUPER ADMIN PRINCIPLE","L5195; L5209","Exact heading, taxonomy, Phase 0 mapping, acceptance criterion, and evidence rule corrected."
"REQ-096.13","REQ-199.12","Retained and re-anchored","Part 10","SUPER ADMIN PRINCIPLE","L5215; L5219","Exact heading, taxonomy, Phase 0 mapping, acceptance criterion, and evidence rule corrected."
"REQ-096.12","REQ-199.13","Retained and re-anchored","Part 10","SUPER ADMIN PRINCIPLE","L5215–L5217","Exact heading, taxonomy, Phase 0 mapping, acceptance criterion, and evidence rule corrected."
"REQ-096.14","REQ-199.14","Retained and re-anchored","Part 10","SUPER ADMIN PRINCIPLE","L5215; L5221","Exact heading, taxonomy, Phase 0 mapping, acceptance criterion, and evidence rule corrected."
"REQ-096.15","REQ-200.01","Retained and re-anchored","Part 10","SECURITY PRINCIPLE","L5225–L5229","Exact heading, taxonomy, Phase 0 mapping, acceptance criterion, and evidence rule corrected."
"REQ-096.20","REQ-200.02","Retained and re-anchored","Part 10","SECURITY PRINCIPLE","L5231; L5241","Exact heading, taxonomy, Phase 0 mapping, acceptance criterion, and evidence rule corrected."
"REQ-096.18","REQ-200.03","Retained and re-anchored","Part 10","SECURITY PRINCIPLE","L5231; L5237","Exact heading, taxonomy, Phase 0 mapping, acceptance criterion, and evidence rule corrected."
"REQ-096.17","REQ-200.04","Retained and re-anchored","Part 10","SECURITY PRINCIPLE","L5231; L5235","Exact heading, taxonomy, Phase 0 mapping, acceptance criterion, and evidence rule corrected."
"REQ-096.19","REQ-200.05","Retained and re-anchored","Part 10","SECURITY PRINCIPLE","L5231; L5239","Exact heading, taxonomy, Phase 0 mapping, acceptance criterion, and evidence rule corrected."
"REQ-096.21","REQ-200.06","Retained and re-anchored","Part 10","SECURITY PRINCIPLE","L5231; L5243","Exact heading, taxonomy, Phase 0 mapping, acceptance criterion, and evidence rule corrected."
"REQ-096.16","REQ-200.07","Retained and re-anchored","Part 10","SECURITY PRINCIPLE","L5231; L5233","Exact heading, taxonomy, Phase 0 mapping, acceptance criterion, and evidence rule corrected."
"REQ-097.01","REQ-201.01","Retained and re-anchored","Part 10","AI SELF-REVIEW RULE","L5247–L5249","Exact heading, taxonomy, Phase 0 mapping, acceptance criterion, and evidence rule corrected."
"REQ-097.08","REQ-201.02","Retained and re-anchored","Part 10","AI SELF-REVIEW RULE","L5251; L5265","Exact heading, taxonomy, Phase 0 mapping, acceptance criterion, and evidence rule corrected."
"REQ-097.06","REQ-201.03","Retained and re-anchored","Part 10","AI SELF-REVIEW RULE","L5251; L5261","Exact heading, taxonomy, Phase 0 mapping, acceptance criterion, and evidence rule corrected."
"REQ-097.07","REQ-201.04","Retained and re-anchored","Part 10","AI SELF-REVIEW RULE","L5251; L5263","Exact heading, taxonomy, Phase 0 mapping, acceptance criterion, and evidence rule corrected."
"REQ-097.04","REQ-201.05","Retained and re-anchored","Part 10","AI SELF-REVIEW RULE","L5251; L5257","Exact heading, taxonomy, Phase 0 mapping, acceptance criterion, and evidence rule corrected."
"REQ-097.02","REQ-201.06","Retained and re-anchored","Part 10","AI SELF-REVIEW RULE","L5251; L5253","Exact heading, taxonomy, Phase 0 mapping, acceptance criterion, and evidence rule corrected."
"REQ-097.03","REQ-201.07","Retained and re-anchored","Part 10","AI SELF-REVIEW RULE","L5251; L5255","Exact heading, taxonomy, Phase 0 mapping, acceptance criterion, and evidence rule corrected."
"REQ-097.05","REQ-201.08","Retained and re-anchored","Part 10","AI SELF-REVIEW RULE","L5251; L5259","Exact heading, taxonomy, Phase 0 mapping, acceptance criterion, and evidence rule corrected."
"REQ-097.09","REQ-201.09","Retained and re-anchored","Part 10","AI SELF-REVIEW RULE","L5267","Exact heading, taxonomy, Phase 0 mapping, acceptance criterion, and evidence rule corrected."
"REQ-097.15","REQ-202.01","Retained and re-anchored","Part 10","COMMUNICATION STYLE","L5273; L5285","Exact heading, taxonomy, Phase 0 mapping, acceptance criterion, and evidence rule corrected."
"REQ-097.12","REQ-202.02","Retained and re-anchored","Part 10","COMMUNICATION STYLE","L5273; L5279","Exact heading, taxonomy, Phase 0 mapping, acceptance criterion, and evidence rule corrected."
"REQ-097.13","REQ-202.03","Retained and re-anchored","Part 10","COMMUNICATION STYLE","L5273; L5281","Exact heading, taxonomy, Phase 0 mapping, acceptance criterion, and evidence rule corrected."
"REQ-097.11","REQ-202.04","Retained and re-anchored","Part 10","COMMUNICATION STYLE","L5273; L5277","Exact heading, taxonomy, Phase 0 mapping, acceptance criterion, and evidence rule corrected."
"REQ-097.10","REQ-202.05","Retained and re-anchored","Part 10","COMMUNICATION STYLE","L5273; L5275","Exact heading, taxonomy, Phase 0 mapping, acceptance criterion, and evidence rule corrected."
"REQ-097.14","REQ-202.06","Retained and re-anchored","Part 10","COMMUNICATION STYLE","L5273; L5283","Exact heading, taxonomy, Phase 0 mapping, acceptance criterion, and evidence rule corrected."
"REQ-097.16","REQ-202.07","Retained and re-anchored","Part 10","COMMUNICATION STYLE","L5287–L5289","Exact heading, taxonomy, Phase 0 mapping, acceptance criterion, and evidence rule corrected."
"REQ-097.20","REQ-203.01","Retained and re-anchored","Part 10","FINAL PROJECT VISION","L5295; L5303","Exact heading, taxonomy, Phase 0 mapping, acceptance criterion, and evidence rule corrected."
"REQ-097.19","REQ-203.02","Retained and re-anchored","Part 10","FINAL PROJECT VISION","L5295; L5301","Exact heading, taxonomy, Phase 0 mapping, acceptance criterion, and evidence rule corrected."
"REQ-097.18","REQ-203.03","Retained and re-anchored","Part 10","FINAL PROJECT VISION","L5295; L5299","Exact heading, taxonomy, Phase 0 mapping, acceptance criterion, and evidence rule corrected."
"REQ-097.17","REQ-203.04","Retained and re-anchored","Part 10","FINAL PROJECT VISION","L5295; L5297","Exact heading, taxonomy, Phase 0 mapping, acceptance criterion, and evidence rule corrected."
"REQ-097.21","REQ-203.05","Retained and re-anchored","Part 10","FINAL PROJECT VISION","L5295; L5305","Exact heading, taxonomy, Phase 0 mapping, acceptance criterion, and evidence rule corrected."
"REQ-097.22","REQ-203.06","Retained and re-anchored","Part 10","FINAL PROJECT VISION","L5307","Exact heading, taxonomy, Phase 0 mapping, acceptance criterion, and evidence rule corrected."
"REQ-097.23","REQ-204.01","Retained and re-anchored","Part 10","FINAL COMMAND TO AI","L5311–L5325","Exact heading, taxonomy, Phase 0 mapping, acceptance criterion, and evidence rule corrected."
"REQ-097.24","REQ-204.02","Retained and re-anchored","Part 10","FINAL COMMAND TO AI","L5327–L5329","Exact heading, taxonomy, Phase 0 mapping, acceptance criterion, and evidence rule corrected."
